DATE,MODE**,PARTICULARS,DEPOSITS,WITHDRAWALS,BALANCE
01-01-2023,SALARY,NEFT-495598936778-TECHNOVA SOLUTIONS-SALARY-628984-HDFC0553124,78500.0,,242375.0
02-01-2023,UPI,UPI/261185671933/UPI/mohandas225@ybl/State Bank Of I/,,5200.0,237175.0
03-01-2023,BILL,BIL/INFT/228948400058/BOOKMYSHOW/PAYMENT,,7800.0,229375.0
04-01-2023,NEFT,NEFT DR-HDFC0272868-KAVYA REDDY-978432173472-RENT,,22000.0,207375.0
04-01-2023,OTHER ATMS,NFS/77963809/CASH WDL/04-01-23,,850.0,206525.0
05-01-2023,DEBIT CARD,VPS/OLA/186173517985/HSR LAYOUT,,310.0,206215.0
05-01-2023,MOBILE BANKING,MMT/IMPS/210018475208/ADITYA KUMAR/HDFC BANK LTD,500.0,,206715.0
07-01-2023,BILL,BIL/INFT/783773143568/IRCTC/PAYMENT,,120.0,206595.0
07-01-2023,BILL,BIL/INFT/626245965705/JIO/PAYMENT,,850.0,205745.0
08-01-2023,MOBILE BANKING,MMT/IMPS/627028995610/MOHAN DAS/HDFC BANK LTD,24000.0,,229745.0
08-01-2023,BILL,BIL/INFT/657810231028/OLA/PAYMENT,,449.0,229296.0
09-01-2023,UPI,UPI/697496229166/UPI/vikramnair630@okhdfcbank/State Bank Of I/,,699.0,228597.0
09-01-2023,OTHER ATMS,NFS/64829932/CASH WDL/09-01-23,,999.0,227598.0
09-01-2023,UPI,UPI/918045908772/UPI/priyanair811@paytm/State Bank Of I/,,2380.0,225218.0
10-01-2023,OTHER ATMS,NFS/90752830/CASH WDL/10-01-23,,7800.0,217418.0
11-01-2023,MOBILE BANKING,MMT/IMPS/566471224797/DEEPAK JOSHI/HDFC BANK LTD,11200.0,,228618.0
11-01-2023,NEFT,NEFT-783906173285-SOUTHERN RETAILS-REIMB-628984-HDFC0513531,24000.0,,252618.0
13-01-2023,OTHER ATMS,NFS/73933380/CASH WDL/13-01-23,,120.0,252498.0
13-01-2023,OTHER ATMS,NFS/33497818/CASH WDL/13-01-23,,5200.0,247298.0
13-01-2023,UPI,UPI/367765411103/UPI/sunilshett734@ybl/State Bank Of I/,,1250.0,246048.0
13-01-2023,OTHER ATMS,NFS/27593389/CASH WDL/13-01-23,,3499.0,242549.0
14-01-2023,OTHER ATMS,NFS/46925883/CASH WDL/14-01-23,,449.0,242100.0
14-01-2023,UPI,UPI/458595171571/UPI/rohitsharm830@okhdfcbank/State Bank Of I/,,249.0,241851.0
15-01-2023,MOBILE BANKING,MMT/IMPS/037660494669/MOHAN DAS/HDFC BANK LTD,1200.0,,243051.0
15-01-2023,MOBILE BANKING,MMT/IMPS/845931405201/RAMESH GOWDA/HDFC BANK LTD,2500.0,,245551.0
16-01-2023,BILL,BIL/INFT/012146197998/BESCOM/PAYMENT,,449.0,245102.0
16-01-2023,DEBIT CARD,VPS/DMART/002703065303/BTM LAYOUT,,2380.0,242722.0
16-01-2023,UPI,UPI/352227305858/UPI/poojasharm250@okaxis/State Bank Of I/,,5200.0,237522.0
17-01-2023,MOBILE BANKING,MMT/IMPS/915233999148/NAVEEN KUMAR/HDFC BANK LTD,18500.0,,256022.0
18-01-2023,UPI,UPI/679193239279/UPI/meerapilla950@okaxis/State Bank Of I/,,999.0,255023.0
19-01-2023,OTHER ATMS,NFS/38654871/CASH WDL/19-01-23,,999.0,254024.0
19-01-2023,BILL,BIL/INFT/922185143701/JIO/PAYMENT,,120.0,253904.0
20-01-2023,BILL,BIL/INFT/328766563288/IOCL/PAYMENT,,249.0,253655.0
20-01-2023,OTHER ATMS,NFS/99628864/CASH WDL/20-01-23,,2380.0,251275.0
21-01-2023,OTHER ATMS,NFS/41723785/CASH WDL/21-01-23,,79.0,251196.0
23-01-2023,UPI,UPI/475475224395/UPI/mohandas670@okhdfcbank/State Bank Of I/,,1680.0,249516.0
23-01-2023,UPI,UPI/402130148988/UPI/anjalirao932@ybl/State Bank Of I/,,699.0,248817.0
25-01-2023,OTHER ATMS,NFS/10788932/CASH WDL/25-01-23,,449.0,248368.0
26-01-2023,BILL,BIL/INFT/946146739211/BOOKMYSHOW/PAYMENT,,2380.0,245988.0
26-01-2023,BILL,BIL/INFT/482373436374/FLIPKART/PAYMENT,,249.0,245739.0
26-01-2023,UPI,UPI/139430120194/UPI/santoshiye387@okaxis/State Bank Of I/,,310.0,245429.0
27-01-2023,DEBIT CARD,VPS/MEDPLUS/246035438206/SECUNDERABAD,,79.0,245350.0
28-01-2023,UPI,UPI/467484065029/UPI/vinaypatil765@ybl/State Bank Of I/,,49.0,245301.0
29-01-2023,UPI,UPI/380659028162/UPI/tarageorge488@okaxis/State Bank Of I/,,1250.0,244051.0
01-02-2023,DEBIT CARD,VPS/HPCL/029568488592/MARATHAHALLI,,120.0,243931.0
01-02-2023,UPI,UPI/916624887206/UPI/sunilshett15@okhdfcbank/State Bank Of I/,,79.0,243852.0
03-02-2023,SALARY,NEFT-917961106565-TECHNOVA SOLUTIONS-SALARY-628984-HDFC0621031,78000.0,,321852.0
03-02-2023,BILL,BIL/INFT/837381432026/DMART/PAYMENT,,79.0,321773.0
05-02-2023,BILL,BIL/INFT/936084140299/FLIPKART/PAYMENT,,699.0,321074.0
05-02-2023,BILL,BIL/INFT/892694845937/DMART/PAYMENT,,3499.0,317575.0
06-02-2023,BILL,BIL/INFT/273937103621/FLIPKART/PAYMENT,,5200.0,312375.0
06-02-2023,UPI,UPI/867140823271/UPI/smitharao422@paytm/State Bank Of I/,,999.0,311376.0
07-02-2023,NEFT,NEFT DR-HDFC0208862-KIRAN REDDY-641285371778-RENT,,26500.0,284876.0
07-02-2023,BILL,BIL/INFT/827875993567/PVR CINEMAS/PAYMENT,,1680.0,283196.0
08-02-2023,UPI,UPI/881821043205/UPI/meerapilla94@okaxis/State Bank Of I/,,699.0,282497.0
09-02-2023,UPI,UPI/782426563525/UPI/smitharao612@oksbi/State Bank Of I/,,5200.0,277297.0
12-02-2023,OTHER ATMS,NFS/81619985/CASH WDL/12-02-23,,249.0,277048.0
12-02-2023,BILL,BIL/INFT/930061443471/IOCL/PAYMENT,,2380.0,274668.0
13-02-2023,OTHER ATMS,NFS/71921930/CASH WDL/13-02-23,,249.0,274419.0
14-02-2023,UPI,UPI/747861610044/UPI/rohitsharm645@oksbi/State Bank Of I/,,7800.0,266619.0
15-02-2023,BILL,BIL/INFT/465195439260/IOCL/PAYMENT,,2380.0,264239.0
15-02-2023,OTHER ATMS,NFS/93972672/CASH WDL/15-02-23,,449.0,263790.0
15-02-2023,UPI,UPI/722489700140/UPI/reshmakhan50@okaxis/State Bank Of I/,,249.0,263541.0
15-02-2023,UPI,UPI/117074955390/UPI/reshmakhan472@okaxis/State Bank Of I/,,120.0,263421.0
16-02-2023,DEBIT CARD,VPS/MEDPLUS/621609246969/KORAMANGALA,,3499.0,259922.0
17-02-2023,UPI,UPI/015989438508/UPI/santoshiye547@okhdfcbank/State Bank Of I/,,2380.0,257542.0
17-02-2023,OTHER ATMS,NFS/19040582/CASH WDL/17-02-23,,2380.0,255162.0
18-02-2023,DEBIT CARD,VPS/OLA/037380118327/BANJARA HILLS,,999.0,254163.0
18-02-2023,OTHER ATMS,NFS/84249383/CASH WDL/18-02-23,,249.0,253914.0
18-02-2023,DEBIT CARD,VPS/BOOKMYSHOW/396285245907/KORAMANGALA,,2380.0,251534.0
19-02-2023,DEBIT CARD,VPS/APOLLO PHA/260329974008/KUKATPALLY,,449.0,251085.0
20-02-2023,OTHER ATMS,NFS/12687421/CASH WDL/20-02-23,,1250.0,249835.0
21-02-2023,DEBIT CARD,VPS/IRCTC/405839130920/MANGALURU,,310.0,249525.0
21-02-2023,DEBIT CARD,VPS/AIRTEL/868524589709/SECUNDERABAD,,2380.0,247145.0
23-02-2023,DEBIT CARD,VPS/DMART/250048888213/KUKATPALLY,,249.0,246896.0
23-02-2023,BILL,BIL/INFT/403273999847/JIO/PAYMENT,,5200.0,241696.0
23-02-2023,OTHER ATMS,NFS/40967611/CASH WDL/23-02-23,,449.0,241247.0
24-02-2023,UPI,UPI/780086663105/UPI/divyamenon973@okaxis/State Bank Of I/,,5200.0,236047.0
24-02-2023,BILL,BIL/INFT/069247636755/DMART/PAYMENT,,1250.0,234797.0
26-02-2023,DEBIT CARD,VPS/RELIANCE F/522718972893/SECUNDERABAD,,449.0,234348.0
26-02-2023,MOBILE BANKING,MMT/IMPS/094941513575/POOJA SHARMA/HDFC BANK LTD,1200.0,,235548.0
26-02-2023,UPI,UPI/154304768752/UPI/rajeshverm751@paytm/State Bank Of I/,,999.0,234549.0
26-02-2023,OTHER ATMS,NFS/89397282/CASH WDL/26-02-23,,1680.0,232869.0
27-02-2023,OTHER ATMS,NFS/06501575/CASH WDL/27-02-23,,249.0,232620.0
27-02-2023,OTHER ATMS,NFS/57947772/CASH WDL/27-02-23,,3499.0,229121.0
28-02-2023,OTHER ATMS,NFS/93502232/CASH WDL/28-02-23,,3499.0,225622.0
01-03-2023,SALARY,NEFT-856194508577-TECHNOVA SOLUTIONS-SALARY-628984-HDFC0507699,78500.0,,304122.0
02-03-2023,MOBILE BANKING,MMT/IMPS/795967944525/SHAHID KHAN/HDFC BANK LTD,850.0,,304972.0
02-03-2023,UPI,UPI/695272531856/UPI/sunilshett328@paytm/State Bank Of I/,,249.0,304723.0
02-03-2023,OTHER ATMS,NFS/61477102/CASH WDL/02-03-23,,49.0,304674.0
02-03-2023,BILL,BIL/INFT/372285946282/IRCTC/PAYMENT,,449.0,304225.0
03-03-2023,MOBILE BANKING,MMT/IMPS/787169676624/GANESH KUMAR/HDFC BANK LTD,500.0,,304725.0
05-03-2023,OTHER ATMS,NFS/42218527/CASH WDL/05-03-23,,2380.0,302345.0
06-03-2023,BILL,BIL/INFT/640911028089/DMART/PAYMENT,,1250.0,301095.0
06-03-2023,NEFT,NEFT DR-HDFC0256905-HARISH MENON-626118796831-RENT,,18000.0,283095.0
06-03-2023,DEBIT CARD,VPS/APOLLO PHA/729478116845/MANGALURU,,120.0,282975.0
07-03-2023,BILL,BIL/INFT/872616982767/AMAZON/PAYMENT,,120.0,282855.0
09-03-2023,DEBIT CARD,VPS/IRCTC/468250626502/BTM LAYOUT,,120.0,282735.0
09-03-2023,UPI,UPI/524257873565/UPI/kavyareddy373@okaxis/State Bank Of I/,,120.0,282615.0
10-03-2023,OTHER ATMS,NFS/77033451/CASH WDL/10-03-23,,449.0,282166.0
11-03-2023,BILL,BIL/INFT/875241658390/PVR CINEMAS/PAYMENT,,850.0,281316.0
11-03-2023,DEBIT CARD,VPS/APOLLO PHA/843897999074/BANJARA HILLS,,1250.0,280066.0
12-03-2023,DEBIT CARD,VPS/BESCOM/924915903922/MARATHAHALLI,,5200.0,274866.0
12-03-2023,MOBILE BANKING,MMT/IMPS/612291510648/REKHA PILLAI/HDFC BANK LTD,500.0,,275366.0
13-03-2023,UPI,UPI/049112209948/UPI/reshmakhan701@okhdfcbank/State Bank Of I/,,449.0,274917.0
13-03-2023,MOBILE BANKING,MMT/IMPS/408524030617/GOPAL VERMA/HDFC BANK LTD,7500.0,,282417.0
14-03-2023,MOBILE BANKING,MMT/IMPS/805424885102/ROHIT SHARMA/HDFC BANK LTD,24000.0,,306417.0
14-03-2023,MOBILE BANKING,MMT/IMPS/912349048627/FARHAN KHAN/HDFC BANK LTD,18500.0,,324917.0
14-03-2023,MOBILE BANKING,MMT/IMPS/677035299379/GOPAL VERMA/HDFC BANK LTD,24000.0,,348917.0
16-03-2023,BILL,BIL/INFT/721621019256/BPCL/PAYMENT,,1680.0,347237.0
16-03-2023,OTHER ATMS,NFS/62937033/CASH WDL/16-03-23,,2380.0,344857.0
16-03-2023,DEBIT CARD,VPS/JIO/568482362069/WHITEFIELD,,999.0,343858.0
17-03-2023,DEBIT CARD,VPS/APOLLO PHA/230201957287/BANJARA HILLS,,449.0,343409.0
18-03-2023,UPI,UPI/807480692104/UPI/naveenkuma522@okhdfcbank/State Bank Of I/,,310.0,343099.0
19-03-2023,OTHER ATMS,NFS/59772785/CASH WDL/19-03-23,,699.0,342400.0
19-03-2023,MOBILE BANKING,MMT/IMPS/661366152768/POOJA SHARMA/HDFC BANK LTD,500.0,,342900.0
20-03-2023,MOBILE BANKING,MMT/IMPS/312195908251/AYESHA KHAN/HDFC BANK LTD,4800.0,,347700.0
20-03-2023,OTHER ATMS,NFS/58449101/CASH WDL/20-03-23,,79.0,347621.0
21-03-2023,UPI,UPI/931059028302/UPI/anjalirao569@ybl/State Bank Of I/,,7800.0,339821.0
21-03-2023,BILL,BIL/INFT/058074482755/ZOMATO/PAYMENT,,49.0,339772.0
21-03-2023,BILL,BIL/INFT/262872042537/PVR CINEMAS/PAYMENT,,999.0,338773.0
21-03-2023,UPI,UPI/619529981595/UPI/mohandas584@ybl/State Bank Of I/,,310.0,338463.0
22-03-2023,OTHER ATMS,NFS/67618816/CASH WDL/22-03-23,,120.0,338343.0
22-03-2023,MOBILE BANKING,MMT/IMPS/902856538192/LATHA MURTHY/HDFC BANK LTD,500.0,,338843.0
22-03-2023,DEBIT CARD,VPS/PVR CINEMA/039185224919/HYDERABAD,,310.0,338533.0
23-03-2023,BILL,BIL/INFT/723438062139/AIRTEL/PAYMENT,,120.0,338413.0
23-03-2023,OTHER ATMS,NFS/26421988/CASH WDL/23-03-23,,249.0,338164.0
24-03-2023,OTHER ATMS,NFS/86243949/CASH WDL/24-03-23,,79.0,338085.0
24-03-2023,UPI,UPI/052901314280/UPI/anjalirao347@okhdfcbank/State Bank Of I/,,5200.0,332885.0
25-03-2023,INTEREST,CREDIT INTEREST CAPITALISED,38.29,,332923.29
25-03-2023,CHARGES,GST ON BANK CHARGES,,17.7,332905.59
25-03-2023,DEBIT CARD,VPS/FLIPKART/891624734453/BANJARA HILLS,,999.0,331906.59
25-03-2023,UPI,UPI/450541955327/UPI/vinaypatil700@ybl/State Bank Of I/,,850.0,331056.59
26-03-2023,DEBIT CARD,VPS/FLIPKART/854348237378/BANJARA HILLS,,699.0,330357.59
27-03-2023,BILL,BIL/INFT/409516341460/AMAZON/PAYMENT,,449.0,329908.59
28-03-2023,DEBIT CARD,VPS/MEDPLUS/750599365796/BTM LAYOUT,,3499.0,326409.59
29-03-2023,UPI,UPI/675063602682/UPI/vinaypatil362@okaxis/State Bank Of I/,,449.0,325960.59
31-03-2023,DEBIT CARD,VPS/OLA/942471120579/HSR LAYOUT,,49.0,325911.59
01-04-2023,SALARY,NEFT-661407204079-TECHNOVA SOLUTIONS-SALARY-628984-HDFC0348241,78500.0,,404411.59
01-04-2023,UPI,UPI/398495572690/UPI/rahulsingh669@ybl/State Bank Of I/,,5200.0,399211.59
01-04-2023,UPI,UPI/637417389566/UPI/harishmeno53@okaxis/State Bank Of I/,,120.0,399091.59
01-04-2023,MOBILE BANKING,MMT/IMPS/318204589074/KAVITHA RAO/HDFC BANK LTD,1200.0,,400291.59
01-04-2023,MOBILE BANKING,MMT/IMPS/333357252799/TARA SINGH/HDFC BANK LTD,850.0,,401141.59
03-04-2023,OTHER ATMS,NFS/81928190/CASH WDL/03-04-23,,999.0,400142.59
04-04-2023,MOBILE BANKING,MMT/IMPS/769723787539/GEETA DEVI/HDFC BANK LTD,850.0,,400992.59
04-04-2023,OTHER ATMS,NFS/72790742/CASH WDL/04-04-23,,999.0,399993.59
05-04-2023,DEBIT CARD,VPS/SWIGGY/872595368463/WHITEFIELD,,3499.0,396494.59
05-04-2023,DEBIT CARD,VPS/AIRTEL/680829567329/HYDERABAD,,1680.0,394814.59
05-04-2023,NEFT,NEFT DR-HDFC0032994-SUNIL SHETTY-126464721995-RENT,,31000.0,363814.59
06-04-2023,MOBILE BANKING,MMT/IMPS/211507626490/SURESH BABU/HDFC BANK LTD,1200.0,,365014.59
07-04-2023,BILL,BIL/INFT/581990150390/IOCL/PAYMENT,,2380.0,362634.59
08-04-2023,BILL,BIL/INFT/307176182887/SWIGGY/PAYMENT,,310.0,362324.59
08-04-2023,OTHER ATMS,NFS/37583045/CASH WDL/08-04-23,,2380.0,359944.59
09-04-2023,MOBILE BANKING,MMT/IMPS/391438652912/POOJA SHARMA/HDFC BANK LTD,850.0,,360794.59
10-04-2023,MOBILE BANKING,MMT/IMPS/621871554501/RESHMA KHAN/HDFC BANK LTD,500.0,,361294.59
12-04-2023,OTHER ATMS,NFS/96004890/CASH WDL/12-04-23,,79.0,361215.59
13-04-2023,BILL,BIL/INFT/061459826622/DMART/PAYMENT,,1250.0,359965.59
13-04-2023,DEBIT CARD,VPS/AIRTEL/881689375107/MUMBAI,,850.0,359115.59
13-04-2023,BILL,BIL/INFT/482264006899/IOCL/PAYMENT,,1680.0,357435.59
13-04-2023,MOBILE BANKING,MMT/IMPS/978123440108/PRIYA NAIR/HDFC BANK LTD,1200.0,,358635.59
14-04-2023,MOBILE BANKING,MMT/IMPS/007859247583/PREETHI IYER/HDFC BANK LTD,18500.0,,377135.59
14-04-2023,MOBILE BANKING,MMT/IMPS/289953014408/MALLIKA DAS/HDFC BANK LTD,24000.0,,401135.59
14-04-2023,BILL,BIL/INFT/590248062066/HPCL/PAYMENT,,1250.0,399885.59
14-04-2023,MOBILE BANKING,MMT/IMPS/133443965379/SUNIL YADAV/HDFC BANK LTD,4800.0,,404685.59
14-04-2023,OTHER ATMS,NFS/87501710/CASH WDL/14-04-23,,1250.0,403435.59
15-04-2023,DEBIT CARD,VPS/MEDPLUS/357180268655/HYDERABAD,,310.0,403125.59
15-04-2023,DEBIT CARD,VPS/BPCL/574724629750/MUMBAI,,120.0,403005.59
18-04-2023,UPI,UPI/051838990019/UPI/vikramnair553@ybl/State Bank Of I/,,120.0,402885.59
18-04-2023,BILL,BIL/INFT/311434076670/HPCL/PAYMENT,,850.0,402035.59
18-04-2023,UPI,UPI/284567608756/UPI/arjunmehta474@ybl/State Bank Of I/,,1250.0,400785.59
19-04-2023,UPI,UPI/138285896482/UPI/meerapilla765@okaxis/State Bank Of I/,,79.0,400706.59
21-04-2023,BILL,BIL/INFT/769340838628/IRCTC/PAYMENT,,310.0,400396.59
21-04-2023,BILL,BIL/INFT/087894785673/BPCL/PAYMENT,,3499.0,396897.59
22-04-2023,UPI,UPI/852444738837/UPI/rahulsingh645@okhdfcbank/State Bank Of I/,,999.0,395898.59
22-04-2023,BILL,BIL/INFT/991800921485/AIRTEL/PAYMENT,,49.0,395849.59
23-04-2023,DEBIT CARD,VPS/DMART/384765715250/KUKATPALLY,,999.0,394850.59
25-04-2023,DEBIT CARD,VPS/OLA/391228566245/MYSURU,,5200.0,389650.59
26-04-2023,BILL,BIL/INFT/220028437317/IOCL/PAYMENT,,49.0,389601.59
27-04-2023,OTHER ATMS,NFS/69371398/CASH WDL/27-04-23,,49.0,389552.59
27-04-2023,MOBILE BANKING,MMT/IMPS/506318883824/ANAND KUMAR/HDFC BANK LTD,1200.0,,390752.59
27-04-2023,UPI,UPI/410296771311/UPI/arjunmehta136@okaxis/State Bank Of I/,,79.0,390673.59
28-04-2023,MOBILE BANKING,MMT/IMPS/393745253591/IMRAN KHAN/HDFC BANK LTD,850.0,,391523.59
28-04-2023,MOBILE BANKING,MMT/IMPS/837422388103/RAMESH GOWDA/HDFC BANK LTD,11200.0,,402723.59
29-04-2023,MOBILE BANKING,MMT/IMPS/816903456458/PRIYA NAIR/HDFC BANK LTD,500.0,,403223.59
29-04-2023,UPI,UPI/227108325489/UPI/ayeshakhan719@paytm/State Bank Of I/,,850.0,402373.59
30-04-2023,OTHER ATMS,NFS/11957618/CASH WDL/30-04-23,,120.0,402253.59
01-05-2023,BILL,BIL/INFT/947319744927/AIRTEL/PAYMENT,,7800.0,394453.59
01-05-2023,BILL,BIL/INFT/983981537563/AMAZON/PAYMENT,,120.0,394333.59
01-05-2023,SALARY,NEFT-635516976418-TECHNOVA SOLUTIONS-SALARY-628984-HDFC0484626,78500.0,,472833.59
03-05-2023,UPI,UPI/043584265018/UPI/farhankhan617@paytm/State Bank Of I/,,5200.0,467633.59
03-05-2023,DEBIT CARD,VPS/PVR CINEMA/588935595591/JAYANAGAR,,79.0,467554.59
03-05-2023,DEBIT CARD,VPS/DMART/812920469212/INDIRANAGAR,,850.0,466704.59
04-05-2023,UPI,UPI/826804726509/UPI/smitharao301@okaxis/State Bank Of I/,,449.0,466255.59
04-05-2023,MOBILE BANKING,MMT/IMPS/277984340082/RANJIT SINGH/HDFC BANK LTD,7500.0,,473755.59
05-05-2023,BILL,BIL/INFT/054590483190/JIO/PAYMENT,,3499.0,470256.59
06-05-2023,NEFT,NEFT DR-HDFC0408048-VINAY PATIL-034103319915-RENT,,31000.0,439256.59
06-05-2023,BILL,BIL/INFT/679054670946/DMART/PAYMENT,,79.0,439177.59
07-05-2023,OTHER ATMS,NFS/40497805/CASH WDL/07-05-23,,999.0,438178.59
08-05-2023,OTHER ATMS,NFS/79841015/CASH WDL/08-05-23,,310.0,437868.59
08-05-2023,DEBIT CARD,VPS/IRCTC/889290955736/INDIRANAGAR,,310.0,437558.59
09-05-2023,OTHER ATMS,NFS/29529423/CASH WDL/09-05-23,,120.0,437438.59
09-05-2023,BILL,BIL/INFT/176012659890/BPCL/PAYMENT,,120.0,437318.59
09-05-2023,UPI,UPI/921326647227/UPI/smitharao344@okhdfcbank/State Bank Of I/,,699.0,436619.59
10-05-2023,MOBILE BANKING,MMT/IMPS/229465974395/SNEHA PATIL/HDFC BANK LTD,4800.0,,441419.59
11-05-2023,DEBIT CARD,VPS/DMART/544709231607/SECUNDERABAD,,7800.0,433619.59
11-05-2023,BILL,BIL/INFT/128075631080/HPCL/PAYMENT,,699.0,432920.59
14-05-2023,OTHER ATMS,NFS/42972668/CASH WDL/14-05-23,,79.0,432841.59
14-05-2023,BILL,BIL/INFT/355872093746/IOCL/PAYMENT,,5200.0,427641.59
15-05-2023,MOBILE BANKING,MMT/IMPS/788926085130/GANESH KUMAR/HDFC BANK LTD,18500.0,,446141.59
16-05-2023,MOBILE BANKING,MMT/IMPS/168889935337/TANVI RAO/HDFC BANK LTD,24000.0,,470141.59
17-05-2023,MOBILE BANKING,MMT/IMPS/793456284526/LAKSHMI VENKAT/HDFC BANK LTD,850.0,,470991.59
17-05-2023,OTHER ATMS,NFS/96666584/CASH WDL/17-05-23,,699.0,470292.59
18-05-2023,BILL,BIL/INFT/862010278656/JIO/PAYMENT,,699.0,469593.59
21-05-2023,OTHER ATMS,NFS/06763024/CASH WDL/21-05-23,,999.0,468594.59
22-05-2023,OTHER ATMS,NFS/17472084/CASH WDL/22-05-23,,310.0,468284.59
22-05-2023,OTHER ATMS,NFS/67456401/CASH WDL/22-05-23,,120.0,468164.59
22-05-2023,NEFT,NEFT-590095530035-SOUTHERN RETAILS-REIMB-628984-HDFC0526883,24000.0,,492164.59
22-05-2023,MOBILE BANKING,MMT/IMPS/258022523291/VIKRAM NAIR/HDFC BANK LTD,11200.0,,503364.59
22-05-2023,UPI,UPI/007171580131/UPI/ayeshakhan183@paytm/State Bank Of I/,,2380.0,500984.59
22-05-2023,OTHER ATMS,NFS/73969044/CASH WDL/22-05-23,,2380.0,498604.59
23-05-2023,BILL,BIL/INFT/130587678062/MEDPLUS/PAYMENT,,999.0,497605.59
23-05-2023,BILL,BIL/INFT/560578142439/AMAZON/PAYMENT,,249.0,497356.59
23-05-2023,DEBIT CARD,VPS/AMAZON/681253871609/KORAMANGALA,,49.0,497307.59
24-05-2023,BILL,BIL/INFT/599468954864/BOOKMYSHOW/PAYMENT,,249.0,497058.59
25-05-2023,MOBILE BANKING,MMT/IMPS/400227900690/FATIMA SHEIKH/HDFC BANK LTD,7500.0,,504558.59
27-05-2023,DEBIT CARD,VPS/DMART/004326577493/MARATHAHALLI,,49.0,504509.59
28-05-2023,OTHER ATMS,NFS/86941383/CASH WDL/28-05-23,,3499.0,501010.59
30-05-2023,OTHER ATMS,NFS/49398428/CASH WDL/30-05-23,,850.0,500160.59
31-05-2023,BILL,BIL/INFT/387062038175/UBER/PAYMENT,,7800.0,492360.59
31-05-2023,DEBIT CARD,VPS/BOOKMYSHOW/457915908782/BANJARA HILLS,,449.0,491911.59
01-06-2023,UPI,UPI/886019864559/UPI/kavyareddy462@ybl/State Bank Of I/,,449.0,491462.59
02-06-2023,SALARY,NEFT-357796495289-TECHNOVA SOLUTIONS-SALARY-628984-HDFC0690021,77250.0,,568712.59
02-06-2023,OTHER ATMS,NFS/45526855/CASH WDL/02-06-23,,999.0,567713.59
04-06-2023,OTHER ATMS,NFS/51147625/CASH WDL/04-06-23,,49.0,567664.59
05-06-2023,DEBIT CARD,VPS/JIO/113921578983/KORAMANGALA,,7800.0,559864.59
06-06-2023,NEFT,NEFT DR-HDFC0729439-KIRAN REDDY-138077049044-RENT,,31000.0,528864.59
06-06-2023,OTHER ATMS,NFS/83131002/CASH WDL/06-06-23,,449.0,528415.59
08-06-2023,OTHER ATMS,NFS/24922110/CASH WDL/08-06-23,,5200.0,523215.59
08-06-2023,UPI,UPI/980955751801/UPI/divyamenon591@okaxis/State Bank Of I/,,1680.0,521535.59
08-06-2023,DEBIT CARD,VPS/BOOKMYSHOW/958034551106/MYSURU,,79.0,521456.59
09-06-2023,BILL,BIL/INFT/326408535271/UBER/PAYMENT,,3499.0,517957.59
09-06-2023,UPI,UPI/349189216631/UPI/anjalirao259@ybl/State Bank Of I/,,120.0,517837.59
11-06-2023,BILL,BIL/INFT/194357705496/AIRTEL/PAYMENT,,999.0,516838.59
11-06-2023,MOBILE BANKING,MMT/IMPS/778521579102/ANITHA KRISHNAN/HDFC BANK LTD,7500.0,,524338.59
12-06-2023,BILL,BIL/INFT/780320062809/PVR CINEMAS/PAYMENT,,7800.0,516538.59
12-06-2023,MOBILE BANKING,MMT/IMPS/117364370893/ADITYA KUMAR/HDFC BANK LTD,2500.0,,519038.59
14-06-2023,OTHER ATMS,NFS/03767982/CASH WDL/14-06-23,,249.0,518789.59
15-06-2023,BILL,BIL/INFT/989519895169/IRCTC/PAYMENT,,3499.0,515290.59
15-06-2023,UPI,UPI/658362910470/UPI/meerapilla238@paytm/State Bank Of I/,,2380.0,512910.59
15-06-2023,OTHER ATMS,NFS/22788236/CASH WDL/15-06-23,,2380.0,510530.59
16-06-2023,MOBILE BANKING,MMT/IMPS/367037797727/ARCHANA PILLAI/HDFC BANK LTD,4800.0,,515330.59
17-06-2023,UPI,UPI/808928427707/UPI/tarageorge979@okaxis/State Bank Of I/,,49.0,515281.59
17-06-2023,UPI,UPI/658665246858/UPI/tarageorge726@okhdfcbank/State Bank Of I/,,449.0,514832.59
17-06-2023,UPI,UPI/255091516897/UPI/sunilshett334@oksbi/State Bank Of I/,,249.0,514583.59
18-06-2023,UPI,UPI/285741487198/UPI/mohandas413@paytm/State Bank Of I/,,79.0,514504.59
18-06-2023,BILL,BIL/INFT/131212691415/DMART/PAYMENT,,120.0,514384.59
18-06-2023,OTHER ATMS,NFS/26382831/CASH WDL/18-06-23,,1680.0,512704.59
19-06-2023,MOBILE BANKING,MMT/IMPS/592761417904/MOHAMMED IRFAN/HDFC BANK LTD,11200.0,,523904.59
19-06-2023,NEFT,NEFT-981757699089-SOUTHERN RETAILS-REIMB-628984-HDFC0938290,12000.0,,535904.59
21-06-2023,OTHER ATMS,NFS/20793071/CASH WDL/21-06-23,,449.0,535455.59
21-06-2023,MOBILE BANKING,MMT/IMPS/407795112093/RAMESH GOWDA/HDFC BANK LTD,1200.0,,536655.59
22-06-2023,UPI,UPI/442205322993/UPI/tarageorge32@okaxis/State Bank Of I/,,3499.0,533156.59
23-06-2023,MOBILE BANKING,MMT/IMPS/422156955653/SUNITA DEVI/HDFC BANK LTD,850.0,,534006.59
23-06-2023,MOBILE BANKING,MMT/IMPS/593132550233/VIKRAM NAIR/HDFC BANK LTD,18500.0,,552506.59
23-06-2023,MOBILE BANKING,MMT/IMPS/315131191839/NAVEEN KUMAR/HDFC BANK LTD,7500.0,,560006.59
24-06-2023,UPI,UPI/610853988343/UPI/priyanair379@oksbi/State Bank Of I/,,5200.0,554806.59
25-06-2023,OTHER ATMS,NFS/59034226/CASH WDL/25-06-23,,310.0,554496.59
25-06-2023,INTEREST,CREDIT INTEREST CAPITALISED,64.66,,554561.25
25-06-2023,CHARGES,GST ON BANK CHARGES,,17.7,554543.55
25-06-2023,MOBILE BANKING,MMT/IMPS/517628636229/VENKAT RAO/HDFC BANK LTD,4800.0,,559343.55
28-06-2023,UPI,UPI/724731137542/UPI/harishmeno739@okaxis/State Bank Of I/,,120.0,559223.55
28-06-2023,OTHER ATMS,NFS/79266634/CASH WDL/28-06-23,,2380.0,556843.55
28-06-2023,BILL,BIL/INFT/911096608282/DMART/PAYMENT,,999.0,555844.55
29-06-2023,OTHER ATMS,NFS/88719193/CASH WDL/29-06-23,,1250.0,554594.55
29-06-2023,BILL,BIL/INFT/422150483718/AMAZON/PAYMENT,,310.0,554284.55
30-06-2023,BILL,BIL/INFT/305895619687/HPCL/PAYMENT,,120.0,554164.55
01-07-2023,OTHER ATMS,NFS/79937854/CASH WDL/01-07-23,,449.0,553715.55
01-07-2023,DEBIT CARD,VPS/OLA/318544660732/MANGALURU,,2380.0,551335.55
01-07-2023,DEBIT CARD,VPS/MEDPLUS/996590255747/MYSURU,,449.0,550886.55
02-07-2023,MOBILE BANKING,MMT/IMPS/068669953693/TARA SINGH/HDFC BANK LTD,1200.0,,552086.55
02-07-2023,BILL,BIL/INFT/150643816156/AIRTEL/PAYMENT,,49.0,552037.55
02-07-2023,OTHER ATMS,NFS/53285771/CASH WDL/02-07-23,,850.0,551187.55
03-07-2023,MOBILE BANKING,MMT/IMPS/066091450596/KAVERI MENON/HDFC BANK LTD,24000.0,,575187.55
03-07-2023,SALARY,NEFT-007175405869-TECHNOVA SOLUTIONS-SALARY-628984-HDFC0689230,77250.0,,652437.55
03-07-2023,NEFT,NEFT DR-HDFC0150991-SMITHA RAO-364974182512-RENT,,22000.0,630437.55
03-07-2023,OTHER ATMS,NFS/34903968/CASH WDL/03-07-23,,249.0,630188.55
04-07-2023,MOBILE BANKING,MMT/IMPS/609381113571/KIRAN REDDY/HDFC BANK LTD,2500.0,,632688.55
04-07-2023,BILL,BIL/INFT/865753184656/DMART/PAYMENT,,2380.0,630308.55
04-07-2023,MOBILE BANKING,MMT/IMPS/372649596578/PRIYA NAIR/HDFC BANK LTD,500.0,,630808.55
04-07-2023,BILL,BIL/INFT/657841029556/HPCL/PAYMENT,,999.0,629809.55
04-07-2023,BILL,BIL/INFT/519537089946/APOLLO PHARMACY/PAYMENT,,1680.0,628129.55
06-07-2023,MOBILE BANKING,MMT/IMPS/882362689729/ANAND KUMAR/HDFC BANK LTD,24000.0,,652129.55
06-07-2023,UPI,UPI/863089865306/UPI/reshmakhan123@oksbi/State Bank Of I/,,449.0,651680.55
06-07-2023,BILL,BIL/INFT/860119659792/APOLLO PHARMACY/PAYMENT,,249.0,651431.55
07-07-2023,BILL,BIL/INFT/926188157891/PVR CINEMAS/PAYMENT,,1680.0,649751.55
07-07-2023,MOBILE BANKING,MMT/IMPS/886279777539/IMRAN KHAN/HDFC BANK LTD,24000.0,,673751.55
08-07-2023,DEBIT CARD,VPS/AMAZON/935000857027/BTM LAYOUT,,310.0,673441.55
09-07-2023,UPI,UPI/647784038447/UPI/kiranreddy615@oksbi/State Bank Of I/,,79.0,673362.55
10-07-2023,BILL,BIL/INFT/423136986886/ZOMATO/PAYMENT,,850.0,672512.55
11-07-2023,UPI,UPI/564739609674/UPI/priyanair739@okhdfcbank/State Bank Of I/,,120.0,672392.55
12-07-2023,BILL,BIL/INFT/164978087825/APOLLO PHARMACY/PAYMENT,,1250.0,671142.55
12-07-2023,DEBIT CARD,VPS/BPCL/997909652222/PUNE,,310.0,670832.55
12-07-2023,UPI,UPI/938507663728/UPI/rajeshverm841@okhdfcbank/State Bank Of I/,,449.0,670383.55
13-07-2023,DEBIT CARD,VPS/APOLLO PHA/435697727836/MARATHAHALLI,,49.0,670334.55
13-07-2023,BILL,BIL/INFT/705990529547/RELIANCE FRESH/PAYMENT,,79.0,670255.55
13-07-2023,OTHER ATMS,NFS/52975824/CASH WDL/13-07-23,,310.0,669945.55
13-07-2023,BILL,BIL/INFT/815106078754/UBER/PAYMENT,,449.0,669496.55
14-07-2023,BILL,BIL/INFT/795670979007/JIO/PAYMENT,,120.0,669376.55
14-07-2023,BILL,BIL/INFT/117645018601/AMAZON/PAYMENT,,999.0,668377.55
14-07-2023,OTHER ATMS,NFS/86135709/CASH WDL/14-07-23,,310.0,668067.55
14-07-2023,MOBILE BANKING,MMT/IMPS/451122991264/KAVERI MENON/HDFC BANK LTD,11200.0,,679267.55
14-07-2023,MOBILE BANKING,MMT/IMPS/116192441665/FATIMA SHEIKH/HDFC BANK LTD,4800.0,,684067.55
15-07-2023,BILL,BIL/INFT/114753810601/BESCOM/PAYMENT,,2380.0,681687.55
15-07-2023,BILL,BIL/INFT/336376289666/BOOKMYSHOW/PAYMENT,,249.0,681438.55
16-07-2023,UPI,UPI/825635292331/UPI/meerapilla659@ybl/State Bank Of I/,,699.0,680739.55
16-07-2023,DEBIT CARD,VPS/SWIGGY/563470187552/HSR LAYOUT,,120.0,680619.55
19-07-2023,MOBILE BANKING,MMT/IMPS/130816930142/NADIA HUSSAIN/HDFC BANK LTD,850.0,,681469.55
19-07-2023,UPI,UPI/735757997789/UPI/ayeshakhan314@paytm/State Bank Of I/,,1680.0,679789.55
19-07-2023,BILL,BIL/INFT/426089653220/PVR CINEMAS/PAYMENT,,249.0,679540.55
19-07-2023,UPI,UPI/272369207426/UPI/arjunmehta471@okaxis/State Bank Of I/,,7800.0,671740.55
20-07-2023,BILL,BIL/INFT/095891075658/BOOKMYSHOW/PAYMENT,,249.0,671491.55
20-07-2023,BILL,BIL/INFT/698754448268/AIRTEL/PAYMENT,,699.0,670792.55
21-07-2023,OTHER ATMS,NFS/14532832/CASH WDL/21-07-23,,3499.0,667293.55
22-07-2023,OTHER ATMS,NFS/89241568/CASH WDL/22-07-23,,249.0,667044.55
22-07-2023,BILL,BIL/INFT/066773055631/UBER/PAYMENT,,79.0,666965.55
22-07-2023,BILL,BIL/INFT/101956929418/BOOKMYSHOW/PAYMENT,,5200.0,661765.55
23-07-2023,BILL,BIL/INFT/881182418627/JIO/PAYMENT,,310.0,661455.55
23-07-2023,MOBILE BANKING,MMT/IMPS/159921863148/SUNITA DEVI/HDFC BANK LTD,2500.0,,663955.55
24-07-2023,UPI,UPI/515530644735/UPI/mohandas667@paytm/State Bank Of I/,,310.0,663645.55
24-07-2023,BILL,BIL/INFT/340467621644/ZOMATO/PAYMENT,,999.0,662646.55
26-07-2023,UPI,UPI/458726007271/UPI/smitharao637@ybl/State Bank Of I/,,5200.0,657446.55
27-07-2023,OTHER ATMS,NFS/60791665/CASH WDL/27-07-23,,5200.0,652246.55
28-07-2023,MOBILE BANKING,MMT/IMPS/502302634335/SANJANA HEGDE/HDFC BANK LTD,7500.0,,659746.55
28-07-2023,MOBILE BANKING,MMT/IMPS/105565479598/SURESH BABU/HDFC BANK LTD,4800.0,,664546.55
28-07-2023,MOBILE BANKING,MMT/IMPS/740951158946/RESHMA KHAN/HDFC BANK LTD,24000.0,,688546.55
29-07-2023,MOBILE BANKING,MMT/IMPS/619015149471/ARUN SHARMA/HDFC BANK LTD,11200.0,,699746.55
30-07-2023,UPI,UPI/419460745531/UPI/vikramnair281@paytm/State Bank Of I/,,850.0,698896.55
31-07-2023,OTHER ATMS,NFS/29875698/CASH WDL/31-07-23,,7800.0,691096.55
01-08-2023,DEBIT CARD,VPS/JIO/106454089052/MUMBAI,,699.0,690397.55
01-08-2023,SALARY,NEFT-257097394590-TECHNOVA SOLUTIONS-SALARY-628984-HDFC0209136,78000.0,,768397.55
02-08-2023,MOBILE BANKING,MMT/IMPS/961662935825/RAJENDRA PRASAD/HDFC BANK LTD,11200.0,,779597.55
02-08-2023,BILL,BIL/INFT/820539124412/AMAZON/PAYMENT,,1680.0,777917.55
03-08-2023,DEBIT CARD,VPS/RELIANCE F/088925225239/PUNE,,120.0,777797.55
04-08-2023,UPI,UPI/292568413028/UPI/naveenkuma547@oksbi/State Bank Of I/,,3499.0,774298.55
05-08-2023,DEBIT CARD,VPS/HPCL/422088960249/BTM LAYOUT,,699.0,773599.55
06-08-2023,MOBILE BANKING,MMT/IMPS/885847389714/ARJUN MEHTA/HDFC BANK LTD,18500.0,,792099.55
06-08-2023,NEFT,NEFT DR-HDFC0661833-NAVEEN KUMAR-756266900351-RENT,,31000.0,761099.55
07-08-2023,MOBILE BANKING,MMT/IMPS/654739261571/SUNITA DEVI/HDFC BANK LTD,2500.0,,763599.55
07-08-2023,BILL,BIL/INFT/662622137948/HPCL/PAYMENT,,249.0,763350.55
09-08-2023,MOBILE BANKING,MMT/IMPS/698126467830/RAJESH VERMA/HDFC BANK LTD,7500.0,,770850.55
09-08-2023,DEBIT CARD,VPS/RELIANCE F/822068857310/WHITEFIELD,,1250.0,769600.55
09-08-2023,MOBILE BANKING,MMT/IMPS/602014766705/ARCHANA PILLAI/HDFC BANK LTD,18500.0,,788100.55
10-08-2023,UPI,UPI/662372735227/UPI/arjunmehta306@okhdfcbank/State Bank Of I/,,249.0,787851.55
12-08-2023,OTHER ATMS,NFS/51813897/CASH WDL/12-08-23,,699.0,787152.55
12-08-2023,OTHER ATMS,NFS/21713984/CASH WDL/12-08-23,,999.0,786153.55
13-08-2023,BILL,BIL/INFT/453534622510/BPCL/PAYMENT,,850.0,785303.55
16-08-2023,UPI,UPI/579026800079/UPI/rajeshverm283@ybl/State Bank Of I/,,310.0,784993.55
17-08-2023,DEBIT CARD,VPS/APOLLO PHA/419644738419/INDIRANAGAR,,449.0,784544.55
19-08-2023,UPI,UPI/998820136680/UPI/smitharao381@okaxis/State Bank Of I/,,850.0,783694.55
19-08-2023,UPI,UPI/601090885375/UPI/kiranreddy339@paytm/State Bank Of I/,,449.0,783245.55
19-08-2023,OTHER ATMS,NFS/07796217/CASH WDL/19-08-23,,120.0,783125.55
20-08-2023,DEBIT CARD,VPS/AMAZON/192082011052/PUNE,,699.0,782426.55
23-08-2023,UPI,UPI/930016789911/UPI/santoshiye384@oksbi/State Bank Of I/,,1680.0,780746.55
23-08-2023,UPI,UPI/994787457775/UPI/sunilshett324@okaxis/State Bank Of I/,,120.0,780626.55
23-08-2023,UPI,UPI/682216054666/UPI/arjunmehta162@ybl/State Bank Of I/,,310.0,780316.55
24-08-2023,BILL,BIL/INFT/532372440744/UBER/PAYMENT,,1250.0,779066.55
25-08-2023,DEBIT CARD,VPS/OLA/947924356216/BANJARA HILLS,,5200.0,773866.55
25-08-2023,BILL,BIL/INFT/005494914371/PVR CINEMAS/PAYMENT,,999.0,772867.55
25-08-2023,DEBIT CARD,VPS/OLA/443297645529/BTM LAYOUT,,699.0,772168.55
26-08-2023,BILL,BIL/INFT/699001850614/UBER/PAYMENT,,5200.0,766968.55
26-08-2023,OTHER ATMS,NFS/21561602/CASH WDL/26-08-23,,850.0,766118.55
26-08-2023,UPI,UPI/360417447317/UPI/smitharao446@paytm/State Bank Of I/,,699.0,765419.55
26-08-2023,UPI,UPI/479651782191/UPI/kavyareddy298@okhdfcbank/State Bank Of I/,,449.0,764970.55
27-08-2023,UPI,UPI/710188922324/UPI/farhankhan564@oksbi/State Bank Of I/,,249.0,764721.55
28-08-2023,MOBILE BANKING,MMT/IMPS/723202572576/MOHAN DAS/HDFC BANK LTD,2500.0,,767221.55
30-08-2023,MOBILE BANKING,MMT/IMPS/853967144163/KARTHIK MENON/HDFC BANK LTD,2500.0,,769721.55
01-09-2023,MOBILE BANKING,MMT/IMPS/071419195776/SNEHA PATIL/HDFC BANK LTD,18500.0,,788221.55
02-09-2023,UPI,UPI/068138241307/UPI/kiranreddy650@okaxis/State Bank Of I/,,49.0,788172.55
02-09-2023,SALARY,NEFT-647208757288-TECHNOVA SOLUTIONS-SALARY-628984-HDFC0091403,77250.0,,865422.55
02-09-2023,UPI,UPI/349352342248/UPI/naveenkuma85@ybl/State Bank Of I/,,249.0,865173.55
03-09-2023,BILL,BIL/INFT/413618934048/AMAZON/PAYMENT,,1250.0,863923.55
03-09-2023,DEBIT CARD,VPS/UBER/907607164135/MUMBAI,,850.0,863073.55
03-09-2023,DEBIT CARD,VPS/BOOKMYSHOW/530906025125/MUMBAI,,449.0,862624.55
04-09-2023,BILL,BIL/INFT/422159503875/SWIGGY/PAYMENT,,120.0,862504.55
04-09-2023,NEFT,NEFT DR-HDFC0800304-PRIYA NAIR-142433881371-RENT,,18000.0,844504.55
04-09-2023,OTHER ATMS,NFS/12713754/CASH WDL/04-09-23,,1680.0,842824.55
04-09-2023,OTHER ATMS,NFS/83089001/CASH WDL/04-09-23,,850.0,841974.55
05-09-2023,OTHER ATMS,NFS/66669856/CASH WDL/05-09-23,,699.0,841275.55
06-09-2023,OTHER ATMS,NFS/57290209/CASH WDL/06-09-23,,5200.0,836075.55
07-09-2023,OTHER ATMS,NFS/48611616/CASH WDL/07-09-23,,1250.0,834825.55
07-09-2023,BILL,BIL/INFT/609741542812/BOOKMYSHOW/PAYMENT,,120.0,834705.55
08-09-2023,DEBIT CARD,VPS/FLIPKART/880338385627/KORAMANGALA,,49.0,834656.55
09-09-2023,MOBILE BANKING,MMT/IMPS/815825954557/GEETA DEVI/HDFC BANK LTD,7500.0,,842156.55
09-09-2023,UPI,UPI/070012048074/UPI/santoshiye296@okhdfcbank/State Bank Of I/,,1250.0,840906.55
10-09-2023,OTHER ATMS,NFS/89573936/CASH WDL/10-09-23,,79.0,840827.55
11-09-2023,OTHER ATMS,NFS/61475982/CASH WDL/11-09-23,,2380.0,838447.55
12-09-2023,OTHER ATMS,NFS/09062383/CASH WDL/12-09-23,,49.0,838398.55
12-09-2023,DEBIT CARD,VPS/ZOMATO/708901523481/JAYANAGAR,,1680.0,836718.55
12-09-2023,MOBILE BANKING,MMT/IMPS/986976538341/ARJUN MEHTA/HDFC BANK LTD,2500.0,,839218.55
13-09-2023,OTHER ATMS,NFS/52087081/CASH WDL/13-09-23,,2380.0,836838.55
14-09-2023,UPI,UPI/495688457675/UPI/harishmeno287@okaxis/State Bank Of I/,,850.0,835988.55
15-09-2023,MOBILE BANKING,MMT/IMPS/183146000426/NAVEEN KUMAR/HDFC BANK LTD,500.0,,836488.55
15-09-2023,BILL,BIL/INFT/218947128889/IOCL/PAYMENT,,3499.0,832989.55
17-09-2023,DEBIT CARD,VPS/FLIPKART/603179043296/PUNE,,2380.0,830609.55
17-09-2023,OTHER ATMS,NFS/65146214/CASH WDL/17-09-23,,49.0,830560.55
19-09-2023,MOBILE BANKING,MMT/IMPS/911585601402/RAVI KUMAR/HDFC BANK LTD,4800.0,,835360.55
19-09-2023,DEBIT CARD,VPS/BESCOM/450553394166/JAYANAGAR,,699.0,834661.55
20-09-2023,MOBILE BANKING,MMT/IMPS/134737070949/USHA RANI/HDFC BANK LTD,11200.0,,845861.55
21-09-2023,OTHER ATMS,NFS/20022035/CASH WDL/21-09-23,,2380.0,843481.55
21-09-2023,OTHER ATMS,NFS/05154992/CASH WDL/21-09-23,,850.0,842631.55
23-09-2023,OTHER ATMS,NFS/31125989/CASH WDL/23-09-23,,1680.0,840951.55
24-09-2023,OTHER ATMS,NFS/04747609/CASH WDL/24-09-23,,699.0,840252.55
24-09-2023,OTHER ATMS,NFS/78297643/CASH WDL/24-09-23,,5200.0,835052.55
25-09-2023,INTEREST,CREDIT INTEREST CAPITALISED,62.44,,835114.99
25-09-2023,CHARGES,GST ON BANK CHARGES,,17.7,835097.29
25-09-2023,BILL,BIL/INFT/375297792068/OLA/PAYMENT,,699.0,834398.29
26-09-2023,MOBILE BANKING,MMT/IMPS/998659927851/PRAKASH RAO/HDFC BANK LTD,11200.0,,845598.29
26-09-2023,UPI,UPI/637245054776/UPI/rahulsingh60@paytm/State Bank Of I/,,850.0,844748.29
26-09-2023,MOBILE BANKING,MMT/IMPS/662523395121/DIVYA MENON/HDFC BANK LTD,11200.0,,855948.29
26-09-2023,OTHER ATMS,NFS/96783364/CASH WDL/26-09-23,,1250.0,854698.29
26-09-2023,UPI,UPI/429699090461/UPI/tarageorge244@okhdfcbank/State Bank Of I/,,999.0,853699.29
27-09-2023,DEBIT CARD,VPS/AIRTEL/505331069451/MYSURU,,249.0,853450.29
27-09-2023,OTHER ATMS,NFS/79262216/CASH WDL/27-09-23,,249.0,853201.29
28-09-2023,BILL,BIL/INFT/467996205207/MEDPLUS/PAYMENT,,999.0,852202.29
29-09-2023,OTHER ATMS,NFS/75024523/CASH WDL/29-09-23,,120.0,852082.29
29-09-2023,UPI,UPI/267605071727/UPI/vinaypatil281@okaxis/State Bank Of I/,,5200.0,846882.29
30-09-2023,BILL,BIL/INFT/990194371988/UBER/PAYMENT,,49.0,846833.29
01-10-2023,BILL,BIL/INFT/790633404169/FLIPKART/PAYMENT,,1250.0,845583.29
01-10-2023,BILL,BIL/INFT/141816780444/UBER/PAYMENT,,3499.0,842084.29
01-10-2023,SALARY,NEFT-633364679610-TECHNOVA SOLUTIONS-SALARY-628984-HDFC0486292,77250.0,,919334.29
01-10-2023,DEBIT CARD,VPS/AMAZON/237296136129/HSR LAYOUT,,850.0,918484.29
02-10-2023,OTHER ATMS,NFS/57827955/CASH WDL/02-10-23,,5200.0,913284.29
02-10-2023,BILL,BIL/INFT/311639227768/SWIGGY/PAYMENT,,310.0,912974.29
03-10-2023,MOBILE BANKING,MMT/IMPS/327306204257/REKHA PILLAI/HDFC BANK LTD,7500.0,,920474.29
03-10-2023,BILL,BIL/INFT/458120457470/ZOMATO/PAYMENT,,449.0,920025.29
04-10-2023,NEFT,NEFT DR-HDFC0574573-DIVYA MENON-194002009020-RENT,,22000.0,898025.29
05-10-2023,BILL,BIL/INFT/627977790520/AIRTEL/PAYMENT,,999.0,897026.29
05-10-2023,MOBILE BANKING,MMT/IMPS/430288990010/ADITYA KUMAR/HDFC BANK LTD,18500.0,,915526.29
05-10-2023,DEBIT CARD,VPS/ZOMATO/002353462824/INDIRANAGAR,,850.0,914676.29
06-10-2023,DEBIT CARD,VPS/UBER/128619760355/KORAMANGALA,,49.0,914627.29
06-10-2023,MOBILE BANKING,MMT/IMPS/460596537724/SANTOSH KUMAR/HDFC BANK LTD,11200.0,,925827.29
07-10-2023,OTHER ATMS,NFS/44620945/CASH WDL/07-10-23,,449.0,925378.29
07-10-2023,BILL,BIL/INFT/491107848614/MEDPLUS/PAYMENT,,7800.0,917578.29
07-10-2023,MOBILE BANKING,MMT/IMPS/471216759311/PRADEEP SINGH/HDFC BANK LTD,7500.0,,925078.29
08-10-2023,BILL,BIL/INFT/371213270652/IOCL/PAYMENT,,1680.0,923398.29
08-10-2023,OTHER ATMS,NFS/48125724/CASH WDL/08-10-23,,449.0,922949.29
09-10-2023,MOBILE BANKING,MMT/IMPS/091048716174/KARTHIK MENON/HDFC BANK LTD,850.0,,923799.29
09-10-2023,DEBIT CARD,VPS/FLIPKART/659173051970/MANGALURU,,1680.0,922119.29
09-10-2023,NEFT,NEFT-568312252215-SOUTHERN RETAILS-REIMB-628984-HDFC0801301,18500.0,,940619.29
10-10-2023,BILL,BIL/INFT/825462307950/ZOMATO/PAYMENT,,2380.0,938239.29
11-10-2023,MOBILE BANKING,MMT/IMPS/510012646648/BABU LAL/HDFC BANK LTD,1200.0,,939439.29
13-10-2023,MOBILE BANKING,MMT/IMPS/201436485659/BINDHU NAIR/HDFC BANK LTD,18500.0,,957939.29
13-10-2023,OTHER ATMS,NFS/33615157/CASH WDL/13-10-23,,699.0,957240.29
13-10-2023,UPI,UPI/860922490290/UPI/rohitsharm677@okaxis/State Bank Of I/,,249.0,956991.29
14-10-2023,MOBILE BANKING,MMT/IMPS/071144079175/RAMESH PILLAI/HDFC BANK LTD,18500.0,,975491.29
14-10-2023,OTHER ATMS,NFS/18639518/CASH WDL/14-10-23,,850.0,974641.29
15-10-2023,BILL,BIL/INFT/937251702166/UBER/PAYMENT,,5200.0,969441.29
16-10-2023,OTHER ATMS,NFS/56773668/CASH WDL/16-10-23,,5200.0,964241.29
16-10-2023,DEBIT CARD,VPS/RELIANCE F/844326083852/KORAMANGALA,,249.0,963992.29
17-10-2023,UPI,UPI/253720824149/UPI/divyamenon282@okhdfcbank/State Bank Of I/,,7800.0,956192.29
17-10-2023,DEBIT CARD,VPS/OLA/901911299780/KORAMANGALA,,249.0,955943.29
18-10-2023,MOBILE BANKING,MMT/IMPS/113010306305/RANJIT SINGH/HDFC BANK LTD,11200.0,,967143.29
18-10-2023,MOBILE BANKING,MMT/IMPS/993384646774/VENKAT RAO/HDFC BANK LTD,4800.0,,971943.29
18-10-2023,MOBILE BANKING,MMT/IMPS/583906446896/SURESH NAIR/HDFC BANK LTD,850.0,,972793.29
19-10-2023,OTHER ATMS,NFS/87908462/CASH WDL/19-10-23,,1680.0,971113.29
20-10-2023,MOBILE BANKING,MMT/IMPS/167535324022/MEENA IYER/HDFC BANK LTD,2500.0,,973613.29
21-10-2023,MOBILE BANKING,MMT/IMPS/822739567077/NAVEEN KUMAR/HDFC BANK LTD,4800.0,,978413.29
21-10-2023,UPI,UPI/417480026503/UPI/meerapilla42@ybl/State Bank Of I/,,49.0,978364.29
21-10-2023,DEBIT CARD,VPS/IOCL/543346322683/MARATHAHALLI,,310.0,978054.29
21-10-2023,MOBILE BANKING,MMT/IMPS/634629893101/SNEHA PATIL/HDFC BANK LTD,500.0,,978554.29
21-10-2023,BILL,BIL/INFT/001557231715/IRCTC/PAYMENT,,699.0,977855.29
21-10-2023,MOBILE BANKING,MMT/IMPS/287724067071/VINAY PATIL/HDFC BANK LTD,850.0,,978705.29
23-10-2023,UPI,UPI/609243750387/UPI/poojasharm305@ybl/State Bank Of I/,,2380.0,976325.29
23-10-2023,DEBIT CARD,VPS/AIRTEL/319265801117/MYSURU,,2380.0,973945.29
24-10-2023,OTHER ATMS,NFS/94068782/CASH WDL/24-10-23,,249.0,973696.29
24-10-2023,MOBILE BANKING,MMT/IMPS/813176877619/POOJA SHARMA/HDFC BANK LTD,11200.0,,984896.29
24-10-2023,DEBIT CARD,VPS/AIRTEL/686644468320/INDIRANAGAR,,79.0,984817.29
25-10-2023,UPI,UPI/508581254214/UPI/vikramnair550@ybl/State Bank Of I/,,2380.0,982437.29
25-10-2023,MOBILE BANKING,MMT/IMPS/956183819150/SHEELA DEVI/HDFC BANK LTD,1200.0,,983637.29
25-10-2023,BILL,BIL/INFT/728920232492/PVR CINEMAS/PAYMENT,,3499.0,980138.29
26-10-2023,OTHER ATMS,NFS/52634046/CASH WDL/26-10-23,,5200.0,974938.29
26-10-2023,MOBILE BANKING,MMT/IMPS/989091910202/AYESHA KHAN/HDFC BANK LTD,4800.0,,979738.29
26-10-2023,OTHER ATMS,NFS/21018832/CASH WDL/26-10-23,,310.0,979428.29
26-10-2023,DEBIT CARD,VPS/APOLLO PHA/246580336657/KORAMANGALA,,699.0,978729.29
30-10-2023,BILL,BIL/INFT/996547577092/MEDPLUS/PAYMENT,,49.0,978680.29
30-10-2023,BILL,BIL/INFT/388564658877/APOLLO PHARMACY/PAYMENT,,49.0,978631.29
30-10-2023,BILL,BIL/INFT/385294819526/FLIPKART/PAYMENT,,699.0,977932.29
01-11-2023,SALARY,NEFT-513612783282-TECHNOVA SOLUTIONS-SALARY-628984-HDFC0534405,77250.0,,1055182.29
01-11-2023,UPI,UPI/582919058247/UPI/arjunmehta643@okaxis/State Bank Of I/,,449.0,1054733.29
02-11-2023,OTHER ATMS,NFS/96172075/CASH WDL/02-11-23,,310.0,1054423.29
02-11-2023,BILL,BIL/INFT/762187101729/FLIPKART/PAYMENT,,999.0,1053424.29
02-11-2023,MOBILE BANKING,MMT/IMPS/584246005105/KAVYA REDDY/HDFC BANK LTD,7500.0,,1060924.29
03-11-2023,BILL,BIL/INFT/017698283582/MEDPLUS/PAYMENT,,699.0,1060225.29
03-11-2023,MOBILE BANKING,MMT/IMPS/240902573570/AYESHA KHAN/HDFC BANK LTD,500.0,,1060725.29
04-11-2023,MOBILE BANKING,MMT/IMPS/644836700757/ARCHANA PILLAI/HDFC BANK LTD,2500.0,,1063225.29
05-11-2023,NEFT,NEFT DR-HDFC0934649-POOJA SHARMA-515084169087-RENT,,31000.0,1032225.29
05-11-2023,UPI,UPI/912119500976/UPI/santoshiye493@ybl/State Bank Of I/,,999.0,1031226.29
06-11-2023,UPI,UPI/783751774180/UPI/vikramnair845@okaxis/State Bank Of I/,,1250.0,1029976.29
06-11-2023,BILL,BIL/INFT/339106299634/RELIANCE FRESH/PAYMENT,,1680.0,1028296.29
06-11-2023,OTHER ATMS,NFS/89274708/CASH WDL/06-11-23,,5200.0,1023096.29
08-11-2023,BILL,BIL/INFT/086475228752/BESCOM/PAYMENT,,7800.0,1015296.29
08-11-2023,MOBILE BANKING,MMT/IMPS/909163685682/FATIMA SHEIKH/HDFC BANK LTD,850.0,,1016146.29
10-11-2023,UPI,UPI/579398681663/UPI/meerapilla307@okhdfcbank/State Bank Of I/,,7800.0,1008346.29
12-11-2023,BILL,BIL/INFT/331192477486/AMAZON/PAYMENT,,1680.0,1006666.29
13-11-2023,UPI,UPI/746722361834/UPI/anjalirao449@ybl/State Bank Of I/,,79.0,1006587.29
13-11-2023,NEFT,NEFT-740201012335-SOUTHERN RETAILS-REIMB-628984-HDFC0582526,24000.0,,1030587.29
13-11-2023,DEBIT CARD,VPS/RELIANCE F/162436417887/MANGALURU,,1680.0,1028907.29
14-11-2023,MOBILE BANKING,MMT/IMPS/051392884181/SUNIL YADAV/HDFC BANK LTD,1200.0,,1030107.29
15-11-2023,BILL,BIL/INFT/673824570667/RELIANCE FRESH/PAYMENT,,850.0,1029257.29
15-11-2023,MOBILE BANKING,MMT/IMPS/337469338249/KAVITHA RAO/HDFC BANK LTD,11200.0,,1040457.29
15-11-2023,BILL,BIL/INFT/319710074782/PVR CINEMAS/PAYMENT,,449.0,1040008.29
16-11-2023,OTHER ATMS,NFS/60000881/CASH WDL/16-11-23,,1250.0,1038758.29
16-11-2023,OTHER ATMS,NFS/62957152/CASH WDL/16-11-23,,449.0,1038309.29
16-11-2023,MOBILE BANKING,MMT/IMPS/331897684898/SUNIL SHETTY/HDFC BANK LTD,11200.0,,1049509.29
16-11-2023,OTHER ATMS,NFS/46589588/CASH WDL/16-11-23,,1680.0,1047829.29
17-11-2023,DEBIT CARD,VPS/SWIGGY/492242825692/HYDERABAD,,249.0,1047580.29
17-11-2023,UPI,UPI/627580435010/UPI/poojasharm328@oksbi/State Bank Of I/,,850.0,1046730.29
18-11-2023,DEBIT CARD,VPS/IOCL/597951852728/WHITEFIELD,,249.0,1046481.29
20-11-2023,OTHER ATMS,NFS/71366548/CASH WDL/20-11-23,,3499.0,1042982.29
20-11-2023,DEBIT CARD,VPS/ZOMATO/353665387303/KUKATPALLY,,850.0,1042132.29
21-11-2023,OTHER ATMS,NFS/20694858/CASH WDL/21-11-23,,699.0,1041433.29
22-11-2023,UPI,UPI/919321465308/UPI/vinaypatil585@oksbi/State Bank Of I/,,1680.0,1039753.29
22-11-2023,MOBILE BANKING,MMT/IMPS/150354835711/ARUN SHARMA/HDFC BANK LTD,4800.0,,1044553.29
23-11-2023,UPI,UPI/507121212388/UPI/mohandas190@ybl/State Bank Of I/,,5200.0,1039353.29
23-11-2023,OTHER ATMS,NFS/36262468/CASH WDL/23-11-23,,850.0,1038503.29
24-11-2023,MOBILE BANKING,MMT/IMPS/674264766133/BINDHU NAIR/HDFC BANK LTD,24000.0,,1062503.29
24-11-2023,BILL,BIL/INFT/491445746355/MEDPLUS/PAYMENT,,79.0,1062424.29
25-11-2023,UPI,UPI/731466809998/UPI/poojasharm78@paytm/State Bank Of I/,,449.0,1061975.29
25-11-2023,NEFT,NEFT-107734719537-SOUTHERN RETAILS-REIMB-628984-HDFC0412411,12000.0,,1073975.29
25-11-2023,BILL,BIL/INFT/557358329959/UBER/PAYMENT,,999.0,1072976.29
26-11-2023,UPI,UPI/991228926560/UPI/divyamenon533@okhdfcbank/State Bank Of I/,,699.0,1072277.29
26-11-2023,OTHER ATMS,NFS/57106923/CASH WDL/26-11-23,,699.0,1071578.29
26-11-2023,UPI,UPI/214357974276/UPI/reshmakhan941@oksbi/State Bank Of I/,,850.0,1070728.29
26-11-2023,DEBIT CARD,VPS/DMART/641749631697/KORAMANGALA,,699.0,1070029.29
27-11-2023,MOBILE BANKING,MMT/IMPS/099025460862/KAVYA REDDY/HDFC BANK LTD,2500.0,,1072529.29
28-11-2023,DEBIT CARD,VPS/BPCL/471649572621/MANGALURU,,850.0,1071679.29
29-11-2023,DEBIT CARD,VPS/APOLLO PHA/048528959236/BTM LAYOUT,,999.0,1070680.29
30-11-2023,BILL,BIL/INFT/720537941030/DMART/PAYMENT,,999.0,1069681.29
01-12-2023,SALARY,NEFT-616929080156-TECHNOVA SOLUTIONS-SALARY-628984-HDFC0869649,77250.0,,1146931.29
01-12-2023,UPI,UPI/898312797257/UPI/rahulsingh635@okhdfcbank/State Bank Of I/,,7800.0,1139131.29
03-12-2023,DEBIT CARD,VPS/APOLLO PHA/778500939940/INDIRANAGAR,,449.0,1138682.29
03-12-2023,UPI,UPI/929290725819/UPI/divyamenon803@okhdfcbank/State Bank Of I/,,120.0,1138562.29
04-12-2023,DEBIT CARD,VPS/BPCL/419660613087/MANGALURU,,120.0,1138442.29
05-12-2023,UPI,UPI/608850673542/UPI/anjalirao833@ybl/State Bank Of I/,,699.0,1137743.29
06-12-2023,MOBILE BANKING,MMT/IMPS/534223926715/SANJANA HEGDE/HDFC BANK LTD,4800.0,,1142543.29
07-12-2023,UPI,UPI/134329046961/UPI/meerapilla839@okaxis/State Bank Of I/,,5200.0,1137343.29
07-12-2023,NEFT,NEFT DR-HDFC0218115-POOJA SHARMA-700591395463-RENT,,26500.0,1110843.29
08-12-2023,DEBIT CARD,VPS/AMAZON/653614017552/HYDERABAD,,1680.0,1109163.29
09-12-2023,BILL,BIL/INFT/039087850132/FLIPKART/PAYMENT,,850.0,1108313.29
10-12-2023,OTHER ATMS,NFS/48426237/CASH WDL/10-12-23,,699.0,1107614.29
11-12-2023,MOBILE BANKING,MMT/IMPS/215272164504/SUNITA DEVI/HDFC BANK LTD,24000.0,,1131614.29
11-12-2023,MOBILE BANKING,MMT/IMPS/505940322779/DIVYA MENON/HDFC BANK LTD,850.0,,1132464.29
12-12-2023,MOBILE BANKING,MMT/IMPS/225220498693/RAJENDRA PRASAD/HDFC BANK LTD,1200.0,,1133664.29
13-12-2023,OTHER ATMS,NFS/30680083/CASH WDL/13-12-23,,699.0,1132965.29
14-12-2023,MOBILE BANKING,MMT/IMPS/953632077879/CHANDAN SHARMA/HDFC BANK LTD,4800.0,,1137765.29
14-12-2023,UPI,UPI/334402364099/UPI/ayeshakhan821@okaxis/State Bank Of I/,,2380.0,1135385.29
14-12-2023,MOBILE BANKING,MMT/IMPS/146331286450/RAJESH VERMA/HDFC BANK LTD,24000.0,,1159385.29
17-12-2023,DEBIT CARD,VPS/BOOKMYSHOW/828715852684/MYSURU,,7800.0,1151585.29
17-12-2023,BILL,BIL/INFT/772552612354/SWIGGY/PAYMENT,,850.0,1150735.29
18-12-2023,DEBIT CARD,VPS/OLA/970764586560/SECUNDERABAD,,310.0,1150425.29
18-12-2023,MOBILE BANKING,MMT/IMPS/211640251225/VINAY PATIL/HDFC BANK LTD,2500.0,,1152925.29
18-12-2023,BILL,BIL/INFT/256834465833/JIO/PAYMENT,,1680.0,1151245.29
18-12-2023,MOBILE BANKING,MMT/IMPS/787473448426/REKHA PILLAI/HDFC BANK LTD,24000.0,,1175245.29
19-12-2023,OTHER ATMS,NFS/58427906/CASH WDL/19-12-23,,3499.0,1171746.29
19-12-2023,MOBILE BANKING,MMT/IMPS/724064874730/ARUN SHARMA/HDFC BANK LTD,11200.0,,1182946.29
20-12-2023,OTHER ATMS,NFS/35105713/CASH WDL/20-12-23,,310.0,1182636.29
20-12-2023,OTHER ATMS,NFS/98684795/CASH WDL/20-12-23,,3499.0,1179137.29
23-12-2023,DEBIT CARD,VPS/JIO/356349262330/INDIRANAGAR,,79.0,1179058.29
23-12-2023,BILL,BIL/INFT/926782633028/HPCL/PAYMENT,,5200.0,1173858.29
24-12-2023,MOBILE BANKING,MMT/IMPS/962055843339/PRAKASH RAO/HDFC BANK LTD,850.0,,1174708.29
24-12-2023,UPI,UPI/334865768717/UPI/farhankhan194@paytm/State Bank Of I/,,2380.0,1172328.29
24-12-2023,DEBIT CARD,VPS/MEDPLUS/474717986505/SECUNDERABAD,,2380.0,1169948.29
25-12-2023,BILL,BIL/INFT/270361418802/MEDPLUS/PAYMENT,,310.0,1169638.29
26-12-2023,OTHER ATMS,NFS/74404070/CASH WDL/26-12-23,,449.0,1169189.29
27-12-2023,MOBILE BANKING,MMT/IMPS/181990266765/SUSHMA RAO/HDFC BANK LTD,2500.0,,1171689.29
27-12-2023,DEBIT CARD,VPS/ZOMATO/721193148434/PUNE,,120.0,1171569.29
28-12-2023,DEBIT CARD,VPS/AIRTEL/818486616996/PUNE,,2380.0,1169189.29
28-12-2023,OTHER ATMS,NFS/46877174/CASH WDL/28-12-23,,249.0,1168940.29
29-12-2023,MOBILE BANKING,MMT/IMPS/524585835468/ANITHA KRISHNAN/HDFC BANK LTD,2500.0,,1171440.29
30-12-2023,BILL,BIL/INFT/514314419129/BOOKMYSHOW/PAYMENT,,1250.0,1170190.29
30-12-2023,MOBILE BANKING,MMT/IMPS/946480144696/ANAND KUMAR/HDFC BANK LTD,24000.0,,1194190.29
01-01-2024,MOBILE BANKING,MMT/IMPS/063039957311/SANTOSH KUMAR/HDFC BANK LTD,18500.0,,1212690.29
01-01-2024,DEBIT CARD,VPS/FLIPKART/835830586447/WHITEFIELD,,2380.0,1210310.29
02-01-2024,OTHER ATMS,NFS/41791695/CASH WDL/02-01-24,,7800.0,1202510.29
02-01-2024,SALARY,NEFT-615373149822-TECHNOVA SOLUTIONS-SALARY-628984-HDFC0032990,78500.0,,1281010.29
02-01-2024,DEBIT CARD,VPS/BESCOM/939604592899/MANGALURU,,1250.0,1279760.29
03-01-2024,DEBIT CARD,VPS/IOCL/170381829109/INDIRANAGAR,,699.0,1279061.29
03-01-2024,DEBIT CARD,VPS/BOOKMYSHOW/730909890359/HYDERABAD,,310.0,1278751.29
03-01-2024,DEBIT CARD,VPS/IRCTC/600208120301/HSR LAYOUT,,249.0,1278502.29
04-01-2024,UPI,UPI/636374988093/UPI/kavyareddy176@paytm/State Bank Of I/,,1680.0,1276822.29
04-01-2024,MOBILE BANKING,MMT/IMPS/589130452415/VINAY PATIL/HDFC BANK LTD,11200.0,,1288022.29
04-01-2024,NEFT,NEFT DR-HDFC0128745-SUNIL SHETTY-810853894681-RENT,,26500.0,1261522.29
04-01-2024,BILL,BIL/INFT/094148527541/IRCTC/PAYMENT,,2380.0,1259142.29
05-01-2024,OTHER ATMS,NFS/59115195/CASH WDL/05-01-24,,7800.0,1251342.29
06-01-2024,OTHER ATMS,NFS/73079766/CASH WDL/06-01-24,,3499.0,1247843.29
06-01-2024,UPI,UPI/049647718134/UPI/kavyareddy307@okhdfcbank/State Bank Of I/,,5200.0,1242643.29
07-01-2024,OTHER ATMS,NFS/19023987/CASH WDL/07-01-24,,1250.0,1241393.29
09-01-2024,MOBILE BANKING,MMT/IMPS/995610879689/SUNIL YADAV/HDFC BANK LTD,7500.0,,1248893.29
09-01-2024,UPI,UPI/381908169563/UPI/santoshiye654@paytm/State Bank Of I/,,7800.0,1241093.29
13-01-2024,DEBIT CARD,VPS/BESCOM/508053033649/KORAMANGALA,,120.0,1240973.29
14-01-2024,UPI,UPI/718014342703/UPI/ayeshakhan517@okaxis/State Bank Of I/,,310.0,1240663.29
14-01-2024,MOBILE BANKING,MMT/IMPS/682876129200/LALITHA DEVI/HDFC BANK LTD,18500.0,,1259163.29
16-01-2024,MOBILE BANKING,MMT/IMPS/633789217516/SHEELA DEVI/HDFC BANK LTD,1200.0,,1260363.29
16-01-2024,MOBILE BANKING,MMT/IMPS/759806886093/ARCHANA PILLAI/HDFC BANK LTD,24000.0,,1284363.29
16-01-2024,OTHER ATMS,NFS/69009924/CASH WDL/16-01-24,,1250.0,1283113.29
17-01-2024,MOBILE BANKING,MMT/IMPS/798884401276/PRIYA NAIR/HDFC BANK LTD,500.0,,1283613.29
17-01-2024,DEBIT CARD,VPS/RELIANCE F/510438259715/INDIRANAGAR,,449.0,1283164.29
18-01-2024,BILL,BIL/INFT/491338750450/MEDPLUS/PAYMENT,,120.0,1283044.29
20-01-2024,BILL,BIL/INFT/118265523795/SWIGGY/PAYMENT,,3499.0,1279545.29
21-01-2024,OTHER ATMS,NFS/70127368/CASH WDL/21-01-24,,49.0,1279496.29
22-01-2024,MOBILE BANKING,MMT/IMPS/334424406370/RAJENDRA PRASAD/HDFC BANK LTD,4800.0,,1284296.29
24-01-2024,UPI,UPI/463381314396/UPI/kiranreddy388@okhdfcbank/State Bank Of I/,,49.0,1284247.29
24-01-2024,MOBILE BANKING,MMT/IMPS/560949823554/KIRAN REDDY/HDFC BANK LTD,1200.0,,1285447.29
24-01-2024,OTHER ATMS,NFS/45526839/CASH WDL/24-01-24,,249.0,1285198.29
24-01-2024,UPI,UPI/948311384564/UPI/kiranreddy184@paytm/State Bank Of I/,,3499.0,1281699.29
25-01-2024,UPI,UPI/361026325535/UPI/farhankhan737@ybl/State Bank Of I/,,999.0,1280700.29
25-01-2024,MOBILE BANKING,MMT/IMPS/759967776001/BABU LAL/HDFC BANK LTD,850.0,,1281550.29
25-01-2024,DEBIT CARD,VPS/SWIGGY/684886894888/INDIRANAGAR,,850.0,1280700.29
25-01-2024,BILL,BIL/INFT/598442137909/OLA/PAYMENT,,5200.0,1275500.29
26-01-2024,DEBIT CARD,VPS/BOOKMYSHOW/704497513265/SECUNDERABAD,,3499.0,1272001.29
26-01-2024,MOBILE BANKING,MMT/IMPS/522851631671/PRADEEP SINGH/HDFC BANK LTD,4800.0,,1276801.29
26-01-2024,BILL,BIL/INFT/777830092782/BESCOM/PAYMENT,,850.0,1275951.29
27-01-2024,DEBIT CARD,VPS/FLIPKART/248538515764/INDIRANAGAR,,249.0,1275702.29
27-01-2024,DEBIT CARD,VPS/AMAZON/634322010469/BANJARA HILLS,,1680.0,1274022.29
27-01-2024,UPI,UPI/986123887300/UPI/kavyareddy66@okhdfcbank/State Bank Of I/,,850.0,1273172.29
27-01-2024,MOBILE BANKING,MMT/IMPS/105923244874/SUSHMA RAO/HDFC BANK LTD,4800.0,,1277972.29
28-01-2024,MOBILE BANKING,MMT/IMPS/236085582214/GEETA DEVI/HDFC BANK LTD,18500.0,,1296472.29
28-01-2024,MOBILE BANKING,MMT/IMPS/591169046103/NILESH KULKARNI/HDFC BANK LTD,850.0,,1297322.29
29-01-2024,BILL,BIL/INFT/240252219549/BPCL/PAYMENT,,699.0,1296623.29
30-01-2024,DEBIT CARD,VPS/RELIANCE F/585778016135/MANGALURU,,3499.0,1293124.29
30-01-2024,OTHER ATMS,NFS/28856413/CASH WDL/30-01-24,,2380.0,1290744.29
30-01-2024,UPI,UPI/979736336845/UPI/poojasharm697@okaxis/State Bank Of I/,,1680.0,1289064.29
01-02-2024,DEBIT CARD,VPS/OLA/716871415291/HYDERABAD,,1680.0,1287384.29
01-02-2024,BILL,BIL/INFT/196003996127/HPCL/PAYMENT,,310.0,1287074.29
02-02-2024,MOBILE BANKING,MMT/IMPS/736629259976/SANTOSH KUMAR/HDFC BANK LTD,7500.0,,1294574.29
02-02-2024,SALARY,NEFT-051789740104-TECHNOVA SOLUTIONS-SALARY-628984-HDFC0357668,78000.0,,1372574.29
03-02-2024,MOBILE BANKING,MMT/IMPS/902618080377/GOPAL VERMA/HDFC BANK LTD,7500.0,,1380074.29
04-02-2024,UPI,UPI/677243499183/UPI/divyamenon939@okaxis/State Bank Of I/,,49.0,1380025.29
04-02-2024,NEFT,NEFT DR-HDFC0662269-PRIYA NAIR-649040999259-RENT,,22000.0,1358025.29
04-02-2024,MOBILE BANKING,MMT/IMPS/233482256303/PRIYA NAIR/HDFC BANK LTD,7500.0,,1365525.29
04-02-2024,BILL,BIL/INFT/213892872656/APOLLO PHARMACY/PAYMENT,,79.0,1365446.29
04-02-2024,BILL,BIL/INFT/932056912386/FLIPKART/PAYMENT,,850.0,1364596.29
07-02-2024,UPI,UPI/567633268927/UPI/arjunmehta187@oksbi/State Bank Of I/,,79.0,1364517.29
09-02-2024,OTHER ATMS,NFS/95384539/CASH WDL/09-02-24,,3499.0,1361018.29
10-02-2024,BILL,BIL/INFT/042238523313/DMART/PAYMENT,,249.0,1360769.29
10-02-2024,DEBIT CARD,VPS/AMAZON/170952935735/INDIRANAGAR,,5200.0,1355569.29
11-02-2024,OTHER ATMS,NFS/60725423/CASH WDL/11-02-24,,5200.0,1350369.29
11-02-2024,UPI,UPI/453583795788/UPI/tarageorge37@ybl/State Bank Of I/,,79.0,1350290.29
12-02-2024,MOBILE BANKING,MMT/IMPS/820901032132/KAVYA REDDY/HDFC BANK LTD,4800.0,,1355090.29
12-02-2024,DEBIT CARD,VPS/IRCTC/180144784273/PUNE,,310.0,1354780.29
13-02-2024,MOBILE BANKING,MMT/IMPS/436677161777/IMRAN KHAN/HDFC BANK LTD,4800.0,,1359580.29
13-02-2024,DEBIT CARD,VPS/SWIGGY/828310519401/WHITEFIELD,,310.0,1359270.29
14-02-2024,OTHER ATMS,NFS/05580151/CASH WDL/14-02-24,,3499.0,1355771.29
16-02-2024,MOBILE BANKING,MMT/IMPS/773037316463/GOPAL NAIK/HDFC BANK LTD,4800.0,,1360571.29
16-02-2024,UPI,UPI/058002810503/UPI/rohitsharm663@okhdfcbank/State Bank Of I/,,999.0,1359572.29
17-02-2024,UPI,UPI/087369051670/UPI/naveenkuma28@paytm/State Bank Of I/,,120.0,1359452.29
17-02-2024,UPI,UPI/516981622732/UPI/anjalirao686@ybl/State Bank Of I/,,2380.0,1357072.29
18-02-2024,BILL,BIL/INFT/228259526000/BPCL/PAYMENT,,249.0,1356823.29
19-02-2024,BILL,BIL/INFT/087322928075/UBER/PAYMENT,,5200.0,1351623.29
19-02-2024,BILL,BIL/INFT/207943184695/JIO/PAYMENT,,5200.0,1346423.29
19-02-2024,DEBIT CARD,VPS/IOCL/616909416622/INDIRANAGAR,,310.0,1346113.29
19-02-2024,DEBIT CARD,VPS/ZOMATO/071952938560/KORAMANGALA,,699.0,1345414.29
19-02-2024,BILL,BIL/INFT/945314916251/IOCL/PAYMENT,,850.0,1344564.29
20-02-2024,DEBIT CARD,VPS/APOLLO PHA/915411311931/MANGALURU,,850.0,1343714.29
22-02-2024,UPI,UPI/689553272853/UPI/priyanair64@okaxis/State Bank Of I/,,310.0,1343404.29
22-02-2024,BILL,BIL/INFT/764022352288/RELIANCE FRESH/PAYMENT,,999.0,1342405.29
22-02-2024,UPI,UPI/622549640206/UPI/gopalnaik244@okhdfcbank/State Bank Of I/,,3499.0,1338906.29
23-02-2024,MOBILE BANKING,MMT/IMPS/871350513940/SNEHA PATIL/HDFC BANK LTD,7500.0,,1346406.29
23-02-2024,OTHER ATMS,NFS/81930489/CASH WDL/23-02-24,,999.0,1345407.29
24-02-2024,OTHER ATMS,NFS/57257609/CASH WDL/24-02-24,,120.0,1345287.29
25-02-2024,OTHER ATMS,NFS/91075752/CASH WDL/25-02-24,,699.0,1344588.29
25-02-2024,OTHER ATMS,NFS/74715130/CASH WDL/25-02-24,,310.0,1344278.29
26-02-2024,BILL,BIL/INFT/401990451390/BPCL/PAYMENT,,2380.0,1341898.29
27-02-2024,UPI,UPI/528661780929/UPI/anjalirao492@okhdfcbank/State Bank Of I/,,2380.0,1339518.29
27-02-2024,BILL,BIL/INFT/288534418272/BESCOM/PAYMENT,,449.0,1339069.29
27-02-2024,BILL,BIL/INFT/692005728625/HPCL/PAYMENT,,449.0,1338620.29
28-02-2024,MOBILE BANKING,MMT/IMPS/417180886781/PREETHI IYER/HDFC BANK LTD,850.0,,1339470.29
28-02-2024,BILL,BIL/INFT/310662295683/APOLLO PHARMACY/PAYMENT,,999.0,1338471.29
28-02-2024,UPI,UPI/844829172306/UPI/arjunmehta29@paytm/State Bank Of I/,,1250.0,1337221.29
28-02-2024,OTHER ATMS,NFS/27176689/CASH WDL/28-02-24,,449.0,1336772.29
01-03-2024,BILL,BIL/INFT/395768155367/IRCTC/PAYMENT,,449.0,1336323.29
01-03-2024,MOBILE BANKING,MMT/IMPS/739586473663/SUNITA DEVI/HDFC BANK LTD,500.0,,1336823.29
01-03-2024,NEFT,NEFT-351497788818-SOUTHERN RETAILS-REIMB-628984-HDFC0703406,24000.0,,1360823.29
01-03-2024,SALARY,NEFT-251502979185-TECHNOVA SOLUTIONS-SALARY-628984-HDFC0858159,77250.0,,1438073.29
01-03-2024,MOBILE BANKING,MMT/IMPS/450839506447/NADIA HUSSAIN/HDFC BANK LTD,850.0,,1438923.29
01-03-2024,DEBIT CARD,VPS/ZOMATO/692933691507/MYSURU,,999.0,1437924.29
02-03-2024,OTHER ATMS,NFS/97403951/CASH WDL/02-03-24,,1250.0,1436674.29
02-03-2024,BILL,BIL/INFT/310835058444/BOOKMYSHOW/PAYMENT,,7800.0,1428874.29
02-03-2024,OTHER ATMS,NFS/48927635/CASH WDL/02-03-24,,2380.0,1426494.29
02-03-2024,UPI,UPI/779834077261/UPI/harishmeno237@okhdfcbank/State Bank Of I/,,850.0,1425644.29
02-03-2024,OTHER ATMS,NFS/62642789/CASH WDL/02-03-24,,1250.0,1424394.29
03-03-2024,MOBILE BANKING,MMT/IMPS/922091642233/MALLIKA DAS/HDFC BANK LTD,4800.0,,1429194.29
03-03-2024,DEBIT CARD,VPS/FLIPKART/403323182682/HYDERABAD,,999.0,1428195.29
03-03-2024,DEBIT CARD,VPS/JIO/438504453913/MARATHAHALLI,,310.0,1427885.29
04-03-2024,OTHER ATMS,NFS/41135014/CASH WDL/04-03-24,,999.0,1426886.29
04-03-2024,UPI,UPI/229575511319/UPI/gopalnaik78@ybl/State Bank Of I/,,3499.0,1423387.29
04-03-2024,DEBIT CARD,VPS/AIRTEL/170624074619/WHITEFIELD,,79.0,1423308.29
05-03-2024,NEFT,NEFT DR-HDFC0825438-HARISH MENON-875249437657-RENT,,18000.0,1405308.29
05-03-2024,OTHER ATMS,NFS/31182012/CASH WDL/05-03-24,,5200.0,1400108.29
08-03-2024,MOBILE BANKING,MMT/IMPS/446662618042/NADIA HUSSAIN/HDFC BANK LTD,18500.0,,1418608.29
08-03-2024,OTHER ATMS,NFS/04392838/CASH WDL/08-03-24,,1680.0,1416928.29
09-03-2024,UPI,UPI/928015029409/UPI/arjunmehta841@okhdfcbank/State Bank Of I/,,79.0,1416849.29
10-03-2024,DEBIT CARD,VPS/AMAZON/004133388348/BTM LAYOUT,,7800.0,1409049.29
11-03-2024,MOBILE BANKING,MMT/IMPS/206683601492/NILESH KULKARNI/HDFC BANK LTD,1200.0,,1410249.29
12-03-2024,UPI,UPI/154880448433/UPI/sunilshett969@ybl/State Bank Of I/,,249.0,1410000.29
13-03-2024,DEBIT CARD,VPS/IRCTC/173758614422/BTM LAYOUT,,249.0,1409751.29
13-03-2024,MOBILE BANKING,MMT/IMPS/826918122410/MEENA IYER/HDFC BANK LTD,7500.0,,1417251.29
14-03-2024,BILL,BIL/INFT/066153647747/OLA/PAYMENT,,49.0,1417202.29
14-03-2024,BILL,BIL/INFT/787972986797/OLA/PAYMENT,,1680.0,1415522.29
14-03-2024,OTHER ATMS,NFS/76126487/CASH WDL/14-03-24,,249.0,1415273.29
14-03-2024,NEFT,NEFT-473337481120-SOUTHERN RETAILS-REIMB-628984-HDFC0779562,12000.0,,1427273.29
16-03-2024,MOBILE BANKING,MMT/IMPS/053526811100/SUSHMA RAO/HDFC BANK LTD,1200.0,,1428473.29
17-03-2024,DEBIT CARD,VPS/HPCL/400742253539/KORAMANGALA,,850.0,1427623.29
17-03-2024,UPI,UPI/168778109802/UPI/harishmeno898@paytm/State Bank Of I/,,120.0,1427503.29
18-03-2024,BILL,BIL/INFT/077792453381/FLIPKART/PAYMENT,,7800.0,1419703.29
19-03-2024,MOBILE BANKING,MMT/IMPS/140639080084/VIKRAM NAIR/HDFC BANK LTD,11200.0,,1430903.29
19-03-2024,MOBILE BANKING,MMT/IMPS/896265317684/TARA GEORGE/HDFC BANK LTD,7500.0,,1438403.29
21-03-2024,OTHER ATMS,NFS/38908752/CASH WDL/21-03-24,,2380.0,1436023.29
22-03-2024,DEBIT CARD,VPS/AIRTEL/459846909573/BTM LAYOUT,,1680.0,1434343.29
23-03-2024,DEBIT CARD,VPS/OLA/700767821880/HYDERABAD,,120.0,1434223.29
23-03-2024,NEFT,NEFT-778357039286-SOUTHERN RETAILS-REIMB-628984-HDFC0232039,12000.0,,1446223.29
24-03-2024,OTHER ATMS,NFS/96225622/CASH WDL/24-03-24,,2380.0,1443843.29
25-03-2024,BILL,BIL/INFT/726038058916/BPCL/PAYMENT,,2380.0,1441463.29
25-03-2024,INTEREST,CREDIT INTEREST CAPITALISED,115.3,,1441578.59
25-03-2024,CHARGES,GST ON BANK CHARGES,,17.7,1441560.89
25-03-2024,BILL,BIL/INFT/969792695668/JIO/PAYMENT,,79.0,1441481.89
25-03-2024,BILL,BIL/INFT/076470363371/AMAZON/PAYMENT,,310.0,1441171.89
27-03-2024,DEBIT CARD,VPS/IOCL/293130759667/SECUNDERABAD,,120.0,1441051.89
28-03-2024,OTHER ATMS,NFS/96924038/CASH WDL/28-03-24,,999.0,1440052.89
28-03-2024,OTHER ATMS,NFS/56928352/CASH WDL/28-03-24,,120.0,1439932.89
28-03-2024,OTHER ATMS,NFS/65272043/CASH WDL/28-03-24,,310.0,1439622.89
29-03-2024,DEBIT CARD,VPS/APOLLO PHA/741537084328/BTM LAYOUT,,49.0,1439573.89
29-03-2024,UPI,UPI/790863844972/UPI/reshmakhan278@ybl/State Bank Of I/,,49.0,1439524.89
30-03-2024,MOBILE BANKING,MMT/IMPS/309372010599/ARJUN MEHTA/HDFC BANK LTD,7500.0,,1447024.89
30-03-2024,BILL,BIL/INFT/472047236613/ZOMATO/PAYMENT,,7800.0,1439224.89
30-03-2024,UPI,UPI/548475081737/UPI/lathadevi79@ybl/State Bank Of I/,,1680.0,1437544.89
01-04-2024,BILL,BIL/INFT/173381271082/OLA/PAYMENT,,850.0,1436694.89
01-04-2024,SALARY,NEFT-810078616560-TECHNOVA SOLUTIONS-SALARY-628984-HDFC0058867,78000.0,,1514694.89
01-04-2024,UPI,UPI/121786655776/UPI/ayeshakhan141@paytm/State Bank Of I/,,1680.0,1513014.89
01-04-2024,MOBILE BANKING,MMT/IMPS/256648116299/MOHAMMED IRFAN/HDFC BANK LTD,2500.0,,1515514.89
02-04-2024,OTHER ATMS,NFS/97119238/CASH WDL/02-04-24,,2380.0,1513134.89
03-04-2024,BILL,BIL/INFT/163909980832/UBER/PAYMENT,,3499.0,1509635.89
03-04-2024,NEFT,NEFT DR-HDFC0241740-RAHUL SINGH-383715146424-RENT,,26500.0,1483135.89
03-04-2024,OTHER ATMS,NFS/43163642/CASH WDL/03-04-24,,1250.0,1481885.89
04-04-2024,OTHER ATMS,NFS/67584041/CASH WDL/04-04-24,,310.0,1481575.89
04-04-2024,DEBIT CARD,VPS/IOCL/278995261301/INDIRANAGAR,,310.0,1481265.89
05-04-2024,BILL,BIL/INFT/660314836996/BESCOM/PAYMENT,,3499.0,1477766.89
05-04-2024,UPI,UPI/517377701104/UPI/poojasharm120@okhdfcbank/State Bank Of I/,,249.0,1477517.89
06-04-2024,UPI,UPI/593542645015/UPI/smitharao287@ybl/State Bank Of I/,,5200.0,1472317.89
07-04-2024,BILL,BIL/INFT/040784514465/AMAZON/PAYMENT,,999.0,1471318.89
07-04-2024,DEBIT CARD,VPS/AMAZON/372953004046/BANJARA HILLS,,79.0,1471239.89
08-04-2024,OTHER ATMS,NFS/32543536/CASH WDL/08-04-24,,310.0,1470929.89
08-04-2024,OTHER ATMS,NFS/12680193/CASH WDL/08-04-24,,1250.0,1469679.89
09-04-2024,DEBIT CARD,VPS/AIRTEL/540054390532/MARATHAHALLI,,249.0,1469430.89
10-04-2024,DEBIT CARD,VPS/SWIGGY/172950184501/BTM LAYOUT,,2380.0,1467050.89
10-04-2024,BILL,BIL/INFT/910090936558/IRCTC/PAYMENT,,1250.0,1465800.89
12-04-2024,MOBILE BANKING,MMT/IMPS/989690484673/KARTHIK MENON/HDFC BANK LTD,4800.0,,1470600.89
12-04-2024,OTHER ATMS,NFS/58209938/CASH WDL/12-04-24,,699.0,1469901.89
15-04-2024,MOBILE BANKING,MMT/IMPS/020943599141/MOHAN DAS/HDFC BANK LTD,1200.0,,1471101.89
16-04-2024,OTHER ATMS,NFS/80421885/CASH WDL/16-04-24,,79.0,1471022.89
16-04-2024,UPI,UPI/342878387911/UPI/farhankhan112@paytm/State Bank Of I/,,5200.0,1465822.89
17-04-2024,DEBIT CARD,VPS/DMART/678000830323/KUKATPALLY,,699.0,1465123.89
18-04-2024,UPI,UPI/243372001480/UPI/poojasharm841@ybl/State Bank Of I/,,7800.0,1457323.89
18-04-2024,BILL,BIL/INFT/968425119122/BPCL/PAYMENT,,249.0,1457074.89
18-04-2024,OTHER ATMS,NFS/64673769/CASH WDL/18-04-24,,1250.0,1455824.89
18-04-2024,OTHER ATMS,NFS/66685837/CASH WDL/18-04-24,,310.0,1455514.89
18-04-2024,UPI,UPI/967225181921/UPI/smitharao515@okaxis/State Bank Of I/,,699.0,1454815.89
18-04-2024,BILL,BIL/INFT/140328089347/APOLLO PHARMACY/PAYMENT,,999.0,1453816.89
19-04-2024,MOBILE BANKING,MMT/IMPS/683031082668/RAHUL SINGH/HDFC BANK LTD,4800.0,,1458616.89
19-04-2024,MOBILE BANKING,MMT/IMPS/461256087632/DIVYA MENON/HDFC BANK LTD,7500.0,,1466116.89
20-04-2024,MOBILE BANKING,MMT/IMPS/269893297841/SHEELA DEVI/HDFC BANK LTD,1200.0,,1467316.89
20-04-2024,DEBIT CARD,VPS/PVR CINEMA/355180040166/KORAMANGALA,,1250.0,1466066.89
21-04-2024,MOBILE BANKING,MMT/IMPS/657412539595/KARTHIK MENON/HDFC BANK LTD,4800.0,,1470866.89
21-04-2024,MOBILE BANKING,MMT/IMPS/226007982789/SURESH NAIR/HDFC BANK LTD,24000.0,,1494866.89
22-04-2024,MOBILE BANKING,MMT/IMPS/425637231282/AYESHA KHAN/HDFC BANK LTD,4800.0,,1499666.89
22-04-2024,BILL,BIL/INFT/956254496313/OLA/PAYMENT,,2380.0,1497286.89
23-04-2024,OTHER ATMS,NFS/05220923/CASH WDL/23-04-24,,2380.0,1494906.89
24-04-2024,BILL,BIL/INFT/004204309939/RELIANCE FRESH/PAYMENT,,49.0,1494857.89
24-04-2024,MOBILE BANKING,MMT/IMPS/252700001281/KARTHIK MENON/HDFC BANK LTD,1200.0,,1496057.89
24-04-2024,MOBILE BANKING,MMT/IMPS/169198328038/ARJUN MEHTA/HDFC BANK LTD,7500.0,,1503557.89
25-04-2024,DEBIT CARD,VPS/JIO/357831901529/WHITEFIELD,,7800.0,1495757.89
26-04-2024,OTHER ATMS,NFS/61172514/CASH WDL/26-04-24,,3499.0,1492258.89
26-04-2024,OTHER ATMS,NFS/50563520/CASH WDL/26-04-24,,699.0,1491559.89
26-04-2024,UPI,UPI/294504860019/UPI/priyanair865@oksbi/State Bank Of I/,,3499.0,1488060.89
26-04-2024,BILL,BIL/INFT/446157321331/MEDPLUS/PAYMENT,,79.0,1487981.89
27-04-2024,DEBIT CARD,VPS/BESCOM/318736034149/KORAMANGALA,,1250.0,1486731.89
28-04-2024,MOBILE BANKING,MMT/IMPS/161464305535/KAVITHA RAO/HDFC BANK LTD,1200.0,,1487931.89
30-04-2024,UPI,UPI/635483813120/UPI/poojasharm733@oksbi/State Bank Of I/,,249.0,1487682.89
01-05-2024,BILL,BIL/INFT/863507595290/HPCL/PAYMENT,,850.0,1486832.89
01-05-2024,BILL,BIL/INFT/896498216930/JIO/PAYMENT,,999.0,1485833.89
02-05-2024,SALARY,NEFT-869276182353-TECHNOVA SOLUTIONS-SALARY-628984-HDFC0252290,78500.0,,1564333.89
02-05-2024,UPI,UPI/414690080429/UPI/mohandas643@oksbi/State Bank Of I/,,7800.0,1556533.89
03-05-2024,OTHER ATMS,NFS/69440841/CASH WDL/03-05-24,,1250.0,1555283.89
03-05-2024,UPI,UPI/734114607861/UPI/priyanair647@okhdfcbank/State Bank Of I/,,3499.0,1551784.89
04-05-2024,MOBILE BANKING,MMT/IMPS/593422747063/SHEELA DEVI/HDFC BANK LTD,4800.0,,1556584.89
04-05-2024,NEFT,NEFT DR-HDFC0641650-ANJALI RAO-258285670409-RENT,,26500.0,1530084.89
04-05-2024,OTHER ATMS,NFS/59944267/CASH WDL/04-05-24,,310.0,1529774.89
04-05-2024,UPI,UPI/350560488924/UPI/vikramnair577@okhdfcbank/State Bank Of I/,,1680.0,1528094.89
05-05-2024,UPI,UPI/309487061485/UPI/vinaypatil244@oksbi/State Bank Of I/,,2380.0,1525714.89
06-05-2024,DEBIT CARD,VPS/JIO/211310663089/INDIRANAGAR,,7800.0,1517914.89
06-05-2024,BILL,BIL/INFT/149617780959/PVR CINEMAS/PAYMENT,,999.0,1516915.89
07-05-2024,MOBILE BANKING,MMT/IMPS/259287479073/LATHA MURTHY/HDFC BANK LTD,500.0,,1517415.89
07-05-2024,DEBIT CARD,VPS/IOCL/442584591115/SECUNDERABAD,,2380.0,1515035.89
08-05-2024,UPI,UPI/870930991684/UPI/anjalirao579@paytm/State Bank Of I/,,699.0,1514336.89
09-05-2024,DEBIT CARD,VPS/ZOMATO/169510303656/BTM LAYOUT,,3499.0,1510837.89
09-05-2024,MOBILE BANKING,MMT/IMPS/745661801872/VENKAT RAO/HDFC BANK LTD,2500.0,,1513337.89
12-05-2024,BILL,BIL/INFT/697000614701/BPCL/PAYMENT,,2380.0,1510957.89
13-05-2024,UPI,UPI/348720441114/UPI/divyamenon262@okaxis/State Bank Of I/,,7800.0,1503157.89
13-05-2024,UPI,UPI/932440677175/UPI/sunilshett656@paytm/State Bank Of I/,,1250.0,1501907.89
13-05-2024,MOBILE BANKING,MMT/IMPS/174330575873/SURESH NAIR/HDFC BANK LTD,850.0,,1502757.89
13-05-2024,OTHER ATMS,NFS/36893597/CASH WDL/13-05-24,,120.0,1502637.89
14-05-2024,DEBIT CARD,VPS/IRCTC/742723927589/PUNE,,850.0,1501787.89
15-05-2024,MOBILE BANKING,MMT/IMPS/762984449675/SNEHA PATIL/HDFC BANK LTD,11200.0,,1512987.89
15-05-2024,UPI,UPI/721044738319/UPI/vikramnair269@ybl/State Bank Of I/,,999.0,1511988.89
15-05-2024,OTHER ATMS,NFS/26817252/CASH WDL/15-05-24,,3499.0,1508489.89
16-05-2024,MOBILE BANKING,MMT/IMPS/450711207977/SUNIL YADAV/HDFC BANK LTD,500.0,,1508989.89
17-05-2024,MOBILE BANKING,MMT/IMPS/262443268115/RAJENDRA PRASAD/HDFC BANK LTD,4800.0,,1513789.89
18-05-2024,MOBILE BANKING,MMT/IMPS/531079184167/RAVI KUMAR/HDFC BANK LTD,18500.0,,1532289.89
18-05-2024,DEBIT CARD,VPS/FLIPKART/511200342669/MYSURU,,999.0,1531290.89
18-05-2024,BILL,BIL/INFT/079607181017/PVR CINEMAS/PAYMENT,,449.0,1530841.89
18-05-2024,MOBILE BANKING,MMT/IMPS/706042525133/FARHAN KHAN/HDFC BANK LTD,11200.0,,1542041.89
18-05-2024,OTHER ATMS,NFS/73071252/CASH WDL/18-05-24,,310.0,1541731.89
19-05-2024,DEBIT CARD,VPS/BESCOM/971867762423/KORAMANGALA,,7800.0,1533931.89
19-05-2024,UPI,UPI/767533657821/UPI/poojasharm49@paytm/State Bank Of I/,,3499.0,1530432.89
19-05-2024,MOBILE BANKING,MMT/IMPS/813383154169/MOHAMMED IRFAN/HDFC BANK LTD,18500.0,,1548932.89
19-05-2024,MOBILE BANKING,MMT/IMPS/761935234641/GANESH KUMAR/HDFC BANK LTD,11200.0,,1560132.89
20-05-2024,OTHER ATMS,NFS/69667217/CASH WDL/20-05-24,,79.0,1560053.89
21-05-2024,MOBILE BANKING,MMT/IMPS/094343364598/ARUN SHARMA/HDFC BANK LTD,7500.0,,1567553.89
22-05-2024,BILL,BIL/INFT/168999212035/AMAZON/PAYMENT,,1250.0,1566303.89
22-05-2024,UPI,UPI/085833886537/UPI/rahulsingh176@paytm/State Bank Of I/,,310.0,1565993.89
22-05-2024,MOBILE BANKING,MMT/IMPS/617914133606/RAHUL SINGH/HDFC BANK LTD,2500.0,,1568493.89
22-05-2024,OTHER ATMS,NFS/11462193/CASH WDL/22-05-24,,999.0,1567494.89
24-05-2024,MOBILE BANKING,MMT/IMPS/303109307288/SANTOSH KUMAR/HDFC BANK LTD,7500.0,,1574994.89
24-05-2024,OTHER ATMS,NFS/67760704/CASH WDL/24-05-24,,5200.0,1569794.89
26-05-2024,OTHER ATMS,NFS/92406870/CASH WDL/26-05-24,,3499.0,1566295.89
26-05-2024,UPI,UPI/792263979157/UPI/vikramnair428@oksbi/State Bank Of I/,,2380.0,1563915.89
27-05-2024,OTHER ATMS,NFS/52896786/CASH WDL/27-05-24,,999.0,1562916.89
27-05-2024,OTHER ATMS,NFS/92241735/CASH WDL/27-05-24,,449.0,1562467.89
27-05-2024,UPI,UPI/677089986480/UPI/anjalirao605@okaxis/State Bank Of I/,,7800.0,1554667.89
28-05-2024,MOBILE BANKING,MMT/IMPS/364035251392/USHA RANI/HDFC BANK LTD,850.0,,1555517.89
28-05-2024,OTHER ATMS,NFS/12208824/CASH WDL/28-05-24,,1250.0,1554267.89
28-05-2024,MOBILE BANKING,MMT/IMPS/350980037585/VIKRAM NAIR/HDFC BANK LTD,850.0,,1555117.89
28-05-2024,DEBIT CARD,VPS/AMAZON/447589823824/BTM LAYOUT,,3499.0,1551618.89
29-05-2024,UPI,UPI/122946699579/UPI/vikramnair743@okaxis/State Bank Of I/,,310.0,1551308.89
29-05-2024,UPI,UPI/732529850548/UPI/ayeshakhan41@ybl/State Bank Of I/,,999.0,1550309.89
30-05-2024,UPI,UPI/899473214656/UPI/vikramnair938@oksbi/State Bank Of I/,,3499.0,1546810.89
30-05-2024,NEFT,NEFT-068345960418-SOUTHERN RETAILS-REIMB-628984-HDFC0274522,18500.0,,1565310.89
30-05-2024,DEBIT CARD,VPS/IRCTC/524945373402/HSR LAYOUT,,249.0,1565061.89
31-05-2024,MOBILE BANKING,MMT/IMPS/900161646601/FARHAN KHAN/HDFC BANK LTD,850.0,,1565911.89
01-06-2024,SALARY,NEFT-880446857450-TECHNOVA SOLUTIONS-SALARY-628984-HDFC0906234,78500.0,,1644411.89
01-06-2024,OTHER ATMS,NFS/61504548/CASH WDL/01-06-24,,699.0,1643712.89
01-06-2024,BILL,BIL/INFT/540501232359/IRCTC/PAYMENT,,79.0,1643633.89
01-06-2024,OTHER ATMS,NFS/49849169/CASH WDL/01-06-24,,449.0,1643184.89
02-06-2024,DEBIT CARD,VPS/IOCL/766502631684/SECUNDERABAD,,49.0,1643135.89
03-06-2024,DEBIT CARD,VPS/IRCTC/672772676341/MARATHAHALLI,,1250.0,1641885.89
03-06-2024,MOBILE BANKING,MMT/IMPS/695975264537/ARJUN MEHTA/HDFC BANK LTD,500.0,,1642385.89
04-06-2024,NEFT,NEFT DR-HDFC0928302-KIRAN REDDY-931889856162-RENT,,26500.0,1615885.89
04-06-2024,UPI,UPI/210290456117/UPI/naveenkuma839@okaxis/State Bank Of I/,,449.0,1615436.89
04-06-2024,UPI,UPI/273741718382/UPI/reshmakhan742@okaxis/State Bank Of I/,,449.0,1614987.89
04-06-2024,MOBILE BANKING,MMT/IMPS/017228526139/TARA SINGH/HDFC BANK LTD,24000.0,,1638987.89
04-06-2024,MOBILE BANKING,MMT/IMPS/207762744375/SHEELA DEVI/HDFC BANK LTD,24000.0,,1662987.89
05-06-2024,MOBILE BANKING,MMT/IMPS/930248751681/RESHMA KHAN/HDFC BANK LTD,18500.0,,1681487.89
05-06-2024,MOBILE BANKING,MMT/IMPS/235096104372/NADIA HUSSAIN/HDFC BANK LTD,1200.0,,1682687.89
06-06-2024,MOBILE BANKING,MMT/IMPS/078189223052/RAVI KUMAR/HDFC BANK LTD,4800.0,,1687487.89
06-06-2024,DEBIT CARD,VPS/AMAZON/929680739677/JAYANAGAR,,79.0,1687408.89
08-06-2024,MOBILE BANKING,MMT/IMPS/505000714954/RAJESH VERMA/HDFC BANK LTD,500.0,,1687908.89
08-06-2024,BILL,BIL/INFT/351873655943/SWIGGY/PAYMENT,,120.0,1687788.89
09-06-2024,DEBIT CARD,VPS/AMAZON/390578197514/INDIRANAGAR,,1680.0,1686108.89
09-06-2024,MOBILE BANKING,MMT/IMPS/807696798228/LALITHA DEVI/HDFC BANK LTD,4800.0,,1690908.89
09-06-2024,OTHER ATMS,NFS/20737165/CASH WDL/09-06-24,,1250.0,1689658.89
10-06-2024,UPI,UPI/095295912603/UPI/anjalirao443@oksbi/State Bank Of I/,,1250.0,1688408.89
10-06-2024,UPI,UPI/962816691803/UPI/vikramnair780@oksbi/State Bank Of I/,,999.0,1687409.89
11-06-2024,OTHER ATMS,NFS/57236616/CASH WDL/11-06-24,,249.0,1687160.89
11-06-2024,UPI,UPI/700728022120/UPI/ayeshakhan574@oksbi/State Bank Of I/,,249.0,1686911.89
11-06-2024,DEBIT CARD,VPS/FLIPKART/231154651993/KUKATPALLY,,2380.0,1684531.89
12-06-2024,MOBILE BANKING,MMT/IMPS/906532861270/SUNITA DEVI/HDFC BANK LTD,2500.0,,1687031.89
12-06-2024,OTHER ATMS,NFS/12452814/CASH WDL/12-06-24,,120.0,1686911.89
13-06-2024,DEBIT CARD,VPS/FLIPKART/776892274089/SECUNDERABAD,,999.0,1685912.89
15-06-2024,UPI,UPI/317891145621/UPI/arjunmehta378@paytm/State Bank Of I/,,3499.0,1682413.89
16-06-2024,DEBIT CARD,VPS/PVR CINEMA/931738465264/MYSURU,,699.0,1681714.89
16-06-2024,DEBIT CARD,VPS/SWIGGY/108311321369/HSR LAYOUT,,699.0,1681015.89
19-06-2024,MOBILE BANKING,MMT/IMPS/569344974829/LALITHA DEVI/HDFC BANK LTD,11200.0,,1692215.89
20-06-2024,MOBILE BANKING,MMT/IMPS/270079611521/ARUN SHARMA/HDFC BANK LTD,500.0,,1692715.89
20-06-2024,MOBILE BANKING,MMT/IMPS/813202732912/SURESH BABU/HDFC BANK LTD,500.0,,1693215.89
20-06-2024,OTHER ATMS,NFS/68568570/CASH WDL/20-06-24,,49.0,1693166.89
21-06-2024,MOBILE BANKING,MMT/IMPS/170207296962/TANVI RAO/HDFC BANK LTD,500.0,,1693666.89
22-06-2024,UPI,UPI/243192889857/UPI/divyamenon764@paytm/State Bank Of I/,,79.0,1693587.89
22-06-2024,BILL,BIL/INFT/639152739172/HPCL/PAYMENT,,2380.0,1691207.89
23-06-2024,OTHER ATMS,NFS/20437368/CASH WDL/23-06-24,,2380.0,1688827.89
23-06-2024,NEFT,NEFT-456165582264-SOUTHERN RETAILS-REIMB-628984-HDFC0431145,24000.0,,1712827.89
23-06-2024,DEBIT CARD,VPS/BPCL/945162576430/KUKATPALLY,,3499.0,1709328.89
23-06-2024,MOBILE BANKING,MMT/IMPS/713283021445/HARISH MENON/HDFC BANK LTD,2500.0,,1711828.89
23-06-2024,BILL,BIL/INFT/279612062956/IOCL/PAYMENT,,699.0,1711129.89
23-06-2024,UPI,UPI/418286810109/UPI/ayeshakhan199@oksbi/State Bank Of I/,,120.0,1711009.89
24-06-2024,DEBIT CARD,VPS/BOOKMYSHOW/394923502435/MYSURU,,999.0,1710010.89
25-06-2024,BILL,BIL/INFT/719474365612/MEDPLUS/PAYMENT,,5200.0,1704810.89
25-06-2024,INTEREST,CREDIT INTEREST CAPITALISED,159.26,,1704970.15
25-06-2024,CHARGES,GST ON BANK CHARGES,,17.7,1704952.45
25-06-2024,BILL,BIL/INFT/080124242811/RELIANCE FRESH/PAYMENT,,5200.0,1699752.45
25-06-2024,OTHER ATMS,NFS/54322053/CASH WDL/25-06-24,,310.0,1699442.45
25-06-2024,DEBIT CARD,VPS/BESCOM/611967006593/MARATHAHALLI,,999.0,1698443.45
25-06-2024,MOBILE BANKING,MMT/IMPS/978950043372/SUSHMA RAO/HDFC BANK LTD,18500.0,,1716943.45
26-06-2024,DEBIT CARD,VPS/PVR CINEMA/997568449485/MYSURU,,120.0,1716823.45
27-06-2024,BILL,BIL/INFT/291875538734/BESCOM/PAYMENT,,449.0,1716374.45
27-06-2024,OTHER ATMS,NFS/14654129/CASH WDL/27-06-24,,3499.0,1712875.45
27-06-2024,DEBIT CARD,VPS/FLIPKART/870970705189/HSR LAYOUT,,7800.0,1705075.45
27-06-2024,BILL,BIL/INFT/672779127684/IOCL/PAYMENT,,2380.0,1702695.45
28-06-2024,BILL,BIL/INFT/524411748541/FLIPKART/PAYMENT,,2380.0,1700315.45
01-07-2024,SALARY,NEFT-279387498467-TECHNOVA SOLUTIONS-SALARY-628984-HDFC0168792,78000.0,,1778315.45
02-07-2024,MOBILE BANKING,MMT/IMPS/143493462970/USHA RANI/HDFC BANK LTD,1200.0,,1779515.45
02-07-2024,OTHER ATMS,NFS/34589893/CASH WDL/02-07-24,,79.0,1779436.45
03-07-2024,NEFT,NEFT DR-HDFC0946292-FARHAN KHAN-891905440395-RENT,,26500.0,1752936.45
03-07-2024,BILL,BIL/INFT/193170173922/AMAZON/PAYMENT,,249.0,1752687.45
03-07-2024,UPI,UPI/857685015901/UPI/kiranreddy851@ybl/State Bank Of I/,,850.0,1751837.45
03-07-2024,MOBILE BANKING,MMT/IMPS/905017635541/RAHUL SINGH/HDFC BANK LTD,500.0,,1752337.45
04-07-2024,MOBILE BANKING,MMT/IMPS/411038104248/RAHUL SINGH/HDFC BANK LTD,500.0,,1752837.45
06-07-2024,MOBILE BANKING,MMT/IMPS/481397168987/SHEELA DEVI/HDFC BANK LTD,18500.0,,1771337.45
09-07-2024,MOBILE BANKING,MMT/IMPS/026290983825/REKHA PILLAI/HDFC BANK LTD,1200.0,,1772537.45
10-07-2024,MOBILE BANKING,MMT/IMPS/994026418321/RAJENDRA PRASAD/HDFC BANK LTD,11200.0,,1783737.45
11-07-2024,BILL,BIL/INFT/524937750550/ZOMATO/PAYMENT,,1680.0,1782057.45
11-07-2024,BILL,BIL/INFT/923646527683/FLIPKART/PAYMENT,,249.0,1781808.45
13-07-2024,OTHER ATMS,NFS/19684890/CASH WDL/13-07-24,,3499.0,1778309.45
13-07-2024,DEBIT CARD,VPS/MEDPLUS/867688998512/JAYANAGAR,,5200.0,1773109.45
14-07-2024,DEBIT CARD,VPS/APOLLO PHA/877518864780/HYDERABAD,,1250.0,1771859.45
14-07-2024,OTHER ATMS,NFS/65275522/CASH WDL/14-07-24,,3499.0,1768360.45
14-07-2024,OTHER ATMS,NFS/58273268/CASH WDL/14-07-24,,49.0,1768311.45
14-07-2024,UPI,UPI/748167665947/UPI/reshmakhan583@okhdfcbank/State Bank Of I/,,3499.0,1764812.45
14-07-2024,MOBILE BANKING,MMT/IMPS/106256255701/VIKRAM NAIR/HDFC BANK LTD,4800.0,,1769612.45
15-07-2024,OTHER ATMS,NFS/46212990/CASH WDL/15-07-24,,1250.0,1768362.45
15-07-2024,BILL,BIL/INFT/454151341802/SWIGGY/PAYMENT,,2380.0,1765982.45
16-07-2024,MOBILE BANKING,MMT/IMPS/591138668388/SMITHA PILLAI/HDFC BANK LTD,500.0,,1766482.45
16-07-2024,BILL,BIL/INFT/021485122479/MEDPLUS/PAYMENT,,3499.0,1762983.45
17-07-2024,OTHER ATMS,NFS/15923361/CASH WDL/17-07-24,,79.0,1762904.45
17-07-2024,NEFT,NEFT-106073057095-SOUTHERN RETAILS-REIMB-628984-HDFC0771253,18500.0,,1781404.45
17-07-2024,OTHER ATMS,NFS/65854992/CASH WDL/17-07-24,,699.0,1780705.45
17-07-2024,UPI,UPI/134877726079/UPI/rajeshverm610@oksbi/State Bank Of I/,,5200.0,1775505.45
18-07-2024,DEBIT CARD,VPS/IRCTC/880332898420/HSR LAYOUT,,1250.0,1774255.45
18-07-2024,UPI,UPI/101130630983/UPI/harishmeno809@paytm/State Bank Of I/,,249.0,1774006.45
19-07-2024,MOBILE BANKING,MMT/IMPS/774192337585/PRADEEP SINGH/HDFC BANK LTD,11200.0,,1785206.45
19-07-2024,UPI,UPI/635368270038/UPI/ayeshakhan803@okaxis/State Bank Of I/,,310.0,1784896.45
19-07-2024,UPI,UPI/908172445705/UPI/anjalirao363@ybl/State Bank Of I/,,79.0,1784817.45
19-07-2024,OTHER ATMS,NFS/78614654/CASH WDL/19-07-24,,2380.0,1782437.45
20-07-2024,MOBILE BANKING,MMT/IMPS/354412124437/REKHA PILLAI/HDFC BANK LTD,18500.0,,1800937.45
20-07-2024,OTHER ATMS,NFS/27409451/CASH WDL/20-07-24,,850.0,1800087.45
22-07-2024,UPI,UPI/472524602342/UPI/gopalnaik252@ybl/State Bank Of I/,,310.0,1799777.45
22-07-2024,DEBIT CARD,VPS/UBER/827370614004/PUNE,,5200.0,1794577.45
22-07-2024,UPI,UPI/968320508890/UPI/mohandas775@okaxis/State Bank Of I/,,449.0,1794128.45
23-07-2024,OTHER ATMS,NFS/00073357/CASH WDL/23-07-24,,999.0,1793129.45
23-07-2024,OTHER ATMS,NFS/27438724/CASH WDL/23-07-24,,310.0,1792819.45
24-07-2024,MOBILE BANKING,MMT/IMPS/906140794399/USHA RANI/HDFC BANK LTD,500.0,,1793319.45
24-07-2024,DEBIT CARD,VPS/ZOMATO/267875848562/MANGALURU,,120.0,1793199.45
25-07-2024,MOBILE BANKING,MMT/IMPS/808943441284/TARA GEORGE/HDFC BANK LTD,11200.0,,1804399.45
26-07-2024,OTHER ATMS,NFS/18572674/CASH WDL/26-07-24,,3499.0,1800900.45
26-07-2024,UPI,UPI/653162054197/UPI/divyamenon201@oksbi/State Bank Of I/,,7800.0,1793100.45
26-07-2024,MOBILE BANKING,MMT/IMPS/617827008839/KAVERI MENON/HDFC BANK LTD,24000.0,,1817100.45
27-07-2024,MOBILE BANKING,MMT/IMPS/623552280277/LALITHA DEVI/HDFC BANK LTD,2500.0,,1819600.45
27-07-2024,UPI,UPI/147438541004/UPI/farhankhan687@okaxis/State Bank Of I/,,310.0,1819290.45
27-07-2024,DEBIT CARD,VPS/JIO/788509981855/MUMBAI,,1680.0,1817610.45
27-07-2024,OTHER ATMS,NFS/63232361/CASH WDL/27-07-24,,3499.0,1814111.45
28-07-2024,MOBILE BANKING,MMT/IMPS/992811596904/GANESH KUMAR/HDFC BANK LTD,4800.0,,1818911.45
29-07-2024,UPI,UPI/066501851316/UPI/meerapilla238@okaxis/State Bank Of I/,,7800.0,1811111.45
30-07-2024,OTHER ATMS,NFS/65743176/CASH WDL/30-07-24,,5200.0,1805911.45
31-07-2024,OTHER ATMS,NFS/29868339/CASH WDL/31-07-24,,7800.0,1798111.45
01-08-2024,BILL,BIL/INFT/083027166041/AIRTEL/PAYMENT,,5200.0,1792911.45
01-08-2024,SALARY,NEFT-444756817909-TECHNOVA SOLUTIONS-SALARY-628984-HDFC0347058,78500.0,,1871411.45
02-08-2024,DEBIT CARD,VPS/FLIPKART/808732523593/MUMBAI,,3499.0,1867912.45
02-08-2024,BILL,BIL/INFT/612181848094/AIRTEL/PAYMENT,,120.0,1867792.45
02-08-2024,DEBIT CARD,VPS/ZOMATO/260758336387/PUNE,,1250.0,1866542.45
03-08-2024,MOBILE BANKING,MMT/IMPS/689852344442/KARTHIK MENON/HDFC BANK LTD,850.0,,1867392.45
07-08-2024,DEBIT CARD,VPS/HPCL/668297784642/MUMBAI,,249.0,1867143.45
07-08-2024,NEFT,NEFT DR-HDFC0287804-KIRAN REDDY-950871049572-RENT,,18000.0,1849143.45
07-08-2024,UPI,UPI/574688010343/UPI/rajeshverm594@okhdfcbank/State Bank Of I/,,699.0,1848444.45
08-08-2024,DEBIT CARD,VPS/APOLLO PHA/692948924896/KORAMANGALA,,999.0,1847445.45
08-08-2024,UPI,UPI/765714627477/UPI/smitharao343@okhdfcbank/State Bank Of I/,,310.0,1847135.45
09-08-2024,MOBILE BANKING,MMT/IMPS/161766808823/RAMESH GOWDA/HDFC BANK LTD,11200.0,,1858335.45
10-08-2024,UPI,UPI/297702767541/UPI/poojasharm162@okaxis/State Bank Of I/,,79.0,1858256.45
10-08-2024,MOBILE BANKING,MMT/IMPS/226026710910/IMRAN KHAN/HDFC BANK LTD,1200.0,,1859456.45
10-08-2024,DEBIT CARD,VPS/RELIANCE F/066654453911/MUMBAI,,310.0,1859146.45
10-08-2024,UPI,UPI/880934562147/UPI/rohitsharm397@paytm/State Bank Of I/,,1680.0,1857466.45
11-08-2024,DEBIT CARD,VPS/APOLLO PHA/180415378506/BTM LAYOUT,,3499.0,1853967.45
12-08-2024,MOBILE BANKING,MMT/IMPS/499429572973/GOPAL VERMA/HDFC BANK LTD,7500.0,,1861467.45
12-08-2024,BILL,BIL/INFT/995081306106/IRCTC/PAYMENT,,3499.0,1857968.45
13-08-2024,MOBILE BANKING,MMT/IMPS/328111546078/POOJA SHARMA/HDFC BANK LTD,24000.0,,1881968.45
13-08-2024,OTHER ATMS,NFS/39148221/CASH WDL/13-08-24,,449.0,1881519.45
14-08-2024,MOBILE BANKING,MMT/IMPS/412800924341/RAJESH VERMA/HDFC BANK LTD,2500.0,,1884019.45
14-08-2024,BILL,BIL/INFT/109136314994/APOLLO PHARMACY/PAYMENT,,79.0,1883940.45
14-08-2024,MOBILE BANKING,MMT/IMPS/635921953517/RAMESH PILLAI/HDFC BANK LTD,1200.0,,1885140.45
14-08-2024,DEBIT CARD,VPS/ZOMATO/724198582197/BTM LAYOUT,,5200.0,1879940.45
14-08-2024,UPI,UPI/091907730272/UPI/kavyareddy13@paytm/State Bank Of I/,,999.0,1878941.45
15-08-2024,UPI,UPI/625101631790/UPI/lathadevi674@okhdfcbank/State Bank Of I/,,3499.0,1875442.45
16-08-2024,MOBILE BANKING,MMT/IMPS/758553267563/NADIA HUSSAIN/HDFC BANK LTD,500.0,,1875942.45
16-08-2024,DEBIT CARD,VPS/AIRTEL/883644776713/KUKATPALLY,,449.0,1875493.45
17-08-2024,DEBIT CARD,VPS/BPCL/223578461386/WHITEFIELD,,2380.0,1873113.45
18-08-2024,MOBILE BANKING,MMT/IMPS/422006560478/TARA SINGH/HDFC BANK LTD,1200.0,,1874313.45
18-08-2024,BILL,BIL/INFT/086479028806/OLA/PAYMENT,,5200.0,1869113.45
20-08-2024,MOBILE BANKING,MMT/IMPS/944374469757/NADIA HUSSAIN/HDFC BANK LTD,11200.0,,1880313.45
21-08-2024,BILL,BIL/INFT/843801331952/OLA/PAYMENT,,999.0,1879314.45
23-08-2024,UPI,UPI/107520547798/UPI/meerapilla167@ybl/State Bank Of I/,,49.0,1879265.45
23-08-2024,MOBILE BANKING,MMT/IMPS/508443617122/SURESH BABU/HDFC BANK LTD,7500.0,,1886765.45
24-08-2024,UPI,UPI/709466187547/UPI/poojasharm531@ybl/State Bank Of I/,,249.0,1886516.45
25-08-2024,BILL,BIL/INFT/515833772231/SWIGGY/PAYMENT,,79.0,1886437.45
26-08-2024,BILL,BIL/INFT/940646035210/AIRTEL/PAYMENT,,79.0,1886358.45
26-08-2024,BILL,BIL/INFT/691697549460/OLA/PAYMENT,,79.0,1886279.45
27-08-2024,OTHER ATMS,NFS/49674397/CASH WDL/27-08-24,,850.0,1885429.45
27-08-2024,MOBILE BANKING,MMT/IMPS/501477914561/BINDHU NAIR/HDFC BANK LTD,500.0,,1885929.45
27-08-2024,MOBILE BANKING,MMT/IMPS/083676763383/NIKHIL GUPTA/HDFC BANK LTD,4800.0,,1890729.45
28-08-2024,UPI,UPI/093255066484/UPI/ayeshakhan460@okhdfcbank/State Bank Of I/,,5200.0,1885529.45
29-08-2024,UPI,UPI/569458031002/UPI/smitharao421@okaxis/State Bank Of I/,,7800.0,1877729.45
31-08-2024,DEBIT CARD,VPS/JIO/969331600754/BTM LAYOUT,,2380.0,1875349.45
31-08-2024,NEFT,NEFT-162088672167-SOUTHERN RETAILS-REIMB-628984-HDFC0927337,24000.0,,1899349.45
01-09-2024,MOBILE BANKING,MMT/IMPS/046310694354/PADMA RAO/HDFC BANK LTD,500.0,,1899849.45
01-09-2024,OTHER ATMS,NFS/91239595/CASH WDL/01-09-24,,850.0,1898999.45
02-09-2024,UPI,UPI/883671754608/UPI/priyanair790@oksbi/State Bank Of I/,,1680.0,1897319.45
02-09-2024,SALARY,NEFT-346350266596-TECHNOVA SOLUTIONS-SALARY-628984-HDFC0966876,78500.0,,1975819.45
02-09-2024,BILL,BIL/INFT/829856325182/JIO/PAYMENT,,699.0,1975120.45
03-09-2024,OTHER ATMS,NFS/60750963/CASH WDL/03-09-24,,1250.0,1973870.45
03-09-2024,MOBILE BANKING,MMT/IMPS/158418911831/ARUN SHARMA/HDFC BANK LTD,7500.0,,1981370.45
04-09-2024,DEBIT CARD,VPS/JIO/517559461491/KORAMANGALA,,1250.0,1980120.45
04-09-2024,MOBILE BANKING,MMT/IMPS/245831645631/RAJENDRA PRASAD/HDFC BANK LTD,7500.0,,1987620.45
04-09-2024,NEFT,NEFT DR-HDFC0002024-AYESHA KHAN-582589445292-RENT,,18000.0,1969620.45
06-09-2024,UPI,UPI/747438123150/UPI/vikramnair661@okaxis/State Bank Of I/,,79.0,1969541.45
06-09-2024,OTHER ATMS,NFS/53505368/CASH WDL/06-09-24,,7800.0,1961741.45
07-09-2024,UPI,UPI/033265988115/UPI/arjunmehta663@oksbi/State Bank Of I/,,5200.0,1956541.45
07-09-2024,OTHER ATMS,NFS/70792796/CASH WDL/07-09-24,,49.0,1956492.45
07-09-2024,BILL,BIL/INFT/435719677714/JIO/PAYMENT,,1250.0,1955242.45
09-09-2024,UPI,UPI/685187691572/UPI/kiranreddy161@oksbi/State Bank Of I/,,999.0,1954243.45
12-09-2024,BILL,BIL/INFT/157255398894/SWIGGY/PAYMENT,,1250.0,1952993.45
13-09-2024,MOBILE BANKING,MMT/IMPS/035010551835/USHA RANI/HDFC BANK LTD,24000.0,,1976993.45
13-09-2024,UPI,UPI/066112869863/UPI/mohandas582@paytm/State Bank Of I/,,1250.0,1975743.45
13-09-2024,BILL,BIL/INFT/061428902175/IOCL/PAYMENT,,3499.0,1972244.45
13-09-2024,MOBILE BANKING,MMT/IMPS/802556962301/KAVYA REDDY/HDFC BANK LTD,24000.0,,1996244.45
14-09-2024,DEBIT CARD,VPS/ZOMATO/875192064314/KUKATPALLY,,310.0,1995934.45
15-09-2024,BILL,BIL/INFT/622546722961/UBER/PAYMENT,,79.0,1995855.45
15-09-2024,MOBILE BANKING,MMT/IMPS/763984456833/SANJANA HEGDE/HDFC BANK LTD,850.0,,1996705.45
16-09-2024,MOBILE BANKING,MMT/IMPS/276817629259/SUNIL YADAV/HDFC BANK LTD,1200.0,,1997905.45
16-09-2024,OTHER ATMS,NFS/10513769/CASH WDL/16-09-24,,5200.0,1992705.45
16-09-2024,DEBIT CARD,VPS/ZOMATO/175803545779/HYDERABAD,,120.0,1992585.45
16-09-2024,OTHER ATMS,NFS/13313710/CASH WDL/16-09-24,,449.0,1992136.45
17-09-2024,UPI,UPI/780843342886/UPI/kiranreddy867@ybl/State Bank Of I/,,1680.0,1990456.45
17-09-2024,MOBILE BANKING,MMT/IMPS/060877917066/KAVERI MENON/HDFC BANK LTD,11200.0,,2001656.45
17-09-2024,MOBILE BANKING,MMT/IMPS/053867602605/GANESH KUMAR/HDFC BANK LTD,7500.0,,2009156.45
18-09-2024,OTHER ATMS,NFS/07568856/CASH WDL/18-09-24,,850.0,2008306.45
18-09-2024,OTHER ATMS,NFS/40960349/CASH WDL/18-09-24,,120.0,2008186.45
18-09-2024,DEBIT CARD,VPS/APOLLO PHA/583814016271/BANJARA HILLS,,699.0,2007487.45
19-09-2024,MOBILE BANKING,MMT/IMPS/533900257206/PRIYA NAIR/HDFC BANK LTD,7500.0,,2014987.45
19-09-2024,MOBILE BANKING,MMT/IMPS/029266959787/CHANDAN SHARMA/HDFC BANK LTD,4800.0,,2019787.45
19-09-2024,OTHER ATMS,NFS/45321925/CASH WDL/19-09-24,,120.0,2019667.45
20-09-2024,OTHER ATMS,NFS/12715402/CASH WDL/20-09-24,,999.0,2018668.45
21-09-2024,UPI,UPI/458442307002/UPI/vinaypatil300@ybl/State Bank Of I/,,5200.0,2013468.45
21-09-2024,DEBIT CARD,VPS/PVR CINEMA/263271230382/JAYANAGAR,,850.0,2012618.45
22-09-2024,MOBILE BANKING,MMT/IMPS/368626962111/NILESH KULKARNI/HDFC BANK LTD,500.0,,2013118.45
22-09-2024,BILL,BIL/INFT/374678652901/IOCL/PAYMENT,,1250.0,2011868.45
22-09-2024,MOBILE BANKING,MMT/IMPS/916076469756/BABU LAL/HDFC BANK LTD,11200.0,,2023068.45
24-09-2024,DEBIT CARD,VPS/AMAZON/077188405726/MANGALURU,,2380.0,2020688.45
24-09-2024,BILL,BIL/INFT/085072590161/BPCL/PAYMENT,,999.0,2019689.45
24-09-2024,UPI,UPI/502325843078/UPI/gopalnaik289@okhdfcbank/State Bank Of I/,,699.0,2018990.45
25-09-2024,INTEREST,CREDIT INTEREST CAPITALISED,181.04,,2019171.49
25-09-2024,CHARGES,GST ON BANK CHARGES,,17.7,2019153.79
26-09-2024,MOBILE BANKING,MMT/IMPS/676532077914/ARUN SHARMA/HDFC BANK LTD,850.0,,2020003.79
26-09-2024,DEBIT CARD,VPS/IRCTC/769503030670/PUNE,,249.0,2019754.79
26-09-2024,DEBIT CARD,VPS/AIRTEL/846311199428/WHITEFIELD,,49.0,2019705.79
27-09-2024,MOBILE BANKING,MMT/IMPS/432783738952/FATIMA SHEIKH/HDFC BANK LTD,500.0,,2020205.79
28-09-2024,UPI,UPI/493211131891/UPI/rahulsingh214@paytm/State Bank Of I/,,5200.0,2015005.79
01-10-2024,SALARY,NEFT-419875249761-TECHNOVA SOLUTIONS-SALARY-628984-HDFC0825037,77250.0,,2092255.79
03-10-2024,MOBILE BANKING,MMT/IMPS/856946770321/GEETA DEVI/HDFC BANK LTD,4800.0,,2097055.79
03-10-2024,MOBILE BANKING,MMT/IMPS/079102926726/RAMESH GOWDA/HDFC BANK LTD,1200.0,,2098255.79
03-10-2024,NEFT,NEFT DR-HDFC0285421-ANJALI RAO-089293908846-RENT,,22000.0,2076255.79
03-10-2024,MOBILE BANKING,MMT/IMPS/576162183551/REKHA PILLAI/HDFC BANK LTD,18500.0,,2094755.79
03-10-2024,BILL,BIL/INFT/281939787165/BESCOM/PAYMENT,,449.0,2094306.79
03-10-2024,UPI,UPI/778946900745/UPI/santoshiye551@okhdfcbank/State Bank Of I/,,1250.0,2093056.79
03-10-2024,UPI,UPI/565199730964/UPI/kavyareddy555@okaxis/State Bank Of I/,,79.0,2092977.79
04-10-2024,DEBIT CARD,VPS/MEDPLUS/582917679169/KORAMANGALA,,2380.0,2090597.79
04-10-2024,MOBILE BANKING,MMT/IMPS/372358386904/IMRAN KHAN/HDFC BANK LTD,11200.0,,2101797.79
05-10-2024,OTHER ATMS,NFS/69919477/CASH WDL/05-10-24,,850.0,2100947.79
06-10-2024,BILL,BIL/INFT/171964636169/UBER/PAYMENT,,449.0,2100498.79
07-10-2024,UPI,UPI/434493973337/UPI/naveenkuma644@paytm/State Bank Of I/,,7800.0,2092698.79
07-10-2024,MOBILE BANKING,MMT/IMPS/358885922329/SUSHMA RAO/HDFC BANK LTD,500.0,,2093198.79
08-10-2024,BILL,BIL/INFT/754991830162/BPCL/PAYMENT,,49.0,2093149.79
08-10-2024,MOBILE BANKING,MMT/IMPS/376985283629/SANTOSH KUMAR/HDFC BANK LTD,11200.0,,2104349.79
09-10-2024,UPI,UPI/146500884382/UPI/farhankhan155@paytm/State Bank Of I/,,999.0,2103350.79
09-10-2024,DEBIT CARD,VPS/JIO/149619339739/KUKATPALLY,,79.0,2103271.79
10-10-2024,BILL,BIL/INFT/562769791399/RELIANCE FRESH/PAYMENT,,699.0,2102572.79
11-10-2024,OTHER ATMS,NFS/70747052/CASH WDL/11-10-24,,850.0,2101722.79
11-10-2024,MOBILE BANKING,MMT/IMPS/838841475116/CHANDAN SHARMA/HDFC BANK LTD,850.0,,2102572.79
11-10-2024,UPI,UPI/113676473142/UPI/farhankhan996@ybl/State Bank Of I/,,249.0,2102323.79
11-10-2024,DEBIT CARD,VPS/MEDPLUS/126465095460/JAYANAGAR,,49.0,2102274.79
12-10-2024,DEBIT CARD,VPS/MEDPLUS/543444317739/MUMBAI,,850.0,2101424.79
12-10-2024,DEBIT CARD,VPS/SWIGGY/453096632022/MANGALURU,,999.0,2100425.79
12-10-2024,OTHER ATMS,NFS/45979775/CASH WDL/12-10-24,,249.0,2100176.79
13-10-2024,OTHER ATMS,NFS/94314366/CASH WDL/13-10-24,,1680.0,2098496.79
13-10-2024,UPI,UPI/170464800868/UPI/naveenkuma144@okhdfcbank/State Bank Of I/,,1680.0,2096816.79
15-10-2024,UPI,UPI/771534000201/UPI/vinaypatil172@okhdfcbank/State Bank Of I/,,699.0,2096117.79
15-10-2024,OTHER ATMS,NFS/26499036/CASH WDL/15-10-24,,79.0,2096038.79
15-10-2024,OTHER ATMS,NFS/45523856/CASH WDL/15-10-24,,2380.0,2093658.79
16-10-2024,OTHER ATMS,NFS/93260352/CASH WDL/16-10-24,,120.0,2093538.79
16-10-2024,MOBILE BANKING,MMT/IMPS/915771058062/SANJANA HEGDE/HDFC BANK LTD,850.0,,2094388.79
16-10-2024,OTHER ATMS,NFS/71785350/CASH WDL/16-10-24,,7800.0,2086588.79
16-10-2024,BILL,BIL/INFT/500895886772/APOLLO PHARMACY/PAYMENT,,449.0,2086139.79
16-10-2024,BILL,BIL/INFT/891349296843/BPCL/PAYMENT,,999.0,2085140.79
17-10-2024,MOBILE BANKING,MMT/IMPS/968004897894/CHANDAN SHARMA/HDFC BANK LTD,850.0,,2085990.79
17-10-2024,BILL,BIL/INFT/124921890462/JIO/PAYMENT,,120.0,2085870.79
17-10-2024,MOBILE BANKING,MMT/IMPS/569363318249/RANJIT SINGH/HDFC BANK LTD,11200.0,,2097070.79
18-10-2024,MOBILE BANKING,MMT/IMPS/588065679347/ANAND KUMAR/HDFC BANK LTD,18500.0,,2115570.79
18-10-2024,OTHER ATMS,NFS/06730574/CASH WDL/18-10-24,,249.0,2115321.79
19-10-2024,MOBILE BANKING,MMT/IMPS/327957450697/RAHUL SINGH/HDFC BANK LTD,24000.0,,2139321.79
20-10-2024,DEBIT CARD,VPS/FLIPKART/535427293701/JAYANAGAR,,699.0,2138622.79
20-10-2024,DEBIT CARD,VPS/RELIANCE F/928645017578/KORAMANGALA,,3499.0,2135123.79
20-10-2024,BILL,BIL/INFT/992321457089/RELIANCE FRESH/PAYMENT,,3499.0,2131624.79
20-10-2024,MOBILE BANKING,MMT/IMPS/425723811248/RAJESH VERMA/HDFC BANK LTD,11200.0,,2142824.79
21-10-2024,UPI,UPI/880192159387/UPI/mohandas587@ybl/State Bank Of I/,,999.0,2141825.79
21-10-2024,BILL,BIL/INFT/988573884570/AMAZON/PAYMENT,,699.0,2141126.79
21-10-2024,OTHER ATMS,NFS/73207624/CASH WDL/21-10-24,,120.0,2141006.79
22-10-2024,MOBILE BANKING,MMT/IMPS/267620658390/ADITYA KUMAR/HDFC BANK LTD,2500.0,,2143506.79
23-10-2024,BILL,BIL/INFT/641984585560/IRCTC/PAYMENT,,2380.0,2141126.79
23-10-2024,OTHER ATMS,NFS/34094932/CASH WDL/23-10-24,,850.0,2140276.79
23-10-2024,BILL,BIL/INFT/263517604135/BPCL/PAYMENT,,1680.0,2138596.79
25-10-2024,UPI,UPI/234730753848/UPI/farhankhan38@okaxis/State Bank Of I/,,850.0,2137746.79
25-10-2024,DEBIT CARD,VPS/DMART/624587549981/SECUNDERABAD,,310.0,2137436.79
26-10-2024,DEBIT CARD,VPS/AIRTEL/846952121114/INDIRANAGAR,,49.0,2137387.79
26-10-2024,MOBILE BANKING,MMT/IMPS/057792052879/KIRAN REDDY/HDFC BANK LTD,18500.0,,2155887.79
26-10-2024,BILL,BIL/INFT/237272572972/AMAZON/PAYMENT,,850.0,2155037.79
28-10-2024,BILL,BIL/INFT/539796445913/BESCOM/PAYMENT,,79.0,2154958.79
29-10-2024,OTHER ATMS,NFS/35538056/CASH WDL/29-10-24,,79.0,2154879.79
01-11-2024,UPI,UPI/326920595834/UPI/tarageorge625@okaxis/State Bank Of I/,,5200.0,2149679.79
01-11-2024,SALARY,NEFT-559895470101-TECHNOVA SOLUTIONS-SALARY-628984-HDFC0295195,78500.0,,2228179.79
01-11-2024,MOBILE BANKING,MMT/IMPS/784692162232/PADMA RAO/HDFC BANK LTD,500.0,,2228679.79
02-11-2024,MOBILE BANKING,MMT/IMPS/412507615108/GANESH KUMAR/HDFC BANK LTD,1200.0,,2229879.79
02-11-2024,UPI,UPI/217641248449/UPI/vinaypatil352@paytm/State Bank Of I/,,699.0,2229180.79
02-11-2024,OTHER ATMS,NFS/98849180/CASH WDL/02-11-24,,999.0,2228181.79
03-11-2024,DEBIT CARD,VPS/IRCTC/596518244813/WHITEFIELD,,79.0,2228102.79
03-11-2024,NEFT,NEFT DR-HDFC0358579-SUNIL SHETTY-108196719612-RENT,,22000.0,2206102.79
04-11-2024,OTHER ATMS,NFS/02770317/CASH WDL/04-11-24,,120.0,2205982.79
05-11-2024,MOBILE BANKING,MMT/IMPS/355649659212/SHEELA DEVI/HDFC BANK LTD,4800.0,,2210782.79
06-11-2024,BILL,BIL/INFT/214322552567/BESCOM/PAYMENT,,699.0,2210083.79
06-11-2024,MOBILE BANKING,MMT/IMPS/620119833725/ROHIT SHARMA/HDFC BANK LTD,11200.0,,2221283.79
07-11-2024,UPI,UPI/003919823260/UPI/vikramnair673@oksbi/State Bank Of I/,,850.0,2220433.79
07-11-2024,UPI,UPI/927995517063/UPI/arjunmehta805@paytm/State Bank Of I/,,249.0,2220184.79
09-11-2024,OTHER ATMS,NFS/41702088/CASH WDL/09-11-24,,2380.0,2217804.79
09-11-2024,BILL,BIL/INFT/037171410892/JIO/PAYMENT,,2380.0,2215424.79
10-11-2024,DEBIT CARD,VPS/APOLLO PHA/528542496891/BTM LAYOUT,,310.0,2215114.79
11-11-2024,BILL,BIL/INFT/926909027073/ZOMATO/PAYMENT,,850.0,2214264.79
11-11-2024,DEBIT CARD,VPS/RELIANCE F/244851243641/PUNE,,850.0,2213414.79
12-11-2024,MOBILE BANKING,MMT/IMPS/478159406872/ANJALI RAO/HDFC BANK LTD,1200.0,,2214614.79
12-11-2024,MOBILE BANKING,MMT/IMPS/170018302572/RAVI KUMAR/HDFC BANK LTD,850.0,,2215464.79
12-11-2024,BILL,BIL/INFT/492639952011/JIO/PAYMENT,,5200.0,2210264.79
13-11-2024,OTHER ATMS,NFS/56154583/CASH WDL/13-11-24,,1680.0,2208584.79
14-11-2024,UPI,UPI/077398422589/UPI/rajeshverm114@oksbi/State Bank Of I/,,310.0,2208274.79
14-11-2024,OTHER ATMS,NFS/74192099/CASH WDL/14-11-24,,1250.0,2207024.79
15-11-2024,MOBILE BANKING,MMT/IMPS/241238454656/RAVI KUMAR/HDFC BANK LTD,24000.0,,2231024.79
15-11-2024,UPI,UPI/775005244652/UPI/sunilshett317@okhdfcbank/State Bank Of I/,,79.0,2230945.79
16-11-2024,MOBILE BANKING,MMT/IMPS/097311792955/SHEELA DEVI/HDFC BANK LTD,4800.0,,2235745.79
16-11-2024,DEBIT CARD,VPS/SWIGGY/936610908529/WHITEFIELD,,5200.0,2230545.79
17-11-2024,UPI,UPI/891029614089/UPI/ayeshakhan514@okaxis/State Bank Of I/,,7800.0,2222745.79
17-11-2024,DEBIT CARD,VPS/ZOMATO/571964146321/HSR LAYOUT,,850.0,2221895.79
17-11-2024,DEBIT CARD,VPS/APOLLO PHA/626981756752/MYSURU,,449.0,2221446.79
17-11-2024,DEBIT CARD,VPS/MEDPLUS/205486587272/MARATHAHALLI,,850.0,2220596.79
17-11-2024,MOBILE BANKING,MMT/IMPS/575157496294/LAKSHMI VENKAT/HDFC BANK LTD,4800.0,,2225396.79
17-11-2024,BILL,BIL/INFT/109347928342/APOLLO PHARMACY/PAYMENT,,850.0,2224546.79
18-11-2024,OTHER ATMS,NFS/54345163/CASH WDL/18-11-24,,1680.0,2222866.79
18-11-2024,NEFT,NEFT-280303008144-SOUTHERN RETAILS-REIMB-628984-HDFC0716190,24000.0,,2246866.79
19-11-2024,OTHER ATMS,NFS/26068135/CASH WDL/19-11-24,,120.0,2246746.79
20-11-2024,OTHER ATMS,NFS/65324645/CASH WDL/20-11-24,,49.0,2246697.79
21-11-2024,OTHER ATMS,NFS/89991818/CASH WDL/21-11-24,,249.0,2246448.79
21-11-2024,BILL,BIL/INFT/603625167119/IOCL/PAYMENT,,1250.0,2245198.79
22-11-2024,DEBIT CARD,VPS/PVR CINEMA/439970083250/SECUNDERABAD,,79.0,2245119.79
22-11-2024,BILL,BIL/INFT/326287023078/AIRTEL/PAYMENT,,449.0,2244670.79
22-11-2024,MOBILE BANKING,MMT/IMPS/125946752714/BABU LAL/HDFC BANK LTD,500.0,,2245170.79
23-11-2024,MOBILE BANKING,MMT/IMPS/579560336540/PRAKASH RAO/HDFC BANK LTD,2500.0,,2247670.79
24-11-2024,DEBIT CARD,VPS/HPCL/255508911760/BTM LAYOUT,,5200.0,2242470.79
24-11-2024,UPI,UPI/309931054942/UPI/gopalnaik27@okaxis/State Bank Of I/,,3499.0,2238971.79
24-11-2024,DEBIT CARD,VPS/UBER/650303223551/HSR LAYOUT,,999.0,2237972.79
26-11-2024,BILL,BIL/INFT/615563252535/ZOMATO/PAYMENT,,1680.0,2236292.79
27-11-2024,DEBIT CARD,VPS/MEDPLUS/330233865074/MARATHAHALLI,,2380.0,2233912.79
28-11-2024,BILL,BIL/INFT/390522859596/PVR CINEMAS/PAYMENT,,850.0,2233062.79
28-11-2024,OTHER ATMS,NFS/49583723/CASH WDL/28-11-24,,310.0,2232752.79
29-11-2024,UPI,UPI/578296409984/UPI/vikramnair86@okhdfcbank/State Bank Of I/,,699.0,2232053.79
