Tran Date,Value Date,Transaction Particulars,Chq No,Debit,Credit,Balance
01-01-2023,01-01-2023,NEFT/CR/548219391087/PAYROLL,066530380324,,62000.0,305823.0
01-01-2023,01-01-2023,IMPS/P2A/804501084830/VENKATRAO/AXIS,804501084830,,4800.0,310623.0
04-01-2023,04-01-2023,ATM WDL/5136/KORAMANGALA,852408509370,3499.0,,307124.0
05-01-2023,05-01-2023,NEFT DR-HDFC0528762-MOHAN DAS-818665593370-RENT,937090946913,31000.0,,276124.0
05-01-2023,05-01-2023,IMPS/P2A/015298870000/MEENAIYER/AXIS,015298870000,,500.0,276624.0
06-01-2023,06-01-2023,IMPS/P2A/364793115168/NADIAHUSSAIN/AXIS,364793115168,,18500.0,295124.0
07-01-2023,07-01-2023,ATM WDL/7993/WHITEFIELD,860459477485,449.0,,294675.0
08-01-2023,08-01-2023,BIL/INFT/789061049071/UBER/PAYMENT,789061049071,3499.0,,291176.0
08-01-2023,08-01-2023,ATM WDL/4197/BTM LAYOUT,013286495497,120.0,,291056.0
08-01-2023,08-01-2023,POS/9410/BESCOM/WHITEFIELD,019803574982,449.0,,290607.0
09-01-2023,09-01-2023,POS/0949/OLA/MUMBAI,341228126306,120.0,,290487.0
10-01-2023,10-01-2023,BIL/INFT/641658005614/AIRTEL/PAYMENT,641658005614,310.0,,290177.0
11-01-2023,11-01-2023,BIL/INFT/433024882845/RELIANCE FRESH/PAYMENT,433024882845,2380.0,,287797.0
12-01-2023,12-01-2023,IMPS/P2A/540099813094/NAVEENKUMAR/AXIS,540099813094,,7500.0,295297.0
14-01-2023,14-01-2023,IMPS/P2A/538792080904/AYESHAKHAN/AXIS,538792080904,,500.0,295797.0
16-01-2023,16-01-2023,IMPS/P2A/105025304543/DEEPAKJOSHI/AXIS,105025304543,,24000.0,319797.0
17-01-2023,17-01-2023,ATM WDL/5102/MUMBAI,241279137999,79.0,,319718.0
17-01-2023,17-01-2023,BIL/INFT/705572138954/ZOMATO/PAYMENT,705572138954,1680.0,,318038.0
18-01-2023,18-01-2023,IMPS/P2A/513013767171/GEETADEVI/AXIS,513013767171,,1200.0,319238.0
19-01-2023,19-01-2023,UPI/P2A/239578470837/arjunmehta297@oksbi/PAY,239578470837,310.0,,318928.0
20-01-2023,20-01-2023,POS/9762/AMAZON/BTM LAYOUT,438757306217,699.0,,318229.0
20-01-2023,20-01-2023,IMPS/P2A/138674656701/MALLIKADAS/AXIS,138674656701,,500.0,318729.0
21-01-2023,21-01-2023,IMPS/P2A/074367216407/RAJENDRAPRASAD/AXIS,074367216407,,4800.0,323529.0
23-01-2023,23-01-2023,BIL/INFT/089182974864/ZOMATO/PAYMENT,089182974864,449.0,,323080.0
23-01-2023,23-01-2023,UPI/P2A/322566823822/rajeshverm452@okaxis/PAY,322566823822,3499.0,,319581.0
24-01-2023,24-01-2023,ATM WDL/9214/MANGALURU,426017391644,5200.0,,314381.0
25-01-2023,25-01-2023,BIL/INFT/219023869639/BPCL/PAYMENT,219023869639,7800.0,,306581.0
26-01-2023,26-01-2023,UPI/P2A/548931807483/kiranreddy652@oksbi/PAY,548931807483,120.0,,306461.0
26-01-2023,26-01-2023,BIL/INFT/069118640834/UBER/PAYMENT,069118640834,79.0,,306382.0
27-01-2023,27-01-2023,BIL/INFT/245465535246/MEDPLUS/PAYMENT,245465535246,5200.0,,301182.0
28-01-2023,28-01-2023,UPI/P2A/813952189676/kiranreddy756@okhdfcbank/PAY,813952189676,5200.0,,295982.0
30-01-2023,30-01-2023,ATM WDL/9136/HYDERABAD,301116264724,249.0,,295733.0
30-01-2023,30-01-2023,ATM WDL/3897/HYDERABAD,491386202705,5200.0,,290533.0
02-02-2023,02-02-2023,IMPS/P2A/875408258666/KIRANREDDY/AXIS,875408258666,,500.0,291033.0
02-02-2023,02-02-2023,UPI/P2A/091890671412/rajeshverm312@okaxis/PAY,091890671412,79.0,,290954.0
03-02-2023,03-02-2023,NEFT/CR/891578236182/PAYROLL,909325661261,,62000.0,352954.0
04-02-2023,04-02-2023,UPI/P2A/919893304253/kavyareddy431@oksbi/PAY,919893304253,449.0,,352505.0
05-02-2023,05-02-2023,IMPS/P2A/178168632383/SHEELADEVI/AXIS,178168632383,,850.0,353355.0
05-02-2023,05-02-2023,POS/5663/IRCTC/MARATHAHALLI,844347177486,850.0,,352505.0
05-02-2023,05-02-2023,POS/0925/AMAZON/HSR LAYOUT,623644969054,249.0,,352256.0
05-02-2023,05-02-2023,POS/9338/FLIPKART/MUMBAI,583138395253,1680.0,,350576.0
05-02-2023,05-02-2023,POS/6167/MEDPLUS/HYDERABAD,782198067904,850.0,,349726.0
06-02-2023,06-02-2023,UPI/P2A/863978636756/divyamenon958@oksbi/PAY,863978636756,2380.0,,347346.0
06-02-2023,06-02-2023,IMPS/P2A/344462091550/VIKRAMNAIR/AXIS,344462091550,,18500.0,365846.0
06-02-2023,06-02-2023,IMPS/P2A/873070585860/IMRANKHAN/AXIS,873070585860,,18500.0,384346.0
06-02-2023,06-02-2023,UPI/P2A/474364341209/lathadevi154@okaxis/PAY,474364341209,3499.0,,380847.0
07-02-2023,07-02-2023,UPI/P2A/581923536381/vikramnair569@okaxis/PAY,581923536381,1250.0,,379597.0
07-02-2023,07-02-2023,NEFT DR-HDFC0922217-FARHAN KHAN-191065520723-RENT,890125662484,31000.0,,348597.0
07-02-2023,07-02-2023,ATM WDL/2543/MUMBAI,690683935625,449.0,,348148.0
07-02-2023,07-02-2023,POS/4531/DMART/PUNE,782416667008,310.0,,347838.0
08-02-2023,08-02-2023,ATM WDL/6667/SECUNDERABAD,941697151218,5200.0,,342638.0
10-02-2023,10-02-2023,POS/5919/IRCTC/MARATHAHALLI,105757223950,5200.0,,337438.0
10-02-2023,10-02-2023,UPI/P2A/440687063675/harishmeno758@okaxis/PAY,440687063675,7800.0,,329638.0
11-02-2023,11-02-2023,BIL/INFT/232871818748/BESCOM/PAYMENT,232871818748,850.0,,328788.0
16-02-2023,16-02-2023,IMPS/P2A/734993280967/RAJESHVERMA/AXIS,734993280967,,18500.0,347288.0
17-02-2023,17-02-2023,IMPS/P2A/871336026442/GOPALNAIK/AXIS,871336026442,,7500.0,354788.0
17-02-2023,17-02-2023,POS/1429/IRCTC/BANJARA HILLS,099158026607,699.0,,354089.0
17-02-2023,17-02-2023,IMPS/P2A/819595848342/ANANDKUMAR/AXIS,819595848342,,1200.0,355289.0
18-02-2023,18-02-2023,BIL/INFT/493165247796/OLA/PAYMENT,493165247796,79.0,,355210.0
19-02-2023,19-02-2023,BIL/INFT/377561252683/BPCL/PAYMENT,377561252683,79.0,,355131.0
20-02-2023,20-02-2023,ATM WDL/6341/WHITEFIELD,063574518522,449.0,,354682.0
21-02-2023,21-02-2023,UPI/P2A/696222241520/sunilshett907@okaxis/PAY,696222241520,850.0,,353832.0
22-02-2023,22-02-2023,UPI/P2A/580543077157/tarageorge805@okaxis/PAY,580543077157,49.0,,353783.0
23-02-2023,23-02-2023,ATM WDL/1976/MYSURU,000163525052,79.0,,353704.0
25-02-2023,25-02-2023,IMPS/P2A/032172120404/DIVYAMENON/AXIS,032172120404,,18500.0,372204.0
25-02-2023,25-02-2023,ATM WDL/8546/MARATHAHALLI,777382305940,999.0,,371205.0
25-02-2023,25-02-2023,POS/8184/AMAZON/PUNE,519559334445,1680.0,,369525.0
26-02-2023,26-02-2023,ATM WDL/5637/MANGALURU,440591037459,699.0,,368826.0
26-02-2023,26-02-2023,UPI/P2A/193780693027/vikramnair12@oksbi/PAY,193780693027,2380.0,,366446.0
26-02-2023,26-02-2023,BIL/INFT/730767952016/OLA/PAYMENT,730767952016,310.0,,366136.0
27-02-2023,27-02-2023,BIL/INFT/789914187601/AIRTEL/PAYMENT,789914187601,1680.0,,364456.0
27-02-2023,27-02-2023,UPI/P2A/984583973374/anjalirao464@okhdfcbank/PAY,984583973374,249.0,,364207.0
28-02-2023,28-02-2023,BIL/INFT/123017562066/BPCL/PAYMENT,123017562066,2380.0,,361827.0
01-03-2023,01-03-2023,IMPS/P2A/543221951260/CHANDANSHARMA/AXIS,543221951260,,24000.0,385827.0
03-03-2023,03-03-2023,NEFT/CR/512628642508/PAYROLL,509481392449,,62000.0,447827.0
04-03-2023,04-03-2023,BIL/INFT/746011764323/FLIPKART/PAYMENT,746011764323,120.0,,447707.0
05-03-2023,05-03-2023,IMPS/P2A/334960390564/SNEHAPATIL/AXIS,334960390564,,2500.0,450207.0
05-03-2023,05-03-2023,UPI/P2A/758858110770/mohandas703@ybl/PAY,758858110770,120.0,,450087.0
06-03-2023,06-03-2023,UPI/P2A/949239448825/poojasharm42@okhdfcbank/PAY,949239448825,2380.0,,447707.0
06-03-2023,06-03-2023,NEFT DR-HDFC0411782-HARISH MENON-692451509366-RENT,354304339951,22000.0,,425707.0
08-03-2023,08-03-2023,POS/9648/ZOMATO/HYDERABAD,623410515427,79.0,,425628.0
09-03-2023,09-03-2023,POS/1330/FLIPKART/HSR LAYOUT,010750823810,1250.0,,424378.0
09-03-2023,09-03-2023,UPI/P2A/440003614729/harishmeno260@ybl/PAY,440003614729,1680.0,,422698.0
10-03-2023,10-03-2023,POS/7520/IRCTC/JAYANAGAR,218122422890,850.0,,421848.0
11-03-2023,11-03-2023,POS/5121/IRCTC/MUMBAI,529317326135,1250.0,,420598.0
11-03-2023,11-03-2023,BIL/INFT/914525380855/APOLLO PHARMACY/PAYMENT,914525380855,699.0,,419899.0
12-03-2023,12-03-2023,ATM WDL/4619/BTM LAYOUT,256957764206,3499.0,,416400.0
12-03-2023,12-03-2023,BIL/INFT/528979957851/OLA/PAYMENT,528979957851,1250.0,,415150.0
15-03-2023,15-03-2023,IMPS/P2A/317449839812/VENKATRAO/AXIS,317449839812,,18500.0,433650.0
15-03-2023,15-03-2023,BIL/INFT/433794125435/AIRTEL/PAYMENT,433794125435,999.0,,432651.0
15-03-2023,15-03-2023,POS/2790/JIO/HYDERABAD,345943890686,79.0,,432572.0
18-03-2023,18-03-2023,ATM WDL/7962/PUNE,766887182850,1250.0,,431322.0
18-03-2023,18-03-2023,UPI/P2A/742622509141/priyanair103@paytm/PAY,742622509141,699.0,,430623.0
19-03-2023,19-03-2023,IMPS/P2A/452666875053/TARASINGH/AXIS,452666875053,,24000.0,454623.0
19-03-2023,19-03-2023,UPI/P2A/055959342934/lathadevi492@paytm/PAY,055959342934,1250.0,,453373.0
19-03-2023,19-03-2023,IMPS/P2A/823435931981/BINDHUNAIR/AXIS,823435931981,,18500.0,471873.0
20-03-2023,20-03-2023,IMPS/P2A/056137996089/SANTOSHKUMAR/AXIS,056137996089,,18500.0,490373.0
20-03-2023,20-03-2023,ATM WDL/0073/JAYANAGAR,705321606988,1250.0,,489123.0
20-03-2023,20-03-2023,UPI/P2A/857485464507/vikramnair623@paytm/PAY,857485464507,850.0,,488273.0
22-03-2023,22-03-2023,POS/1723/BESCOM/HSR LAYOUT,015212767339,449.0,,487824.0
23-03-2023,23-03-2023,IMPS/P2A/680441643729/RAVIKUMAR/AXIS,680441643729,,500.0,488324.0
24-03-2023,24-03-2023,IMPS/P2A/829713612587/PADMARAO/AXIS,829713612587,,11200.0,499524.0
24-03-2023,24-03-2023,POS/9346/JIO/PUNE,837563214771,310.0,,499214.0
24-03-2023,24-03-2023,UPI/P2A/591839772199/gopalnaik715@paytm/PAY,591839772199,310.0,,498904.0
25-03-2023,25-03-2023,ATM WDL/8927/MYSURU,888142907715,3499.0,,495405.0
25-03-2023,25-03-2023,CREDIT INTEREST CAPITALISED,899854593719,,18.04,495423.04
25-03-2023,25-03-2023,GST ON BANK CHARGES,041366960569,17.7,,495405.34
25-03-2023,25-03-2023,POS/8485/RELIANCE FRESH/MARATHAHALLI,326412034822,79.0,,495326.34
25-03-2023,25-03-2023,ATM WDL/2673/INDIRANAGAR,411914879542,310.0,,495016.34
25-03-2023,25-03-2023,BIL/INFT/562006372116/OLA/PAYMENT,562006372116,310.0,,494706.34
25-03-2023,25-03-2023,BIL/INFT/761849421632/JIO/PAYMENT,761849421632,7800.0,,486906.34
26-03-2023,26-03-2023,POS/3258/SWIGGY/BTM LAYOUT,011262741599,3499.0,,483407.34
26-03-2023,26-03-2023,IMPS/P2A/733691399620/POOJASHARMA/AXIS,733691399620,,2500.0,485907.34
27-03-2023,27-03-2023,IMPS/P2A/493445610818/CHANDANSHARMA/AXIS,493445610818,,11200.0,497107.34
27-03-2023,27-03-2023,IMPS/P2A/987760099190/KAVERIMENON/AXIS,987760099190,,18500.0,515607.34
27-03-2023,27-03-2023,IMPS/P2A/621491770518/USHARANI/AXIS,621491770518,,500.0,516107.34
27-03-2023,27-03-2023,NEFT-247638362137-BENGALURU METRO SERVICES-REIMB-117231-HDFC0258722,535921248063,,12000.0,528107.34
28-03-2023,28-03-2023,ATM WDL/0602/BTM LAYOUT,382932674897,999.0,,527108.34
31-03-2023,31-03-2023,IMPS/P2A/004552365948/MOHAMMEDIRFAN/AXIS,004552365948,,11200.0,538308.34
01-04-2023,01-04-2023,NEFT/CR/892703676156/PAYROLL,060080839831,,62000.0,600308.34
02-04-2023,02-04-2023,ATM WDL/0758/HYDERABAD,461820949846,310.0,,599998.34
03-04-2023,03-04-2023,ATM WDL/0177/WHITEFIELD,821358653632,120.0,,599878.34
04-04-2023,04-04-2023,BIL/INFT/402889860939/MEDPLUS/PAYMENT,402889860939,249.0,,599629.34
05-04-2023,05-04-2023,NEFT DR-HDFC0160663-ARJUN MEHTA-866740597365-RENT,979756647139,22000.0,,577629.34
05-04-2023,05-04-2023,IMPS/P2A/480783516433/KARTHIKMENON/AXIS,480783516433,,850.0,578479.34
05-04-2023,05-04-2023,POS/3249/IOCL/BANJARA HILLS,941573434269,79.0,,578400.34
06-04-2023,06-04-2023,ATM WDL/5808/PUNE,164912221900,310.0,,578090.34
06-04-2023,06-04-2023,BIL/INFT/866539840738/BOOKMYSHOW/PAYMENT,866539840738,1250.0,,576840.34
06-04-2023,06-04-2023,BIL/INFT/676471188986/BESCOM/PAYMENT,676471188986,120.0,,576720.34
07-04-2023,07-04-2023,BIL/INFT/419298033146/ZOMATO/PAYMENT,419298033146,120.0,,576600.34
07-04-2023,07-04-2023,IMPS/P2A/541162460280/VIKRAMNAIR/AXIS,541162460280,,500.0,577100.34
08-04-2023,08-04-2023,UPI/P2A/712031436807/smitharao564@okhdfcbank/PAY,712031436807,7800.0,,569300.34
08-04-2023,08-04-2023,ATM WDL/2065/MUMBAI,852904117902,449.0,,568851.34
09-04-2023,09-04-2023,BIL/INFT/168464904865/BPCL/PAYMENT,168464904865,120.0,,568731.34
10-04-2023,10-04-2023,IMPS/P2A/166578042603/VINAYPATIL/AXIS,166578042603,,11200.0,579931.34
10-04-2023,10-04-2023,POS/3664/SWIGGY/MARATHAHALLI,811406022205,7800.0,,572131.34
13-04-2023,13-04-2023,ATM WDL/6961/MANGALURU,829748013331,249.0,,571882.34
13-04-2023,13-04-2023,POS/8979/HPCL/SECUNDERABAD,704838185180,5200.0,,566682.34
13-04-2023,13-04-2023,IMPS/P2A/850202818172/FARHANKHAN/AXIS,850202818172,,1200.0,567882.34
15-04-2023,15-04-2023,IMPS/P2A/093407380643/VINAYPATIL/AXIS,093407380643,,11200.0,579082.34
17-04-2023,17-04-2023,ATM WDL/4608/JAYANAGAR,731009484302,850.0,,578232.34
17-04-2023,17-04-2023,IMPS/P2A/249329554921/SUNITADEVI/AXIS,249329554921,,850.0,579082.34
18-04-2023,18-04-2023,UPI/P2A/686861198441/gopalnaik789@okhdfcbank/PAY,686861198441,3499.0,,575583.34
18-04-2023,18-04-2023,ATM WDL/1551/KUKATPALLY,342007568392,850.0,,574733.34
18-04-2023,18-04-2023,IMPS/P2A/712080622531/MEERAPILLAI/AXIS,712080622531,,18500.0,593233.34
18-04-2023,18-04-2023,IMPS/P2A/509411228321/AYESHAKHAN/AXIS,509411228321,,11200.0,604433.34
19-04-2023,19-04-2023,IMPS/P2A/484797882059/DIVYAMENON/AXIS,484797882059,,850.0,605283.34
19-04-2023,19-04-2023,POS/7971/MEDPLUS/MARATHAHALLI,787501008577,449.0,,604834.34
19-04-2023,19-04-2023,POS/3554/IOCL/MYSURU,416934223531,449.0,,604385.34
19-04-2023,19-04-2023,ATM WDL/0404/HYDERABAD,139090376787,120.0,,604265.34
20-04-2023,20-04-2023,POS/4279/PVR CINEMAS/HSR LAYOUT,333248581043,449.0,,603816.34
21-04-2023,21-04-2023,POS/5228/JIO/INDIRANAGAR,245129526531,120.0,,603696.34
22-04-2023,22-04-2023,UPI/P2A/781311365849/rajeshverm947@oksbi/PAY,781311365849,120.0,,603576.34
23-04-2023,23-04-2023,UPI/P2A/846356997917/gopalnaik298@okhdfcbank/PAY,846356997917,7800.0,,595776.34
23-04-2023,23-04-2023,IMPS/P2A/692962517346/NAVEENKUMAR/AXIS,692962517346,,850.0,596626.34
23-04-2023,23-04-2023,UPI/P2A/748931379704/poojasharm742@okaxis/PAY,748931379704,79.0,,596547.34
24-04-2023,24-04-2023,ATM WDL/0258/KORAMANGALA,048221152696,3499.0,,593048.34
24-04-2023,24-04-2023,UPI/P2A/551838706530/gopalnaik459@okaxis/PAY,551838706530,5200.0,,587848.34
24-04-2023,24-04-2023,UPI/P2A/540379363916/anjalirao614@okhdfcbank/PAY,540379363916,7800.0,,580048.34
24-04-2023,24-04-2023,IMPS/P2A/134816679590/SANTOSHIYER/AXIS,134816679590,,4800.0,584848.34
26-04-2023,26-04-2023,BIL/INFT/389018488076/BPCL/PAYMENT,389018488076,999.0,,583849.34
27-04-2023,27-04-2023,IMPS/P2A/240889762518/ANANDKUMAR/AXIS,240889762518,,1200.0,585049.34
28-04-2023,28-04-2023,ATM WDL/0801/KORAMANGALA,366245372411,49.0,,585000.34
30-04-2023,30-04-2023,BIL/INFT/085809519093/SWIGGY/PAYMENT,085809519093,7800.0,,577200.34
30-04-2023,30-04-2023,POS/1804/JIO/KUKATPALLY,163393471344,249.0,,576951.34
01-05-2023,01-05-2023,ATM WDL/5330/MARATHAHALLI,103562161030,5200.0,,571751.34
01-05-2023,01-05-2023,NEFT/CR/116139555194/PAYROLL,648252375365,,62000.0,633751.34
02-05-2023,02-05-2023,POS/3260/OLA/SECUNDERABAD,946312595175,120.0,,633631.34
02-05-2023,02-05-2023,ATM WDL/4130/KUKATPALLY,902152651582,449.0,,633182.34
03-05-2023,03-05-2023,UPI/P2A/397433084240/santoshiye363@oksbi/PAY,397433084240,449.0,,632733.34
04-05-2023,04-05-2023,NEFT DR-HDFC0527223-ANJALI RAO-526562318658-RENT,076378427522,31000.0,,601733.34
05-05-2023,05-05-2023,BIL/INFT/656410497380/BPCL/PAYMENT,656410497380,49.0,,601684.34
05-05-2023,05-05-2023,IMPS/P2A/435608922160/SUNITADEVI/AXIS,435608922160,,18500.0,620184.34
05-05-2023,05-05-2023,POS/8295/UBER/KUKATPALLY,288675592704,79.0,,620105.34
07-05-2023,07-05-2023,IMPS/P2A/980612432417/LAKSHMIVENKAT/AXIS,980612432417,,1200.0,621305.34
08-05-2023,08-05-2023,ATM WDL/8426/KORAMANGALA,936765386050,850.0,,620455.34
08-05-2023,08-05-2023,ATM WDL/5345/JAYANAGAR,968847845204,310.0,,620145.34
09-05-2023,09-05-2023,ATM WDL/6050/MARATHAHALLI,712554413025,1680.0,,618465.34
09-05-2023,09-05-2023,IMPS/P2A/227160144502/CHANDANSHARMA/AXIS,227160144502,,2500.0,620965.34
10-05-2023,10-05-2023,BIL/INFT/912320278982/JIO/PAYMENT,912320278982,999.0,,619966.34
10-05-2023,10-05-2023,BIL/INFT/126013451592/AIRTEL/PAYMENT,126013451592,1680.0,,618286.34
10-05-2023,10-05-2023,IMPS/P2A/327239371126/VIKRAMNAIR/AXIS,327239371126,,11200.0,629486.34
10-05-2023,10-05-2023,ATM WDL/4797/BTM LAYOUT,503089352792,449.0,,629037.34
12-05-2023,12-05-2023,POS/2117/APOLLO PHARMACY/MANGALURU,919088554818,3499.0,,625538.34
12-05-2023,12-05-2023,BIL/INFT/394456462499/IOCL/PAYMENT,394456462499,7800.0,,617738.34
13-05-2023,13-05-2023,ATM WDL/0700/MUMBAI,183514411607,120.0,,617618.34
13-05-2023,13-05-2023,UPI/P2A/684764902946/rajeshverm700@paytm/PAY,684764902946,999.0,,616619.34
15-05-2023,15-05-2023,ATM WDL/4609/KORAMANGALA,982702120922,5200.0,,611419.34
15-05-2023,15-05-2023,IMPS/P2A/799683012941/VINAYPATIL/AXIS,799683012941,,500.0,611919.34
16-05-2023,16-05-2023,POS/2821/BPCL/INDIRANAGAR,185896638088,1680.0,,610239.34
17-05-2023,17-05-2023,BIL/INFT/199997368482/MEDPLUS/PAYMENT,199997368482,1680.0,,608559.34
18-05-2023,18-05-2023,BIL/INFT/769593338986/BOOKMYSHOW/PAYMENT,769593338986,79.0,,608480.34
19-05-2023,19-05-2023,BIL/INFT/147360713735/BESCOM/PAYMENT,147360713735,5200.0,,603280.34
19-05-2023,19-05-2023,IMPS/P2A/601349840552/RANJITSINGH/AXIS,601349840552,,7500.0,610780.34
20-05-2023,20-05-2023,UPI/P2A/487050873448/farhankhan182@okhdfcbank/PAY,487050873448,3499.0,,607281.34
21-05-2023,21-05-2023,POS/8618/ZOMATO/PUNE,534642425621,699.0,,606582.34
21-05-2023,21-05-2023,POS/3774/RELIANCE FRESH/KORAMANGALA,890399728395,5200.0,,601382.34
22-05-2023,22-05-2023,POS/5764/AIRTEL/JAYANAGAR,817073743459,310.0,,601072.34
23-05-2023,23-05-2023,BIL/INFT/914280384058/SWIGGY/PAYMENT,914280384058,249.0,,600823.34
24-05-2023,24-05-2023,UPI/P2A/938175741985/vinaypatil268@ybl/PAY,938175741985,79.0,,600744.34
24-05-2023,24-05-2023,ATM WDL/1445/BANJARA HILLS,585507223003,1680.0,,599064.34
25-05-2023,25-05-2023,POS/4505/OLA/HYDERABAD,406525869409,999.0,,598065.34
25-05-2023,25-05-2023,IMPS/P2A/950450133468/SUSHMARAO/AXIS,950450133468,,500.0,598565.34
25-05-2023,25-05-2023,UPI/P2A/336627111858/tarageorge267@paytm/PAY,336627111858,79.0,,598486.34
28-05-2023,28-05-2023,UPI/P2A/736723730194/farhankhan415@oksbi/PAY,736723730194,699.0,,597787.34
01-06-2023,01-06-2023,ATM WDL/1422/MUMBAI,514135118162,249.0,,597538.34
02-06-2023,02-06-2023,NEFT/CR/816446190264/PAYROLL,056054092283,,61250.0,658788.34
02-06-2023,02-06-2023,UPI/P2A/988708847593/anjalirao863@oksbi/PAY,988708847593,2380.0,,656408.34
03-06-2023,03-06-2023,BIL/INFT/080232143883/BESCOM/PAYMENT,080232143883,3499.0,,652909.34
05-06-2023,05-06-2023,BIL/INFT/964472652460/BPCL/PAYMENT,964472652460,3499.0,,649410.34
07-06-2023,07-06-2023,NEFT DR-HDFC0197857-SMITHA RAO-690224644164-RENT,219559719911,22000.0,,627410.34
11-06-2023,11-06-2023,BIL/INFT/482061816917/IRCTC/PAYMENT,482061816917,850.0,,626560.34
12-06-2023,12-06-2023,ATM WDL/8900/KUKATPALLY,072685098671,5200.0,,621360.34
12-06-2023,12-06-2023,IMPS/P2A/972510948374/ROHITSHARMA/AXIS,972510948374,,11200.0,632560.34
12-06-2023,12-06-2023,IMPS/P2A/973384989389/ANANDKUMAR/AXIS,973384989389,,2500.0,635060.34
12-06-2023,12-06-2023,BIL/INFT/756061564318/FLIPKART/PAYMENT,756061564318,1250.0,,633810.34
13-06-2023,13-06-2023,POS/3160/UBER/KORAMANGALA,335843666857,120.0,,633690.34
14-06-2023,14-06-2023,UPI/P2A/676067437215/anjalirao618@oksbi/PAY,676067437215,3499.0,,630191.34
14-06-2023,14-06-2023,BIL/INFT/896953287031/OLA/PAYMENT,896953287031,310.0,,629881.34
14-06-2023,14-06-2023,BIL/INFT/095608545377/AIRTEL/PAYMENT,095608545377,699.0,,629182.34
14-06-2023,14-06-2023,POS/1494/JIO/PUNE,226244446319,49.0,,629133.34
15-06-2023,15-06-2023,IMPS/P2A/237984930022/GANESHKUMAR/AXIS,237984930022,,1200.0,630333.34
15-06-2023,15-06-2023,ATM WDL/5290/MANGALURU,110731685089,1680.0,,628653.34
17-06-2023,17-06-2023,POS/6188/DMART/BANJARA HILLS,341658054172,120.0,,628533.34
18-06-2023,18-06-2023,ATM WDL/5225/PUNE,533539185742,120.0,,628413.34
19-06-2023,19-06-2023,POS/1731/AMAZON/MANGALURU,212366002316,7800.0,,620613.34
19-06-2023,19-06-2023,ATM WDL/2818/HYDERABAD,693779372188,310.0,,620303.34
19-06-2023,19-06-2023,IMPS/P2A/377731171575/HARISHMENON/AXIS,377731171575,,2500.0,622803.34
21-06-2023,21-06-2023,IMPS/P2A/343929393686/SHEELADEVI/AXIS,343929393686,,2500.0,625303.34
21-06-2023,21-06-2023,ATM WDL/1948/BTM LAYOUT,163995961151,249.0,,625054.34
21-06-2023,21-06-2023,NEFT-166260550545-BENGALURU METRO SERVICES-REIMB-117231-HDFC0722445,116053258804,,24000.0,649054.34
22-06-2023,22-06-2023,ATM WDL/6905/WHITEFIELD,025394152195,2380.0,,646674.34
22-06-2023,22-06-2023,POS/5386/RELIANCE FRESH/JAYANAGAR,343275571430,1680.0,,644994.34
22-06-2023,22-06-2023,BIL/INFT/871428938714/BESCOM/PAYMENT,871428938714,49.0,,644945.34
23-06-2023,23-06-2023,ATM WDL/3736/MUMBAI,985055857358,120.0,,644825.34
23-06-2023,23-06-2023,UPI/P2A/493039435968/anjalirao972@ybl/PAY,493039435968,999.0,,643826.34
24-06-2023,24-06-2023,POS/0508/PVR CINEMAS/BTM LAYOUT,694615136342,1680.0,,642146.34
24-06-2023,24-06-2023,UPI/P2A/140330402249/poojasharm989@okhdfcbank/PAY,140330402249,249.0,,641897.34
25-06-2023,25-06-2023,UPI/P2A/916076654619/priyanair818@ybl/PAY,916076654619,1250.0,,640647.34
25-06-2023,25-06-2023,CREDIT INTEREST CAPITALISED,749619763180,,113.9,640761.24
25-06-2023,25-06-2023,GST ON BANK CHARGES,171442003337,17.7,,640743.54
26-06-2023,26-06-2023,POS/0697/AIRTEL/JAYANAGAR,082879645916,1250.0,,639493.54
27-06-2023,27-06-2023,BIL/INFT/140509281376/ZOMATO/PAYMENT,140509281376,1250.0,,638243.54
27-06-2023,27-06-2023,IMPS/P2A/903487519296/PRAKASHRAO/AXIS,903487519296,,1200.0,639443.54
28-06-2023,28-06-2023,POS/3266/UBER/MARATHAHALLI,354210806286,120.0,,639323.54
01-07-2023,01-07-2023,NEFT/CR/548889708518/PAYROLL,179244456488,,62000.0,701323.54
01-07-2023,01-07-2023,BIL/INFT/153132379202/ZOMATO/PAYMENT,153132379202,7800.0,,693523.54
02-07-2023,02-07-2023,BIL/INFT/192619886378/JIO/PAYMENT,192619886378,120.0,,693403.54
03-07-2023,03-07-2023,ATM WDL/7614/MUMBAI,612911427690,449.0,,692954.54
03-07-2023,03-07-2023,IMPS/P2A/809639176310/ARJUNMEHTA/AXIS,809639176310,,2500.0,695454.54
04-07-2023,04-07-2023,POS/2641/FLIPKART/PUNE,424473034150,2380.0,,693074.54
04-07-2023,04-07-2023,BIL/INFT/125431487087/UBER/PAYMENT,125431487087,49.0,,693025.54
04-07-2023,04-07-2023,IMPS/P2A/263064317299/GANESHKUMAR/AXIS,263064317299,,2500.0,695525.54
04-07-2023,04-07-2023,IMPS/P2A/025352292146/SUNITADEVI/AXIS,025352292146,,24000.0,719525.54
05-07-2023,05-07-2023,NEFT DR-HDFC0464226-FARHAN KHAN-149239184067-RENT,550835518210,22000.0,,697525.54
06-07-2023,06-07-2023,UPI/P2A/109744666769/tarageorge85@paytm/PAY,109744666769,699.0,,696826.54
06-07-2023,06-07-2023,POS/2495/SWIGGY/HYDERABAD,360748845101,1680.0,,695146.54
07-07-2023,07-07-2023,IMPS/P2A/745568043248/IMRANKHAN/AXIS,745568043248,,1200.0,696346.54
07-07-2023,07-07-2023,UPI/P2A/022599834683/vinaypatil964@okaxis/PAY,022599834683,5200.0,,691146.54
07-07-2023,07-07-2023,UPI/P2A/596542234030/smitharao534@oksbi/PAY,596542234030,5200.0,,685946.54
08-07-2023,08-07-2023,POS/6242/DMART/MYSURU,372535777261,449.0,,685497.54
09-07-2023,09-07-2023,BIL/INFT/513821618299/APOLLO PHARMACY/PAYMENT,513821618299,3499.0,,681998.54
10-07-2023,10-07-2023,POS/7603/BESCOM/KUKATPALLY,745001663754,79.0,,681919.54
11-07-2023,11-07-2023,ATM WDL/4414/SECUNDERABAD,757026464993,850.0,,681069.54
11-07-2023,11-07-2023,UPI/P2A/374077627668/ayeshakhan984@paytm/PAY,374077627668,850.0,,680219.54
12-07-2023,12-07-2023,IMPS/P2A/888946686713/VIKRAMNAIR/AXIS,888946686713,,500.0,680719.54
13-07-2023,13-07-2023,UPI/P2A/422319959190/rahulsingh379@ybl/PAY,422319959190,3499.0,,677220.54
13-07-2023,13-07-2023,ATM WDL/2658/MANGALURU,758931762243,1250.0,,675970.54
15-07-2023,15-07-2023,IMPS/P2A/832115280486/DIVYAMENON/AXIS,832115280486,,500.0,676470.54
15-07-2023,15-07-2023,POS/8242/AIRTEL/MANGALURU,643453942392,449.0,,676021.54
16-07-2023,16-07-2023,BIL/INFT/021572704151/BPCL/PAYMENT,021572704151,699.0,,675322.54
16-07-2023,16-07-2023,POS/9459/ZOMATO/BTM LAYOUT,258815902236,249.0,,675073.54
18-07-2023,18-07-2023,ATM WDL/5121/HSR LAYOUT,239083011193,1680.0,,673393.54
18-07-2023,18-07-2023,POS/8719/IRCTC/WHITEFIELD,712590514924,79.0,,673314.54
18-07-2023,18-07-2023,ATM WDL/8889/MARATHAHALLI,439512279075,449.0,,672865.54
18-07-2023,18-07-2023,IMPS/P2A/810844055288/MEERAPILLAI/AXIS,810844055288,,1200.0,674065.54
20-07-2023,20-07-2023,BIL/INFT/964528844348/IRCTC/PAYMENT,964528844348,1250.0,,672815.54
20-07-2023,20-07-2023,IMPS/P2A/632190068518/IMRANKHAN/AXIS,632190068518,,2500.0,675315.54
20-07-2023,20-07-2023,UPI/P2A/340530761269/smitharao261@okhdfcbank/PAY,340530761269,850.0,,674465.54
20-07-2023,20-07-2023,ATM WDL/0962/JAYANAGAR,323732328856,999.0,,673466.54
21-07-2023,21-07-2023,POS/6749/JIO/MARATHAHALLI,519977381720,1680.0,,671786.54
22-07-2023,22-07-2023,UPI/P2A/709111986253/vinaypatil169@okaxis/PAY,709111986253,249.0,,671537.54
24-07-2023,24-07-2023,BIL/INFT/689346733508/APOLLO PHARMACY/PAYMENT,689346733508,1680.0,,669857.54
25-07-2023,25-07-2023,BIL/INFT/642932528497/UBER/PAYMENT,642932528497,310.0,,669547.54
27-07-2023,27-07-2023,IMPS/P2A/391571942359/SANTOSHKUMAR/AXIS,391571942359,,24000.0,693547.54
28-07-2023,28-07-2023,UPI/P2A/724783143740/priyanair796@okhdfcbank/PAY,724783143740,2380.0,,691167.54
29-07-2023,29-07-2023,ATM WDL/9781/KORAMANGALA,980341096052,1680.0,,689487.54
01-08-2023,01-08-2023,NEFT/CR/927736416457/PAYROLL,484789738246,,62500.0,751987.54
01-08-2023,01-08-2023,IMPS/P2A/784125733090/SURESHBABU/AXIS,784125733090,,850.0,752837.54
01-08-2023,01-08-2023,BIL/INFT/430292082248/BESCOM/PAYMENT,430292082248,120.0,,752717.54
02-08-2023,02-08-2023,IMPS/P2A/949849435093/MOHANDAS/AXIS,949849435093,,500.0,753217.54
03-08-2023,03-08-2023,NEFT DR-HDFC0132847-HARISH MENON-202650247988-RENT,668743660500,31000.0,,722217.54
04-08-2023,04-08-2023,UPI/P2A/096052485664/kavyareddy125@okaxis/PAY,096052485664,3499.0,,718718.54
06-08-2023,06-08-2023,POS/9213/BPCL/WHITEFIELD,101743448585,449.0,,718269.54
06-08-2023,06-08-2023,IMPS/P2A/995395274989/ADITYAKUMAR/AXIS,995395274989,,850.0,719119.54
07-08-2023,07-08-2023,UPI/P2A/835425764487/farhankhan938@okhdfcbank/PAY,835425764487,999.0,,718120.54
07-08-2023,07-08-2023,IMPS/P2A/006129149287/RAVIKUMAR/AXIS,006129149287,,24000.0,742120.54
08-08-2023,08-08-2023,ATM WDL/9227/HSR LAYOUT,087938035413,3499.0,,738621.54
09-08-2023,09-08-2023,UPI/P2A/132910483592/arjunmehta898@okhdfcbank/PAY,132910483592,249.0,,738372.54
09-08-2023,09-08-2023,POS/4242/AIRTEL/HSR LAYOUT,350062599780,310.0,,738062.54
09-08-2023,09-08-2023,BIL/INFT/132088878132/IOCL/PAYMENT,132088878132,79.0,,737983.54
09-08-2023,09-08-2023,ATM WDL/6818/JAYANAGAR,313335996461,5200.0,,732783.54
09-08-2023,09-08-2023,IMPS/P2A/944591292329/ANANDKUMAR/AXIS,944591292329,,4800.0,737583.54
09-08-2023,09-08-2023,BIL/INFT/640379589372/SWIGGY/PAYMENT,640379589372,1250.0,,736333.54
09-08-2023,09-08-2023,BIL/INFT/438006615577/SWIGGY/PAYMENT,438006615577,120.0,,736213.54
11-08-2023,11-08-2023,ATM WDL/5344/INDIRANAGAR,075037765318,699.0,,735514.54
12-08-2023,12-08-2023,BIL/INFT/385884542899/UBER/PAYMENT,385884542899,120.0,,735394.54
12-08-2023,12-08-2023,POS/8178/JIO/INDIRANAGAR,521224377947,120.0,,735274.54
18-08-2023,18-08-2023,BIL/INFT/198607498154/AIRTEL/PAYMENT,198607498154,3499.0,,731775.54
19-08-2023,19-08-2023,POS/0600/AMAZON/INDIRANAGAR,570216134395,7800.0,,723975.54
22-08-2023,22-08-2023,POS/3776/SWIGGY/MARATHAHALLI,469224109063,2380.0,,721595.54
22-08-2023,22-08-2023,POS/0279/BOOKMYSHOW/BTM LAYOUT,164358071149,850.0,,720745.54
23-08-2023,23-08-2023,IMPS/P2A/105935367996/VINAYPATIL/AXIS,105935367996,,850.0,721595.54
24-08-2023,24-08-2023,IMPS/P2A/245392304686/AYESHAKHAN/AXIS,245392304686,,1200.0,722795.54
24-08-2023,24-08-2023,IMPS/P2A/001406793056/LALITHADEVI/AXIS,001406793056,,4800.0,727595.54
25-08-2023,25-08-2023,UPI/P2A/542920354091/rohitsharm86@oksbi/PAY,542920354091,5200.0,,722395.54
26-08-2023,26-08-2023,ATM WDL/9608/PUNE,585652168485,2380.0,,720015.54
29-08-2023,29-08-2023,BIL/INFT/641681689191/UBER/PAYMENT,641681689191,310.0,,719705.54
30-08-2023,30-08-2023,IMPS/P2A/708856551283/SURESHBABU/AXIS,708856551283,,24000.0,743705.54
01-09-2023,01-09-2023,BIL/INFT/892485154295/AIRTEL/PAYMENT,892485154295,249.0,,743456.54
02-09-2023,02-09-2023,BIL/INFT/144692203210/FLIPKART/PAYMENT,144692203210,1680.0,,741776.54
03-09-2023,03-09-2023,NEFT/CR/530495537754/PAYROLL,395352430191,,62500.0,804276.54
04-09-2023,04-09-2023,BIL/INFT/319848036463/DMART/PAYMENT,319848036463,2380.0,,801896.54
04-09-2023,04-09-2023,BIL/INFT/913970112139/BPCL/PAYMENT,913970112139,49.0,,801847.54
05-09-2023,05-09-2023,IMPS/P2A/798224665730/DEEPAKJOSHI/AXIS,798224665730,,2500.0,804347.54
05-09-2023,05-09-2023,BIL/INFT/035172594933/DMART/PAYMENT,035172594933,2380.0,,801967.54
05-09-2023,05-09-2023,ATM WDL/3950/BTM LAYOUT,782880743931,999.0,,800968.54
06-09-2023,06-09-2023,POS/4473/UBER/MYSURU,722994986997,49.0,,800919.54
06-09-2023,06-09-2023,NEFT DR-HDFC0919411-ANJALI RAO-634820462215-RENT,485021228779,31000.0,,769919.54
08-09-2023,08-09-2023,BIL/INFT/081913506758/IRCTC/PAYMENT,081913506758,699.0,,769220.54
09-09-2023,09-09-2023,BIL/INFT/152248580596/BPCL/PAYMENT,152248580596,999.0,,768221.54
10-09-2023,10-09-2023,UPI/P2A/089830492795/priyanair223@ybl/PAY,089830492795,5200.0,,763021.54
11-09-2023,11-09-2023,UPI/P2A/480942809105/anjalirao145@paytm/PAY,480942809105,3499.0,,759522.54
12-09-2023,12-09-2023,BIL/INFT/585512977709/BOOKMYSHOW/PAYMENT,585512977709,249.0,,759273.54
12-09-2023,12-09-2023,POS/9571/BESCOM/SECUNDERABAD,728526224229,3499.0,,755774.54
12-09-2023,12-09-2023,IMPS/P2A/810521325414/GOPALVERMA/AXIS,810521325414,,18500.0,774274.54
13-09-2023,13-09-2023,ATM WDL/0946/MYSURU,225531186555,249.0,,774025.54
15-09-2023,15-09-2023,BIL/INFT/112893649190/AMAZON/PAYMENT,112893649190,999.0,,773026.54
16-09-2023,16-09-2023,UPI/P2A/367865581372/priyanair275@okhdfcbank/PAY,367865581372,1680.0,,771346.54
17-09-2023,17-09-2023,IMPS/P2A/885267325540/SHEELADEVI/AXIS,885267325540,,500.0,771846.54
17-09-2023,17-09-2023,ATM WDL/2892/BTM LAYOUT,337606797853,850.0,,770996.54
18-09-2023,18-09-2023,ATM WDL/8279/HSR LAYOUT,996580945929,1250.0,,769746.54
18-09-2023,18-09-2023,POS/3416/AMAZON/BTM LAYOUT,234520007701,699.0,,769047.54
18-09-2023,18-09-2023,ATM WDL/9096/MARATHAHALLI,215389349326,850.0,,768197.54
19-09-2023,19-09-2023,IMPS/P2A/974684106368/MOHANDAS/AXIS,974684106368,,1200.0,769397.54
21-09-2023,21-09-2023,UPI/P2A/940906689748/naveenkuma406@okaxis/PAY,940906689748,2380.0,,767017.54
22-09-2023,22-09-2023,UPI/P2A/625099547290/rohitsharm629@okhdfcbank/PAY,625099547290,1250.0,,765767.54
23-09-2023,23-09-2023,POS/8571/ZOMATO/WHITEFIELD,749888931175,5200.0,,760567.54
24-09-2023,24-09-2023,IMPS/P2A/984845337397/MOHAMMEDIRFAN/AXIS,984845337397,,7500.0,768067.54
25-09-2023,25-09-2023,CREDIT INTEREST CAPITALISED,296312213772,,187.4,768254.94
25-09-2023,25-09-2023,GST ON BANK CHARGES,659275745353,17.7,,768237.24
25-09-2023,25-09-2023,POS/6239/SWIGGY/BTM LAYOUT,201888528916,2380.0,,765857.24
26-09-2023,26-09-2023,UPI/P2A/312244157243/rohitsharm378@oksbi/PAY,312244157243,2380.0,,763477.24
26-09-2023,26-09-2023,UPI/P2A/019870267764/harishmeno846@paytm/PAY,019870267764,120.0,,763357.24
27-09-2023,27-09-2023,UPI/P2A/891579004406/divyamenon847@okaxis/PAY,891579004406,120.0,,763237.24
27-09-2023,27-09-2023,POS/5151/FLIPKART/KORAMANGALA,545165934594,5200.0,,758037.24
28-09-2023,28-09-2023,UPI/P2A/304055043308/smitharao98@paytm/PAY,304055043308,5200.0,,752837.24
28-09-2023,28-09-2023,BIL/INFT/435872853795/BOOKMYSHOW/PAYMENT,435872853795,1680.0,,751157.24
29-09-2023,29-09-2023,POS/5519/IOCL/SECUNDERABAD,113821016011,49.0,,751108.24
29-09-2023,29-09-2023,IMPS/P2A/415125440444/GANESHKUMAR/AXIS,415125440444,,2500.0,753608.24
30-09-2023,30-09-2023,POS/9173/IRCTC/JAYANAGAR,194789244294,3499.0,,750109.24
30-09-2023,30-09-2023,IMPS/P2A/288818524077/RAHULSINGH/AXIS,288818524077,,500.0,750609.24
02-10-2023,02-10-2023,NEFT/CR/188067538870/PAYROLL,213253359093,,62000.0,812609.24
02-10-2023,02-10-2023,BIL/INFT/845927180856/ZOMATO/PAYMENT,845927180856,79.0,,812530.24
02-10-2023,02-10-2023,ATM WDL/1930/MANGALURU,327570042407,3499.0,,809031.24
02-10-2023,02-10-2023,POS/8096/AMAZON/BANJARA HILLS,609443007828,5200.0,,803831.24
04-10-2023,04-10-2023,POS/6105/BPCL/MARATHAHALLI,530594798174,850.0,,802981.24
05-10-2023,05-10-2023,POS/6343/ZOMATO/SECUNDERABAD,325676847018,79.0,,802902.24
05-10-2023,05-10-2023,UPI/P2A/060909254047/farhankhan666@ybl/PAY,060909254047,249.0,,802653.24
05-10-2023,05-10-2023,UPI/P2A/122386626413/farhankhan848@oksbi/PAY,122386626413,1250.0,,801403.24
06-10-2023,06-10-2023,NEFT DR-HDFC0891624-RAJESH VERMA-562407938108-RENT,465577991081,31000.0,,770403.24
06-10-2023,06-10-2023,POS/4956/DMART/SECUNDERABAD,300309108351,310.0,,770093.24
06-10-2023,06-10-2023,ATM WDL/1271/INDIRANAGAR,543835448742,999.0,,769094.24
08-10-2023,08-10-2023,POS/5572/BESCOM/MUMBAI,337895781511,2380.0,,766714.24
08-10-2023,08-10-2023,IMPS/P2A/905261733451/CHANDANSHARMA/AXIS,905261733451,,1200.0,767914.24
10-10-2023,10-10-2023,POS/2849/SWIGGY/JAYANAGAR,443042062991,1680.0,,766234.24
11-10-2023,11-10-2023,POS/2466/RELIANCE FRESH/SECUNDERABAD,316326601530,2380.0,,763854.24
12-10-2023,12-10-2023,BIL/INFT/551203482116/UBER/PAYMENT,551203482116,249.0,,763605.24
12-10-2023,12-10-2023,IMPS/P2A/034047310244/GOPALNAIK/AXIS,034047310244,,500.0,764105.24
13-10-2023,13-10-2023,IMPS/P2A/278211163814/SURESHNAIR/AXIS,278211163814,,18500.0,782605.24
14-10-2023,14-10-2023,ATM WDL/7433/JAYANAGAR,192544405140,699.0,,781906.24
15-10-2023,15-10-2023,ATM WDL/1668/HSR LAYOUT,854003188396,7800.0,,774106.24
15-10-2023,15-10-2023,UPI/P2A/735262895559/santoshiye41@okhdfcbank/PAY,735262895559,5200.0,,768906.24
16-10-2023,16-10-2023,POS/6301/SWIGGY/SECUNDERABAD,882661596482,3499.0,,765407.24
16-10-2023,16-10-2023,BIL/INFT/426954239051/UBER/PAYMENT,426954239051,449.0,,764958.24
17-10-2023,17-10-2023,BIL/INFT/798881037328/UBER/PAYMENT,798881037328,2380.0,,762578.24
18-10-2023,18-10-2023,ATM WDL/0053/WHITEFIELD,391857819778,5200.0,,757378.24
18-10-2023,18-10-2023,POS/8061/IOCL/HSR LAYOUT,992770980532,2380.0,,754998.24
18-10-2023,18-10-2023,ATM WDL/2745/MARATHAHALLI,401829029071,79.0,,754919.24
19-10-2023,19-10-2023,BIL/INFT/304716342493/MEDPLUS/PAYMENT,304716342493,49.0,,754870.24
19-10-2023,19-10-2023,UPI/P2A/439291125314/rohitsharm654@ybl/PAY,439291125314,699.0,,754171.24
19-10-2023,19-10-2023,BIL/INFT/737237944749/ZOMATO/PAYMENT,737237944749,1680.0,,752491.24
20-10-2023,20-10-2023,IMPS/P2A/591213017007/GEETADEVI/AXIS,591213017007,,11200.0,763691.24
24-10-2023,24-10-2023,BIL/INFT/634445843034/AIRTEL/PAYMENT,634445843034,120.0,,763571.24
24-10-2023,24-10-2023,ATM WDL/7047/MUMBAI,167141655845,79.0,,763492.24
25-10-2023,25-10-2023,ATM WDL/9919/HSR LAYOUT,713075543796,2380.0,,761112.24
25-10-2023,25-10-2023,UPI/P2A/875065381349/anjalirao393@paytm/PAY,875065381349,699.0,,760413.24
25-10-2023,25-10-2023,POS/8882/IOCL/KORAMANGALA,869109834708,449.0,,759964.24
26-10-2023,26-10-2023,BIL/INFT/152302893005/OLA/PAYMENT,152302893005,249.0,,759715.24
26-10-2023,26-10-2023,UPI/P2A/925483444495/arjunmehta697@ybl/PAY,925483444495,249.0,,759466.24
27-10-2023,27-10-2023,ATM WDL/4585/KORAMANGALA,607734759131,79.0,,759387.24
30-10-2023,30-10-2023,IMPS/P2A/583322438083/RESHMAKHAN/AXIS,583322438083,,18500.0,777887.24
31-10-2023,31-10-2023,BIL/INFT/405171392185/JIO/PAYMENT,405171392185,1680.0,,776207.24
31-10-2023,31-10-2023,BIL/INFT/135316464058/MEDPLUS/PAYMENT,135316464058,1250.0,,774957.24
01-11-2023,01-11-2023,IMPS/P2A/779530296446/RANJITSINGH/AXIS,779530296446,,18500.0,793457.24
02-11-2023,02-11-2023,UPI/P2A/003073766617/smitharao738@okaxis/PAY,003073766617,2380.0,,791077.24
02-11-2023,02-11-2023,BIL/INFT/749460449306/MEDPLUS/PAYMENT,749460449306,120.0,,790957.24
02-11-2023,02-11-2023,NEFT/CR/101671502092/PAYROLL,210770714887,,61250.0,852207.24
02-11-2023,02-11-2023,ATM WDL/2860/BANJARA HILLS,356871294665,449.0,,851758.24
02-11-2023,02-11-2023,ATM WDL/4420/KORAMANGALA,691038309655,850.0,,850908.24
04-11-2023,04-11-2023,NEFT DR-HDFC0110268-NAVEEN KUMAR-237733249780-RENT,203443129345,26500.0,,824408.24
04-11-2023,04-11-2023,BIL/INFT/304376320391/BPCL/PAYMENT,304376320391,120.0,,824288.24
05-11-2023,05-11-2023,ATM WDL/7181/PUNE,546232366196,1250.0,,823038.24
07-11-2023,07-11-2023,POS/2808/RELIANCE FRESH/PUNE,438034801828,449.0,,822589.24
07-11-2023,07-11-2023,NEFT-667509070416-BENGALURU METRO SERVICES-REIMB-117231-HDFC0415732,992226861039,,24000.0,846589.24
08-11-2023,08-11-2023,IMPS/P2A/703214300269/KIRANREDDY/AXIS,703214300269,,7500.0,854089.24
09-11-2023,09-11-2023,IMPS/P2A/128251170883/DIVYAMENON/AXIS,128251170883,,500.0,854589.24
11-11-2023,11-11-2023,BIL/INFT/663300204630/FLIPKART/PAYMENT,663300204630,310.0,,854279.24
13-11-2023,13-11-2023,UPI/P2A/611426828657/ayeshakhan388@okaxis/PAY,611426828657,850.0,,853429.24
13-11-2023,13-11-2023,BIL/INFT/415312019372/APOLLO PHARMACY/PAYMENT,415312019372,120.0,,853309.24
14-11-2023,14-11-2023,POS/8135/ZOMATO/MARATHAHALLI,720905042732,7800.0,,845509.24
14-11-2023,14-11-2023,IMPS/P2A/138605943303/ANJALIRAO/AXIS,138605943303,,2500.0,848009.24
16-11-2023,16-11-2023,BIL/INFT/743032266643/UBER/PAYMENT,743032266643,1250.0,,846759.24
17-11-2023,17-11-2023,IMPS/P2A/381662052794/VENKATRAO/AXIS,381662052794,,2500.0,849259.24
17-11-2023,17-11-2023,ATM WDL/8914/MUMBAI,880662491830,79.0,,849180.24
17-11-2023,17-11-2023,POS/4287/UBER/MYSURU,114989150535,310.0,,848870.24
17-11-2023,17-11-2023,ATM WDL/6354/MARATHAHALLI,363295923560,850.0,,848020.24
17-11-2023,17-11-2023,UPI/P2A/500919315578/ayeshakhan177@oksbi/PAY,500919315578,699.0,,847321.24
19-11-2023,19-11-2023,UPI/P2A/242176140214/meerapilla225@okaxis/PAY,242176140214,1680.0,,845641.24
21-11-2023,21-11-2023,POS/0829/JIO/HSR LAYOUT,609338994875,999.0,,844642.24
22-11-2023,22-11-2023,POS/2727/BESCOM/BANJARA HILLS,387712789199,850.0,,843792.24
22-11-2023,22-11-2023,UPI/P2A/153821649872/priyanair307@oksbi/PAY,153821649872,1680.0,,842112.24
23-11-2023,23-11-2023,UPI/P2A/504610553553/ayeshakhan795@ybl/PAY,504610553553,2380.0,,839732.24
23-11-2023,23-11-2023,BIL/INFT/526803132832/ZOMATO/PAYMENT,526803132832,449.0,,839283.24
23-11-2023,23-11-2023,ATM WDL/9284/KUKATPALLY,672714147860,850.0,,838433.24
25-11-2023,25-11-2023,IMPS/P2A/099616025576/GOPALVERMA/AXIS,099616025576,,2500.0,840933.24
25-11-2023,25-11-2023,ATM WDL/8041/MANGALURU,509825563769,249.0,,840684.24
29-11-2023,29-11-2023,BIL/INFT/417010989326/BOOKMYSHOW/PAYMENT,417010989326,7800.0,,832884.24
30-11-2023,30-11-2023,BIL/INFT/954261398256/JIO/PAYMENT,954261398256,699.0,,832185.24
01-12-2023,01-12-2023,NEFT/CR/520297030165/PAYROLL,482480163565,,62000.0,894185.24
02-12-2023,02-12-2023,UPI/P2A/916697069841/harishmeno648@okaxis/PAY,916697069841,2380.0,,891805.24
04-12-2023,04-12-2023,IMPS/P2A/387521063890/NADIAHUSSAIN/AXIS,387521063890,,24000.0,915805.24
04-12-2023,04-12-2023,NEFT DR-HDFC0717050-FARHAN KHAN-834931473854-RENT,082072413857,26500.0,,889305.24
04-12-2023,04-12-2023,POS/5227/BESCOM/HSR LAYOUT,913053862947,850.0,,888455.24
06-12-2023,06-12-2023,ATM WDL/0021/MANGALURU,180617410668,2380.0,,886075.24
08-12-2023,08-12-2023,POS/7984/BOOKMYSHOW/HSR LAYOUT,340264214006,1250.0,,884825.24
09-12-2023,09-12-2023,POS/4719/BOOKMYSHOW/MYSURU,184831306464,850.0,,883975.24
10-12-2023,10-12-2023,UPI/P2A/773305213872/vinaypatil634@okhdfcbank/PAY,773305213872,249.0,,883726.24
11-12-2023,11-12-2023,ATM WDL/8771/SECUNDERABAD,078838954736,449.0,,883277.24
12-12-2023,12-12-2023,IMPS/P2A/486170864231/SANTOSHKUMAR/AXIS,486170864231,,1200.0,884477.24
12-12-2023,12-12-2023,POS/5362/MEDPLUS/BANJARA HILLS,477612694034,999.0,,883478.24
12-12-2023,12-12-2023,POS/8474/AIRTEL/JAYANAGAR,824081377524,79.0,,883399.24
14-12-2023,14-12-2023,UPI/P2A/509661578747/vikramnair485@okaxis/PAY,509661578747,7800.0,,875599.24
15-12-2023,15-12-2023,UPI/P2A/582136971013/santoshiye163@okhdfcbank/PAY,582136971013,1680.0,,873919.24
15-12-2023,15-12-2023,BIL/INFT/272164720766/MEDPLUS/PAYMENT,272164720766,310.0,,873609.24
16-12-2023,16-12-2023,ATM WDL/0980/HYDERABAD,081108552030,1680.0,,871929.24
18-12-2023,18-12-2023,BIL/INFT/772936625159/IOCL/PAYMENT,772936625159,1250.0,,870679.24
19-12-2023,19-12-2023,BIL/INFT/239540151379/BESCOM/PAYMENT,239540151379,850.0,,869829.24
20-12-2023,20-12-2023,UPI/P2A/369027076109/reshmakhan456@okhdfcbank/PAY,369027076109,120.0,,869709.24
20-12-2023,20-12-2023,BIL/INFT/659213439924/UBER/PAYMENT,659213439924,3499.0,,866210.24
20-12-2023,20-12-2023,ATM WDL/8589/KUKATPALLY,675926482738,79.0,,866131.24
21-12-2023,21-12-2023,IMPS/P2A/486329326915/NAVEENKUMAR/AXIS,486329326915,,4800.0,870931.24
22-12-2023,22-12-2023,UPI/P2A/535080356028/santoshiye133@okhdfcbank/PAY,535080356028,449.0,,870482.24
22-12-2023,22-12-2023,ATM WDL/9525/WHITEFIELD,400604086198,449.0,,870033.24
23-12-2023,23-12-2023,UPI/P2A/469385076926/lathadevi725@ybl/PAY,469385076926,2380.0,,867653.24
24-12-2023,24-12-2023,POS/8712/AIRTEL/MUMBAI,974296607704,699.0,,866954.24
24-12-2023,24-12-2023,POS/9603/DMART/WHITEFIELD,666765069824,3499.0,,863455.24
24-12-2023,24-12-2023,UPI/P2A/021685356206/lathadevi111@paytm/PAY,021685356206,310.0,,863145.24
26-12-2023,26-12-2023,IMPS/P2A/547312129607/MEENAIYER/AXIS,547312129607,,1200.0,864345.24
26-12-2023,26-12-2023,POS/0092/OLA/BANJARA HILLS,147268908096,699.0,,863646.24
27-12-2023,27-12-2023,ATM WDL/6657/HYDERABAD,652993472592,249.0,,863397.24
29-12-2023,29-12-2023,POS/8298/AMAZON/MYSURU,960362846498,7800.0,,855597.24
30-12-2023,30-12-2023,UPI/P2A/700930985563/anjalirao362@paytm/PAY,700930985563,1680.0,,853917.24
30-12-2023,30-12-2023,ATM WDL/4976/JAYANAGAR,013887265626,120.0,,853797.24
31-12-2023,31-12-2023,ATM WDL/4218/WHITEFIELD,628488513918,699.0,,853098.24
31-12-2023,31-12-2023,IMPS/P2A/908243575302/DEEPAKJOSHI/AXIS,908243575302,,7500.0,860598.24
01-01-2024,01-01-2024,NEFT/CR/054839557456/PAYROLL,293332068365,,62500.0,923098.24
01-01-2024,01-01-2024,BIL/INFT/625986725761/APOLLO PHARMACY/PAYMENT,625986725761,120.0,,922978.24
02-01-2024,02-01-2024,IMPS/P2A/067191310523/NADIAHUSSAIN/AXIS,067191310523,,2500.0,925478.24
02-01-2024,02-01-2024,ATM WDL/0085/MUMBAI,229578113086,7800.0,,917678.24
02-01-2024,02-01-2024,BIL/INFT/957986421259/IRCTC/PAYMENT,957986421259,449.0,,917229.24
03-01-2024,03-01-2024,ATM WDL/2251/MYSURU,747063797425,7800.0,,909429.24
05-01-2024,05-01-2024,BIL/INFT/652382043618/APOLLO PHARMACY/PAYMENT,652382043618,7800.0,,901629.24
06-01-2024,06-01-2024,IMPS/P2A/969964941751/POOJASHARMA/AXIS,969964941751,,500.0,902129.24
06-01-2024,06-01-2024,IMPS/P2A/447702438914/SHEELADEVI/AXIS,447702438914,,2500.0,904629.24
06-01-2024,06-01-2024,NEFT-216840594221-BENGALURU METRO SERVICES-REIMB-117231-HDFC0040825,633562529281,,12000.0,916629.24
07-01-2024,07-01-2024,NEFT DR-HDFC0071679-GOPAL NAIK-053953687638-RENT,810657734365,31000.0,,885629.24
08-01-2024,08-01-2024,IMPS/P2A/881643060967/AYESHAKHAN/AXIS,881643060967,,24000.0,909629.24
09-01-2024,09-01-2024,BIL/INFT/470234326821/FLIPKART/PAYMENT,470234326821,49.0,,909580.24
10-01-2024,10-01-2024,UPI/P2A/683167608910/gopalnaik309@okaxis/PAY,683167608910,310.0,,909270.24
12-01-2024,12-01-2024,POS/8093/OLA/PUNE,389423868766,120.0,,909150.24
12-01-2024,12-01-2024,NEFT-508596951869-BENGALURU METRO SERVICES-REIMB-117231-HDFC0476504,330903866163,,18500.0,927650.24
12-01-2024,12-01-2024,IMPS/P2A/985912682096/SANTOSHKUMAR/AXIS,985912682096,,850.0,928500.24
12-01-2024,12-01-2024,ATM WDL/7669/KORAMANGALA,018045523712,120.0,,928380.24
13-01-2024,13-01-2024,UPI/P2A/135728780890/divyamenon842@ybl/PAY,135728780890,1250.0,,927130.24
14-01-2024,14-01-2024,POS/3679/JIO/MANGALURU,323195392779,249.0,,926881.24
15-01-2024,15-01-2024,BIL/INFT/098620801711/IRCTC/PAYMENT,098620801711,7800.0,,919081.24
15-01-2024,15-01-2024,UPI/P2A/249100340558/lathadevi617@paytm/PAY,249100340558,2380.0,,916701.24
16-01-2024,16-01-2024,POS/6339/FLIPKART/MARATHAHALLI,256126653294,79.0,,916622.24
16-01-2024,16-01-2024,BIL/INFT/165637546556/IRCTC/PAYMENT,165637546556,449.0,,916173.24
17-01-2024,17-01-2024,IMPS/P2A/262132989702/RAMESHGOWDA/AXIS,262132989702,,500.0,916673.24
17-01-2024,17-01-2024,ATM WDL/0656/WHITEFIELD,695754808066,249.0,,916424.24
17-01-2024,17-01-2024,ATM WDL/3027/BANJARA HILLS,255313957609,7800.0,,908624.24
18-01-2024,18-01-2024,POS/0766/HPCL/MYSURU,253842625015,850.0,,907774.24
20-01-2024,20-01-2024,POS/4544/IRCTC/WHITEFIELD,872275395051,999.0,,906775.24
21-01-2024,21-01-2024,BIL/INFT/571503854719/JIO/PAYMENT,571503854719,1680.0,,905095.24
23-01-2024,23-01-2024,UPI/P2A/316793920032/smitharao623@paytm/PAY,316793920032,310.0,,904785.24
24-01-2024,24-01-2024,IMPS/P2A/450638865349/MOHAMMEDIRFAN/AXIS,450638865349,,7500.0,912285.24
24-01-2024,24-01-2024,POS/1397/BOOKMYSHOW/KORAMANGALA,559443454111,120.0,,912165.24
24-01-2024,24-01-2024,UPI/P2A/977468556992/naveenkuma762@ybl/PAY,977468556992,999.0,,911166.24
25-01-2024,25-01-2024,POS/8491/FLIPKART/MUMBAI,329687904080,850.0,,910316.24
26-01-2024,26-01-2024,UPI/P2A/135701435976/vinaypatil401@paytm/PAY,135701435976,310.0,,910006.24
26-01-2024,26-01-2024,POS/9473/FLIPKART/MYSURU,364707335784,2380.0,,907626.24
27-01-2024,27-01-2024,UPI/P2A/596678096920/rohitsharm779@okhdfcbank/PAY,596678096920,249.0,,907377.24
27-01-2024,27-01-2024,IMPS/P2A/377916484950/SNEHAPATIL/AXIS,377916484950,,24000.0,931377.24
27-01-2024,27-01-2024,UPI/P2A/061290552779/vinaypatil696@paytm/PAY,061290552779,249.0,,931128.24
27-01-2024,27-01-2024,IMPS/P2A/710821152535/VENKATRAO/AXIS,710821152535,,1200.0,932328.24
27-01-2024,27-01-2024,UPI/P2A/943882414271/kavyareddy430@paytm/PAY,943882414271,1680.0,,930648.24
28-01-2024,28-01-2024,BIL/INFT/636950874185/PVR CINEMAS/PAYMENT,636950874185,79.0,,930569.24
28-01-2024,28-01-2024,UPI/P2A/198906328936/poojasharm331@okaxis/PAY,198906328936,1250.0,,929319.24
30-01-2024,30-01-2024,BIL/INFT/475699357646/BESCOM/PAYMENT,475699357646,79.0,,929240.24
01-02-2024,01-02-2024,POS/9679/HPCL/MARATHAHALLI,196771846709,1680.0,,927560.24
02-02-2024,02-02-2024,NEFT/CR/521963377758/PAYROLL,273231238276,,62500.0,990060.24
05-02-2024,05-02-2024,NEFT DR-HDFC0197293-MOHAN DAS-949937391714-RENT,530620600241,26500.0,,963560.24
05-02-2024,05-02-2024,UPI/P2A/688649077963/anjalirao13@paytm/PAY,688649077963,850.0,,962710.24
07-02-2024,07-02-2024,ATM WDL/4200/MARATHAHALLI,233861591959,1680.0,,961030.24
07-02-2024,07-02-2024,UPI/P2A/486540471477/kiranreddy890@paytm/PAY,486540471477,120.0,,960910.24
08-02-2024,08-02-2024,ATM WDL/2216/MARATHAHALLI,039934380251,850.0,,960060.24
08-02-2024,08-02-2024,IMPS/P2A/716987923189/KAVITHARAO/AXIS,716987923189,,4800.0,964860.24
08-02-2024,08-02-2024,BIL/INFT/282546715589/ZOMATO/PAYMENT,282546715589,3499.0,,961361.24
09-02-2024,09-02-2024,BIL/INFT/516567250380/DMART/PAYMENT,516567250380,120.0,,961241.24
09-02-2024,09-02-2024,BIL/INFT/110356392135/ZOMATO/PAYMENT,110356392135,850.0,,960391.24
10-02-2024,10-02-2024,UPI/P2A/541417648452/meerapilla945@okaxis/PAY,541417648452,79.0,,960312.24
12-02-2024,12-02-2024,IMPS/P2A/908343025311/PADMARAO/AXIS,908343025311,,11200.0,971512.24
14-02-2024,14-02-2024,BIL/INFT/141502878571/BESCOM/PAYMENT,141502878571,79.0,,971433.24
14-02-2024,14-02-2024,IMPS/P2A/769854197786/RAJENDRAPRASAD/AXIS,769854197786,,4800.0,976233.24
14-02-2024,14-02-2024,ATM WDL/5330/MUMBAI,610295852044,1680.0,,974553.24
15-02-2024,15-02-2024,BIL/INFT/361727733042/OLA/PAYMENT,361727733042,310.0,,974243.24
15-02-2024,15-02-2024,UPI/P2A/830776581205/meerapilla900@okaxis/PAY,830776581205,3499.0,,970744.24
15-02-2024,15-02-2024,ATM WDL/6301/JAYANAGAR,923813152427,2380.0,,968364.24
16-02-2024,16-02-2024,POS/4547/ZOMATO/BANJARA HILLS,459938577695,79.0,,968285.24
18-02-2024,18-02-2024,POS/2654/SWIGGY/MUMBAI,524788592657,310.0,,967975.24
18-02-2024,18-02-2024,IMPS/P2A/731069709537/KIRANREDDY/AXIS,731069709537,,18500.0,986475.24
18-02-2024,18-02-2024,IMPS/P2A/231443962745/ANANDKUMAR/AXIS,231443962745,,7500.0,993975.24
19-02-2024,19-02-2024,ATM WDL/9356/BTM LAYOUT,862584118303,249.0,,993726.24
19-02-2024,19-02-2024,IMPS/P2A/212169375920/PRADEEPSINGH/AXIS,212169375920,,1200.0,994926.24
22-02-2024,22-02-2024,POS/4056/ZOMATO/MANGALURU,329712515838,249.0,,994677.24
23-02-2024,23-02-2024,UPI/P2A/580298762079/reshmakhan940@ybl/PAY,580298762079,1250.0,,993427.24
24-02-2024,24-02-2024,UPI/P2A/418779829002/arjunmehta326@okhdfcbank/PAY,418779829002,1680.0,,991747.24
24-02-2024,24-02-2024,BIL/INFT/827063082520/APOLLO PHARMACY/PAYMENT,827063082520,1680.0,,990067.24
25-02-2024,25-02-2024,POS/4762/OLA/INDIRANAGAR,817900257139,699.0,,989368.24
26-02-2024,26-02-2024,UPI/P2A/991014166826/rajeshverm388@oksbi/PAY,991014166826,7800.0,,981568.24
26-02-2024,26-02-2024,UPI/P2A/302207150651/kavyareddy219@ybl/PAY,302207150651,850.0,,980718.24
26-02-2024,26-02-2024,POS/6409/UBER/SECUNDERABAD,400364963709,49.0,,980669.24
26-02-2024,26-02-2024,ATM WDL/3802/HYDERABAD,555943385578,249.0,,980420.24
01-03-2024,01-03-2024,NEFT/CR/013894150914/PAYROLL,813969944438,,62500.0,1042920.24
02-03-2024,02-03-2024,ATM WDL/3244/MANGALURU,572033331892,999.0,,1041921.24
03-03-2024,03-03-2024,UPI/P2A/442294044363/tarageorge584@paytm/PAY,442294044363,5200.0,,1036721.24
03-03-2024,03-03-2024,ATM WDL/3671/KORAMANGALA,195668678243,2380.0,,1034341.24
03-03-2024,03-03-2024,BIL/INFT/680165833912/FLIPKART/PAYMENT,680165833912,5200.0,,1029141.24
04-03-2024,04-03-2024,BIL/INFT/420520661160/HPCL/PAYMENT,420520661160,999.0,,1028142.24
05-03-2024,05-03-2024,UPI/P2A/621842798846/mohandas405@paytm/PAY,621842798846,310.0,,1027832.24
05-03-2024,05-03-2024,NEFT DR-HDFC0194399-RAJESH VERMA-826563116240-RENT,598768045290,31000.0,,996832.24
06-03-2024,06-03-2024,ATM WDL/5430/MYSURU,468409227576,3499.0,,993333.24
07-03-2024,07-03-2024,IMPS/P2A/542984194429/SUNITADEVI/AXIS,542984194429,,7500.0,1000833.24
07-03-2024,07-03-2024,IMPS/P2A/093706272069/RAVIKUMAR/AXIS,093706272069,,24000.0,1024833.24
08-03-2024,08-03-2024,UPI/P2A/718124648691/ayeshakhan913@paytm/PAY,718124648691,5200.0,,1019633.24
09-03-2024,09-03-2024,POS/7091/APOLLO PHARMACY/KORAMANGALA,658765231074,449.0,,1019184.24
09-03-2024,09-03-2024,BIL/INFT/189247943935/HPCL/PAYMENT,189247943935,5200.0,,1013984.24
10-03-2024,10-03-2024,BIL/INFT/016625732897/FLIPKART/PAYMENT,016625732897,449.0,,1013535.24
11-03-2024,11-03-2024,UPI/P2A/463797587984/lathadevi946@paytm/PAY,463797587984,7800.0,,1005735.24
11-03-2024,11-03-2024,UPI/P2A/468792340671/smitharao821@okaxis/PAY,468792340671,249.0,,1005486.24
11-03-2024,11-03-2024,POS/3269/ZOMATO/KUKATPALLY,188218777297,850.0,,1004636.24
13-03-2024,13-03-2024,BIL/INFT/046122643024/AIRTEL/PAYMENT,046122643024,79.0,,1004557.24
13-03-2024,13-03-2024,BIL/INFT/916377723773/FLIPKART/PAYMENT,916377723773,1680.0,,1002877.24
14-03-2024,14-03-2024,IMPS/P2A/155266091767/ANANDKUMAR/AXIS,155266091767,,24000.0,1026877.24
14-03-2024,14-03-2024,BIL/INFT/856917371414/AMAZON/PAYMENT,856917371414,249.0,,1026628.24
16-03-2024,16-03-2024,UPI/P2A/810337780425/rahulsingh601@paytm/PAY,810337780425,120.0,,1026508.24
16-03-2024,16-03-2024,IMPS/P2A/578431790047/AYESHAKHAN/AXIS,578431790047,,500.0,1027008.24
16-03-2024,16-03-2024,IMPS/P2A/519552968960/IMRANKHAN/AXIS,519552968960,,11200.0,1038208.24
17-03-2024,17-03-2024,POS/4462/DMART/WHITEFIELD,001347137365,1250.0,,1036958.24
17-03-2024,17-03-2024,IMPS/P2A/208944196517/TARASINGH/AXIS,208944196517,,850.0,1037808.24
18-03-2024,18-03-2024,UPI/P2A/087398746907/rahulsingh887@okhdfcbank/PAY,087398746907,449.0,,1037359.24
19-03-2024,19-03-2024,IMPS/P2A/917756648621/RAJESHVERMA/AXIS,917756648621,,2500.0,1039859.24
19-03-2024,19-03-2024,BIL/INFT/212420345721/UBER/PAYMENT,212420345721,449.0,,1039410.24
20-03-2024,20-03-2024,IMPS/P2A/368870908270/SHEELADEVI/AXIS,368870908270,,1200.0,1040610.24
21-03-2024,21-03-2024,POS/3353/RELIANCE FRESH/MANGALURU,996521082012,449.0,,1040161.24
21-03-2024,21-03-2024,POS/7581/IOCL/KORAMANGALA,431009403499,1250.0,,1038911.24
24-03-2024,24-03-2024,ATM WDL/3998/WHITEFIELD,443060857027,249.0,,1038662.24
24-03-2024,24-03-2024,UPI/P2A/977829808167/harishmeno12@oksbi/PAY,977829808167,699.0,,1037963.24
25-03-2024,25-03-2024,IMPS/P2A/030489014805/RESHMAKHAN/AXIS,030489014805,,4800.0,1042763.24
25-03-2024,25-03-2024,CREDIT INTEREST CAPITALISED,373224118226,,173.82,1042937.06
25-03-2024,25-03-2024,GST ON BANK CHARGES,659485121860,17.7,,1042919.36
25-03-2024,25-03-2024,UPI/P2A/522350761175/poojasharm915@okhdfcbank/PAY,522350761175,699.0,,1042220.36
26-03-2024,26-03-2024,IMPS/P2A/931541040493/RAMESHGOWDA/AXIS,931541040493,,24000.0,1066220.36
26-03-2024,26-03-2024,ATM WDL/8573/MARATHAHALLI,723444861922,3499.0,,1062721.36
27-03-2024,27-03-2024,ATM WDL/3654/JAYANAGAR,217969842326,1680.0,,1061041.36
28-03-2024,28-03-2024,BIL/INFT/762596658336/BESCOM/PAYMENT,762596658336,1680.0,,1059361.36
28-03-2024,28-03-2024,BIL/INFT/254515805280/DMART/PAYMENT,254515805280,120.0,,1059241.36
28-03-2024,28-03-2024,POS/7061/OLA/INDIRANAGAR,594726764696,449.0,,1058792.36
29-03-2024,29-03-2024,ATM WDL/7902/KUKATPALLY,145596705525,2380.0,,1056412.36
29-03-2024,29-03-2024,ATM WDL/1357/KUKATPALLY,976945634036,449.0,,1055963.36
01-04-2024,01-04-2024,BIL/INFT/095221233148/MEDPLUS/PAYMENT,095221233148,449.0,,1055514.36
02-04-2024,02-04-2024,NEFT/CR/929728591907/PAYROLL,451999283506,,62500.0,1118014.36
02-04-2024,02-04-2024,IMPS/P2A/022276791324/VINAYPATIL/AXIS,022276791324,,24000.0,1142014.36
03-04-2024,03-04-2024,IMPS/P2A/415057472093/ARCHANAPILLAI/AXIS,415057472093,,2500.0,1144514.36
03-04-2024,03-04-2024,ATM WDL/7640/KORAMANGALA,033295550298,120.0,,1144394.36
03-04-2024,03-04-2024,NEFT DR-HDFC0541974-ROHIT SHARMA-729766117191-RENT,690505294111,26500.0,,1117894.36
03-04-2024,03-04-2024,UPI/P2A/611843462454/tarageorge442@paytm/PAY,611843462454,999.0,,1116895.36
05-04-2024,05-04-2024,IMPS/P2A/209395755181/PADMARAO/AXIS,209395755181,,18500.0,1135395.36
05-04-2024,05-04-2024,IMPS/P2A/967813516691/SMITHAPILLAI/AXIS,967813516691,,11200.0,1146595.36
05-04-2024,05-04-2024,ATM WDL/2957/MARATHAHALLI,818820013828,120.0,,1146475.36
05-04-2024,05-04-2024,POS/0846/AMAZON/HYDERABAD,859723513596,79.0,,1146396.36
06-04-2024,06-04-2024,BIL/INFT/877941557321/MEDPLUS/PAYMENT,877941557321,699.0,,1145697.36
06-04-2024,06-04-2024,UPI/P2A/232366685024/harishmeno117@okaxis/PAY,232366685024,999.0,,1144698.36
06-04-2024,06-04-2024,UPI/P2A/426075067537/smitharao340@okaxis/PAY,426075067537,1680.0,,1143018.36
08-04-2024,08-04-2024,UPI/P2A/128380119803/vikramnair301@oksbi/PAY,128380119803,5200.0,,1137818.36
08-04-2024,08-04-2024,UPI/P2A/232216855146/rajeshverm67@paytm/PAY,232216855146,79.0,,1137739.36
10-04-2024,10-04-2024,ATM WDL/4572/BANJARA HILLS,464959235807,5200.0,,1132539.36
10-04-2024,10-04-2024,ATM WDL/6662/HYDERABAD,823969219533,999.0,,1131540.36
11-04-2024,11-04-2024,BIL/INFT/140893828753/ZOMATO/PAYMENT,140893828753,850.0,,1130690.36
11-04-2024,11-04-2024,POS/0996/BESCOM/MARATHAHALLI,614182622515,2380.0,,1128310.36
12-04-2024,12-04-2024,ATM WDL/0911/BTM LAYOUT,918241086846,1680.0,,1126630.36
13-04-2024,13-04-2024,IMPS/P2A/228246522566/SMITHARAO/AXIS,228246522566,,1200.0,1127830.36
14-04-2024,14-04-2024,IMPS/P2A/791066270877/KAVITHARAO/AXIS,791066270877,,1200.0,1129030.36
14-04-2024,14-04-2024,BIL/INFT/352162709522/IOCL/PAYMENT,352162709522,310.0,,1128720.36
15-04-2024,15-04-2024,POS/2851/AIRTEL/INDIRANAGAR,403450040589,249.0,,1128471.36
16-04-2024,16-04-2024,UPI/P2A/036247368810/arjunmehta487@okhdfcbank/PAY,036247368810,120.0,,1128351.36
16-04-2024,16-04-2024,IMPS/P2A/549330884398/BABULAL/AXIS,549330884398,,7500.0,1135851.36
18-04-2024,18-04-2024,IMPS/P2A/895702295439/RAMESHGOWDA/AXIS,895702295439,,11200.0,1147051.36
18-04-2024,18-04-2024,BIL/INFT/258796577787/APOLLO PHARMACY/PAYMENT,258796577787,850.0,,1146201.36
20-04-2024,20-04-2024,BIL/INFT/425745814835/OLA/PAYMENT,425745814835,1680.0,,1144521.36
22-04-2024,22-04-2024,UPI/P2A/391102261734/rajeshverm891@ybl/PAY,391102261734,5200.0,,1139321.36
23-04-2024,23-04-2024,IMPS/P2A/447846111582/GANESHKUMAR/AXIS,447846111582,,11200.0,1150521.36
25-04-2024,25-04-2024,IMPS/P2A/863882147138/SHEELADEVI/AXIS,863882147138,,7500.0,1158021.36
25-04-2024,25-04-2024,POS/3976/OLA/MARATHAHALLI,443858262593,1250.0,,1156771.36
25-04-2024,25-04-2024,ATM WDL/1906/MANGALURU,933804396491,3499.0,,1153272.36
29-04-2024,29-04-2024,POS/5012/BPCL/MARATHAHALLI,156157420968,5200.0,,1148072.36
01-05-2024,01-05-2024,BIL/INFT/080571195345/BPCL/PAYMENT,080571195345,850.0,,1147222.36
01-05-2024,01-05-2024,IMPS/P2A/700772219209/GEETADEVI/AXIS,700772219209,,4800.0,1152022.36
01-05-2024,01-05-2024,ATM WDL/5564/JAYANAGAR,480238618855,999.0,,1151023.36
02-05-2024,02-05-2024,BIL/INFT/560977974861/AMAZON/PAYMENT,560977974861,449.0,,1150574.36
03-05-2024,03-05-2024,NEFT/CR/789846181461/PAYROLL,350207646738,,61250.0,1211824.36
03-05-2024,03-05-2024,NEFT DR-HDFC0204823-SANTOSH IYER-042241384580-RENT,215588186528,18000.0,,1193824.36
04-05-2024,04-05-2024,UPI/P2A/921610702790/meerapilla505@paytm/PAY,921610702790,120.0,,1193704.36
05-05-2024,05-05-2024,IMPS/P2A/822351915736/RAJENDRAPRASAD/AXIS,822351915736,,24000.0,1217704.36
05-05-2024,05-05-2024,BIL/INFT/092546259189/APOLLO PHARMACY/PAYMENT,092546259189,79.0,,1217625.36
06-05-2024,06-05-2024,BIL/INFT/176735299665/DMART/PAYMENT,176735299665,249.0,,1217376.36
08-05-2024,08-05-2024,BIL/INFT/426623095288/MEDPLUS/PAYMENT,426623095288,699.0,,1216677.36
08-05-2024,08-05-2024,NEFT-197703762561-BENGALURU METRO SERVICES-REIMB-117231-HDFC0658002,592436608276,,12000.0,1228677.36
10-05-2024,10-05-2024,IMPS/P2A/538633390708/VINAYPATIL/AXIS,538633390708,,24000.0,1252677.36
11-05-2024,11-05-2024,POS/2195/ZOMATO/MANGALURU,537721117890,310.0,,1252367.36
14-05-2024,14-05-2024,UPI/P2A/916502356379/vikramnair855@oksbi/PAY,916502356379,1680.0,,1250687.36
15-05-2024,15-05-2024,POS/8547/JIO/BANJARA HILLS,325600114866,1250.0,,1249437.36
16-05-2024,16-05-2024,IMPS/P2A/104929380493/SUNILYADAV/AXIS,104929380493,,4800.0,1254237.36
17-05-2024,17-05-2024,POS/7989/BPCL/SECUNDERABAD,820415979100,999.0,,1253238.36
18-05-2024,18-05-2024,IMPS/P2A/349734757776/MOHANDAS/AXIS,349734757776,,500.0,1253738.36
20-05-2024,20-05-2024,POS/4984/SWIGGY/INDIRANAGAR,522278704728,120.0,,1253618.36
20-05-2024,20-05-2024,UPI/P2A/181071221482/naveenkuma44@oksbi/PAY,181071221482,2380.0,,1251238.36
21-05-2024,21-05-2024,IMPS/P2A/974065137891/SANTOSHIYER/AXIS,974065137891,,4800.0,1256038.36
23-05-2024,23-05-2024,ATM WDL/9828/MYSURU,860693684224,699.0,,1255339.36
23-05-2024,23-05-2024,BIL/INFT/789757556797/OLA/PAYMENT,789757556797,1250.0,,1254089.36
24-05-2024,24-05-2024,BIL/INFT/192548331349/HPCL/PAYMENT,192548331349,850.0,,1253239.36
24-05-2024,24-05-2024,POS/1695/HPCL/KORAMANGALA,396213495626,1250.0,,1251989.36
25-05-2024,25-05-2024,UPI/P2A/818206340481/divyamenon655@oksbi/PAY,818206340481,1250.0,,1250739.36
25-05-2024,25-05-2024,ATM WDL/6416/MARATHAHALLI,306790062712,2380.0,,1248359.36
25-05-2024,25-05-2024,IMPS/P2A/973074094603/KIRANREDDY/AXIS,973074094603,,2500.0,1250859.36
26-05-2024,26-05-2024,IMPS/P2A/430357059131/REKHAPILLAI/AXIS,430357059131,,7500.0,1258359.36
26-05-2024,26-05-2024,BIL/INFT/089270585779/RELIANCE FRESH/PAYMENT,089270585779,79.0,,1258280.36
26-05-2024,26-05-2024,IMPS/P2A/724817506389/SNEHAPATIL/AXIS,724817506389,,2500.0,1260780.36
27-05-2024,27-05-2024,ATM WDL/0141/JAYANAGAR,719997572676,1250.0,,1259530.36
28-05-2024,28-05-2024,ATM WDL/7875/BTM LAYOUT,058652821431,5200.0,,1254330.36
28-05-2024,28-05-2024,BIL/INFT/495531628792/DMART/PAYMENT,495531628792,999.0,,1253331.36
30-05-2024,30-05-2024,IMPS/P2A/302988751822/RAJESHVERMA/AXIS,302988751822,,850.0,1254181.36
01-06-2024,01-06-2024,NEFT/CR/770688008698/PAYROLL,044584032449,,62000.0,1316181.36
02-06-2024,02-06-2024,POS/8274/OLA/INDIRANAGAR,196006835664,5200.0,,1310981.36
03-06-2024,03-06-2024,BIL/INFT/779701958488/BPCL/PAYMENT,779701958488,1250.0,,1309731.36
04-06-2024,04-06-2024,BIL/INFT/447004813701/UBER/PAYMENT,447004813701,5200.0,,1304531.36
05-06-2024,05-06-2024,UPI/P2A/778200582684/mohandas863@okaxis/PAY,778200582684,850.0,,1303681.36
06-06-2024,06-06-2024,UPI/P2A/479527397240/tarageorge140@okhdfcbank/PAY,479527397240,2380.0,,1301301.36
06-06-2024,06-06-2024,UPI/P2A/267188936345/tarageorge186@ybl/PAY,267188936345,79.0,,1301222.36
06-06-2024,06-06-2024,BIL/INFT/473642408138/IRCTC/PAYMENT,473642408138,2380.0,,1298842.36
07-06-2024,07-06-2024,NEFT DR-HDFC0135875-GOPAL NAIK-163928552250-RENT,378248276950,22000.0,,1276842.36
07-06-2024,07-06-2024,POS/5890/IOCL/MARATHAHALLI,205634835831,699.0,,1276143.36
07-06-2024,07-06-2024,UPI/P2A/086341183479/rohitsharm64@oksbi/PAY,086341183479,3499.0,,1272644.36
09-06-2024,09-06-2024,UPI/P2A/319547216005/farhankhan929@ybl/PAY,319547216005,449.0,,1272195.36
10-06-2024,10-06-2024,UPI/P2A/297945560659/rahulsingh447@okhdfcbank/PAY,297945560659,7800.0,,1264395.36
10-06-2024,10-06-2024,POS/9130/HPCL/BANJARA HILLS,540720321873,79.0,,1264316.36
11-06-2024,11-06-2024,POS/5286/FLIPKART/KUKATPALLY,691337763683,249.0,,1264067.36
12-06-2024,12-06-2024,BIL/INFT/668823538426/OLA/PAYMENT,668823538426,449.0,,1263618.36
12-06-2024,12-06-2024,ATM WDL/2946/SECUNDERABAD,449520511565,850.0,,1262768.36
12-06-2024,12-06-2024,IMPS/P2A/496195423167/DIVYAMENON/AXIS,496195423167,,11200.0,1273968.36
12-06-2024,12-06-2024,ATM WDL/8664/HYDERABAD,445734953859,999.0,,1272969.36
13-06-2024,13-06-2024,BIL/INFT/133920238083/IRCTC/PAYMENT,133920238083,79.0,,1272890.36
14-06-2024,14-06-2024,IMPS/P2A/948294089390/VINAYPATIL/AXIS,948294089390,,11200.0,1284090.36
14-06-2024,14-06-2024,POS/6472/DMART/MANGALURU,229435657420,449.0,,1283641.36
15-06-2024,15-06-2024,POS/8255/APOLLO PHARMACY/BANJARA HILLS,036525290957,79.0,,1283562.36
16-06-2024,16-06-2024,BIL/INFT/259426415919/AMAZON/PAYMENT,259426415919,2380.0,,1281182.36
17-06-2024,17-06-2024,BIL/INFT/881761665401/FLIPKART/PAYMENT,881761665401,3499.0,,1277683.36
17-06-2024,17-06-2024,BIL/INFT/095058997229/AMAZON/PAYMENT,095058997229,120.0,,1277563.36
17-06-2024,17-06-2024,ATM WDL/3301/HSR LAYOUT,661168448673,310.0,,1277253.36
18-06-2024,18-06-2024,POS/3468/AIRTEL/PUNE,199791344462,249.0,,1277004.36
19-06-2024,19-06-2024,POS/4421/PVR CINEMAS/JAYANAGAR,730738654046,699.0,,1276305.36
19-06-2024,19-06-2024,IMPS/P2A/951497831721/MEENAIYER/AXIS,951497831721,,4800.0,1281105.36
20-06-2024,20-06-2024,ATM WDL/1956/MARATHAHALLI,956693086002,310.0,,1280795.36
20-06-2024,20-06-2024,POS/0059/IRCTC/KUKATPALLY,789320169046,449.0,,1280346.36
21-06-2024,21-06-2024,ATM WDL/3762/HYDERABAD,223231332078,2380.0,,1277966.36
23-06-2024,23-06-2024,IMPS/P2A/907281249158/SANJANAHEGDE/AXIS,907281249158,,2500.0,1280466.36
24-06-2024,24-06-2024,UPI/P2A/928069927596/farhankhan945@paytm/PAY,928069927596,3499.0,,1276967.36
24-06-2024,24-06-2024,ATM WDL/0986/HYDERABAD,603036674829,1680.0,,1275287.36
24-06-2024,24-06-2024,POS/9188/HPCL/HSR LAYOUT,673063936665,1250.0,,1274037.36
25-06-2024,25-06-2024,POS/5903/OLA/KUKATPALLY,763811283792,449.0,,1273588.36
25-06-2024,25-06-2024,IMPS/P2A/371967061511/RAJENDRAPRASAD/AXIS,371967061511,,4800.0,1278388.36
25-06-2024,25-06-2024,CREDIT INTEREST CAPITALISED,894876329277,,51.27,1278439.63
25-06-2024,25-06-2024,GST ON BANK CHARGES,067321428329,17.7,,1278421.93
26-06-2024,26-06-2024,BIL/INFT/053473687329/ZOMATO/PAYMENT,053473687329,1680.0,,1276741.93
26-06-2024,26-06-2024,POS/7177/MEDPLUS/HYDERABAD,597247649074,2380.0,,1274361.93
26-06-2024,26-06-2024,POS/6595/PVR CINEMAS/HYDERABAD,032135265897,1250.0,,1273111.93
27-06-2024,27-06-2024,POS/2699/SWIGGY/BANJARA HILLS,661890954182,249.0,,1272862.93
30-06-2024,30-06-2024,POS/0449/BESCOM/BTM LAYOUT,112074460010,449.0,,1272413.93
01-07-2024,01-07-2024,NEFT/CR/383334591733/PAYROLL,631251612605,,61250.0,1333663.93
05-07-2024,05-07-2024,UPI/P2A/743939400209/rohitsharm709@paytm/PAY,743939400209,1680.0,,1331983.93
06-07-2024,06-07-2024,POS/6753/AIRTEL/KUKATPALLY,957146585315,449.0,,1331534.93
07-07-2024,07-07-2024,NEFT DR-HDFC0140161-RAJESH VERMA-629534014449-RENT,439616524156,18000.0,,1313534.93
07-07-2024,07-07-2024,BIL/INFT/587855095819/FLIPKART/PAYMENT,587855095819,249.0,,1313285.93
07-07-2024,07-07-2024,ATM WDL/5715/JAYANAGAR,623973266852,120.0,,1313165.93
08-07-2024,08-07-2024,BIL/INFT/180238930377/DMART/PAYMENT,180238930377,3499.0,,1309666.93
09-07-2024,09-07-2024,ATM WDL/0491/MYSURU,782216749569,7800.0,,1301866.93
09-07-2024,09-07-2024,IMPS/P2A/992246297949/RAJENDRAPRASAD/AXIS,992246297949,,18500.0,1320366.93
10-07-2024,10-07-2024,IMPS/P2A/902326652568/NADIAHUSSAIN/AXIS,902326652568,,11200.0,1331566.93
10-07-2024,10-07-2024,BIL/INFT/910490158202/IOCL/PAYMENT,910490158202,79.0,,1331487.93
11-07-2024,11-07-2024,ATM WDL/5842/SECUNDERABAD,323612852431,120.0,,1331367.93
11-07-2024,11-07-2024,BIL/INFT/825282958197/IRCTC/PAYMENT,825282958197,310.0,,1331057.93
12-07-2024,12-07-2024,IMPS/P2A/868113298237/GEETADEVI/AXIS,868113298237,,1200.0,1332257.93
13-07-2024,13-07-2024,UPI/P2A/843673195232/rahulsingh224@ybl/PAY,843673195232,999.0,,1331258.93
14-07-2024,14-07-2024,BIL/INFT/583004754071/SWIGGY/PAYMENT,583004754071,1250.0,,1330008.93
16-07-2024,16-07-2024,UPI/P2A/672992354906/reshmakhan387@okhdfcbank/PAY,672992354906,49.0,,1329959.93
17-07-2024,17-07-2024,ATM WDL/5510/MYSURU,144587562687,79.0,,1329880.93
17-07-2024,17-07-2024,BIL/INFT/889138387936/RELIANCE FRESH/PAYMENT,889138387936,699.0,,1329181.93
19-07-2024,19-07-2024,BIL/INFT/184592630404/UBER/PAYMENT,184592630404,449.0,,1328732.93
20-07-2024,20-07-2024,POS/3444/AMAZON/BANJARA HILLS,895154443271,79.0,,1328653.93
20-07-2024,20-07-2024,ATM WDL/4389/MYSURU,576630675472,999.0,,1327654.93
21-07-2024,21-07-2024,IMPS/P2A/321255756852/KIRANREDDY/AXIS,321255756852,,18500.0,1346154.93
22-07-2024,22-07-2024,IMPS/P2A/852102757353/AYESHAKHAN/AXIS,852102757353,,1200.0,1347354.93
22-07-2024,22-07-2024,BIL/INFT/476326328979/RELIANCE FRESH/PAYMENT,476326328979,999.0,,1346355.93
25-07-2024,25-07-2024,BIL/INFT/451640703896/PVR CINEMAS/PAYMENT,451640703896,79.0,,1346276.93
26-07-2024,26-07-2024,BIL/INFT/763367174706/RELIANCE FRESH/PAYMENT,763367174706,449.0,,1345827.93
27-07-2024,27-07-2024,ATM WDL/0717/MYSURU,067648478896,120.0,,1345707.93
27-07-2024,27-07-2024,ATM WDL/3306/HSR LAYOUT,164245496930,2380.0,,1343327.93
31-07-2024,31-07-2024,POS/0168/PVR CINEMAS/INDIRANAGAR,066100066455,2380.0,,1340947.93
01-08-2024,01-08-2024,BIL/INFT/106154482216/SWIGGY/PAYMENT,106154482216,120.0,,1340827.93
02-08-2024,02-08-2024,POS/7533/IOCL/HYDERABAD,230375712099,1680.0,,1339147.93
02-08-2024,02-08-2024,IMPS/P2A/157007143078/PRAKASHRAO/AXIS,157007143078,,850.0,1339997.93
02-08-2024,02-08-2024,POS/3053/JIO/SECUNDERABAD,262629294107,1680.0,,1338317.93
03-08-2024,03-08-2024,UPI/P2A/515029587641/farhankhan847@paytm/PAY,515029587641,2380.0,,1335937.93
03-08-2024,03-08-2024,NEFT/CR/601476197048/PAYROLL,092683749960,,62000.0,1397937.93
04-08-2024,04-08-2024,UPI/P2A/991959918020/rohitsharm125@okhdfcbank/PAY,991959918020,1680.0,,1396257.93
05-08-2024,05-08-2024,IMPS/P2A/305371000507/MOHANDAS/AXIS,305371000507,,7500.0,1403757.93
05-08-2024,05-08-2024,POS/5065/APOLLO PHARMACY/INDIRANAGAR,699150516225,1250.0,,1402507.93
06-08-2024,06-08-2024,IMPS/P2A/637498022588/ARUNSHARMA/AXIS,637498022588,,18500.0,1421007.93
06-08-2024,06-08-2024,NEFT DR-HDFC0248777-PRIYA NAIR-920958479371-RENT,054320052934,31000.0,,1390007.93
06-08-2024,06-08-2024,ATM WDL/8734/INDIRANAGAR,187130136940,2380.0,,1387627.93
07-08-2024,07-08-2024,UPI/P2A/563680137859/tarageorge816@oksbi/PAY,563680137859,1680.0,,1385947.93
07-08-2024,07-08-2024,POS/4679/AIRTEL/HYDERABAD,249136388231,699.0,,1385248.93
08-08-2024,08-08-2024,POS/4082/FLIPKART/MYSURU,292483601014,1680.0,,1383568.93
10-08-2024,10-08-2024,POS/2279/MEDPLUS/INDIRANAGAR,475669128218,449.0,,1383119.93
12-08-2024,12-08-2024,IMPS/P2A/903578326693/ARUNSHARMA/AXIS,903578326693,,2500.0,1385619.93
13-08-2024,13-08-2024,UPI/P2A/210001493979/vikramnair510@oksbi/PAY,210001493979,699.0,,1384920.93
13-08-2024,13-08-2024,ATM WDL/3003/INDIRANAGAR,415657804084,5200.0,,1379720.93
14-08-2024,14-08-2024,ATM WDL/6102/BTM LAYOUT,712756752581,2380.0,,1377340.93
14-08-2024,14-08-2024,BIL/INFT/939454955802/OLA/PAYMENT,939454955802,3499.0,,1373841.93
15-08-2024,15-08-2024,UPI/P2A/711188148362/reshmakhan982@paytm/PAY,711188148362,249.0,,1373592.93
16-08-2024,16-08-2024,ATM WDL/8183/MYSURU,770524882007,79.0,,1373513.93
16-08-2024,16-08-2024,BIL/INFT/083850017820/BOOKMYSHOW/PAYMENT,083850017820,2380.0,,1371133.93
16-08-2024,16-08-2024,NEFT-715626320471-BENGALURU METRO SERVICES-REIMB-117231-HDFC0684985,098002582317,,24000.0,1395133.93
16-08-2024,16-08-2024,BIL/INFT/090176364769/OLA/PAYMENT,090176364769,249.0,,1394884.93
17-08-2024,17-08-2024,ATM WDL/2840/MUMBAI,592541434493,79.0,,1394805.93
17-08-2024,17-08-2024,UPI/P2A/181615683163/ayeshakhan446@oksbi/PAY,181615683163,1250.0,,1393555.93
17-08-2024,17-08-2024,ATM WDL/5901/JAYANAGAR,057069392145,5200.0,,1388355.93
17-08-2024,17-08-2024,UPI/P2A/513886482062/rahulsingh858@oksbi/PAY,513886482062,449.0,,1387906.93
18-08-2024,18-08-2024,IMPS/P2A/074516870296/POOJASHARMA/AXIS,074516870296,,11200.0,1399106.93
19-08-2024,19-08-2024,ATM WDL/2533/MARATHAHALLI,115745243595,310.0,,1398796.93
20-08-2024,20-08-2024,UPI/P2A/852399181502/vikramnair272@ybl/PAY,852399181502,3499.0,,1395297.93
20-08-2024,20-08-2024,UPI/P2A/395708658262/kavyareddy851@oksbi/PAY,395708658262,3499.0,,1391798.93
22-08-2024,22-08-2024,BIL/INFT/183267614952/IOCL/PAYMENT,183267614952,449.0,,1391349.93
23-08-2024,23-08-2024,BIL/INFT/815173440532/BPCL/PAYMENT,815173440532,5200.0,,1386149.93
23-08-2024,23-08-2024,UPI/P2A/353122699378/tarageorge136@ybl/PAY,353122699378,449.0,,1385700.93
23-08-2024,23-08-2024,IMPS/P2A/343263535949/RESHMAKHAN/AXIS,343263535949,,7500.0,1393200.93
23-08-2024,23-08-2024,IMPS/P2A/555367417781/LAKSHMIVENKAT/AXIS,555367417781,,1200.0,1394400.93
25-08-2024,25-08-2024,ATM WDL/6191/MANGALURU,681860901649,120.0,,1394280.93
25-08-2024,25-08-2024,IMPS/P2A/104209585657/NADIAHUSSAIN/AXIS,104209585657,,18500.0,1412780.93
26-08-2024,26-08-2024,POS/8101/PVR CINEMAS/KUKATPALLY,573595594154,249.0,,1412531.93
26-08-2024,26-08-2024,POS/1600/JIO/MUMBAI,950765155866,1680.0,,1410851.93
26-08-2024,26-08-2024,BIL/INFT/087427256667/IRCTC/PAYMENT,087427256667,449.0,,1410402.93
27-08-2024,27-08-2024,IMPS/P2A/981573350392/SHEELADEVI/AXIS,981573350392,,2500.0,1412902.93
28-08-2024,28-08-2024,UPI/P2A/350923629959/poojasharm696@okhdfcbank/PAY,350923629959,1680.0,,1411222.93
30-08-2024,30-08-2024,BIL/INFT/053342824838/AMAZON/PAYMENT,053342824838,120.0,,1411102.93
30-08-2024,30-08-2024,IMPS/P2A/630641394312/RAVIKUMAR/AXIS,630641394312,,850.0,1411952.93
01-09-2024,01-09-2024,IMPS/P2A/871417642622/TANVIRAO/AXIS,871417642622,,11200.0,1423152.93
01-09-2024,01-09-2024,NEFT/CR/973648548524/PAYROLL,190323382800,,62500.0,1485652.93
03-09-2024,03-09-2024,BIL/INFT/106144535888/SWIGGY/PAYMENT,106144535888,1250.0,,1484402.93
04-09-2024,04-09-2024,IMPS/P2A/309128174400/AYESHAKHAN/AXIS,309128174400,,850.0,1485252.93
04-09-2024,04-09-2024,BIL/INFT/631324000542/AIRTEL/PAYMENT,631324000542,699.0,,1484553.93
04-09-2024,04-09-2024,BIL/INFT/711059043022/BESCOM/PAYMENT,711059043022,1250.0,,1483303.93
05-09-2024,05-09-2024,ATM WDL/4588/MYSURU,033889551631,5200.0,,1478103.93
06-09-2024,06-09-2024,NEFT DR-HDFC0736065-SUNIL SHETTY-755913048716-RENT,670855155931,18000.0,,1460103.93
06-09-2024,06-09-2024,BIL/INFT/309405975359/IOCL/PAYMENT,309405975359,2380.0,,1457723.93
07-09-2024,07-09-2024,UPI/P2A/501606734641/rohitsharm83@ybl/PAY,501606734641,999.0,,1456724.93
07-09-2024,07-09-2024,POS/9187/PVR CINEMAS/HYDERABAD,301822954240,3499.0,,1453225.93
09-09-2024,09-09-2024,IMPS/P2A/024426806467/LATHAMURTHY/AXIS,024426806467,,7500.0,1460725.93
10-09-2024,10-09-2024,ATM WDL/0976/KORAMANGALA,576729437730,7800.0,,1452925.93
10-09-2024,10-09-2024,ATM WDL/4804/MANGALURU,024930985386,850.0,,1452075.93
11-09-2024,11-09-2024,UPI/P2A/434205491366/naveenkuma836@okhdfcbank/PAY,434205491366,79.0,,1451996.93
12-09-2024,12-09-2024,IMPS/P2A/651654192524/ANJALIRAO/AXIS,651654192524,,2500.0,1454496.93
13-09-2024,13-09-2024,POS/6152/FLIPKART/PUNE,797842671313,2380.0,,1452116.93
13-09-2024,13-09-2024,POS/9112/IOCL/MUMBAI,741039235477,310.0,,1451806.93
14-09-2024,14-09-2024,IMPS/P2A/847175771483/PRADEEPSINGH/AXIS,847175771483,,2500.0,1454306.93
15-09-2024,15-09-2024,POS/1528/IRCTC/MUMBAI,096108903303,999.0,,1453307.93
16-09-2024,16-09-2024,ATM WDL/0172/KUKATPALLY,301131982159,1680.0,,1451627.93
19-09-2024,19-09-2024,BIL/INFT/015126175233/JIO/PAYMENT,015126175233,449.0,,1451178.93
19-09-2024,19-09-2024,UPI/P2A/750524771621/vinaypatil250@oksbi/PAY,750524771621,49.0,,1451129.93
19-09-2024,19-09-2024,IMPS/P2A/632650919032/TANVIRAO/AXIS,632650919032,,24000.0,1475129.93
20-09-2024,20-09-2024,IMPS/P2A/095213777083/HARISHMENON/AXIS,095213777083,,7500.0,1482629.93
21-09-2024,21-09-2024,ATM WDL/4491/WHITEFIELD,413918435769,79.0,,1482550.93
22-09-2024,22-09-2024,ATM WDL/3072/HSR LAYOUT,461429973253,3499.0,,1479051.93
22-09-2024,22-09-2024,IMPS/P2A/430520002680/ANITHAKRISHNAN/AXIS,430520002680,,7500.0,1486551.93
24-09-2024,24-09-2024,ATM WDL/2009/WHITEFIELD,895712698507,999.0,,1485552.93
25-09-2024,25-09-2024,CREDIT INTEREST CAPITALISED,120629922221,,195.58,1485748.51
25-09-2024,25-09-2024,GST ON BANK CHARGES,944781258829,17.7,,1485730.81
25-09-2024,25-09-2024,POS/3128/BPCL/BANJARA HILLS,558479349656,699.0,,1485031.81
26-09-2024,26-09-2024,POS/3843/MEDPLUS/KUKATPALLY,071230702508,79.0,,1484952.81
26-09-2024,26-09-2024,BIL/INFT/120004294829/MEDPLUS/PAYMENT,120004294829,120.0,,1484832.81
26-09-2024,26-09-2024,IMPS/P2A/727148253502/RAMESHPILLAI/AXIS,727148253502,,11200.0,1496032.81
26-09-2024,26-09-2024,UPI/P2A/845772877350/poojasharm550@okhdfcbank/PAY,845772877350,3499.0,,1492533.81
26-09-2024,26-09-2024,IMPS/P2A/718524786052/PRAKASHRAO/AXIS,718524786052,,18500.0,1511033.81
27-09-2024,27-09-2024,POS/4157/UBER/MUMBAI,623609045709,999.0,,1510034.81
28-09-2024,28-09-2024,IMPS/P2A/324258084644/DEEPAKJOSHI/AXIS,324258084644,,500.0,1510534.81
28-09-2024,28-09-2024,IMPS/P2A/157891464378/KAVYAREDDY/AXIS,157891464378,,11200.0,1521734.81
28-09-2024,28-09-2024,UPI/P2A/654837461585/vinaypatil614@paytm/PAY,654837461585,1250.0,,1520484.81
29-09-2024,29-09-2024,UPI/P2A/522991630011/lathadevi193@paytm/PAY,522991630011,7800.0,,1512684.81
29-09-2024,29-09-2024,BIL/INFT/241375904923/DMART/PAYMENT,241375904923,310.0,,1512374.81
29-09-2024,29-09-2024,POS/8944/PVR CINEMAS/MARATHAHALLI,095962982293,120.0,,1512254.81
01-10-2024,01-10-2024,NEFT/CR/092211297917/PAYROLL,680702036634,,61250.0,1573504.81
01-10-2024,01-10-2024,POS/7029/BPCL/MUMBAI,559371167357,699.0,,1572805.81
02-10-2024,02-10-2024,ATM WDL/7882/BANJARA HILLS,792506824997,310.0,,1572495.81
03-10-2024,03-10-2024,IMPS/P2A/913445548277/ARJUNMEHTA/AXIS,913445548277,,11200.0,1583695.81
03-10-2024,03-10-2024,ATM WDL/4676/WHITEFIELD,635709421356,310.0,,1583385.81
05-10-2024,05-10-2024,ATM WDL/9064/BANJARA HILLS,403662462176,5200.0,,1578185.81
06-10-2024,06-10-2024,NEFT DR-HDFC0911711-KAVYA REDDY-455985695448-RENT,352775184223,31000.0,,1547185.81
07-10-2024,07-10-2024,UPI/P2A/504313562161/mohandas927@paytm/PAY,504313562161,2380.0,,1544805.81
08-10-2024,08-10-2024,ATM WDL/8462/SECUNDERABAD,752536016625,3499.0,,1541306.81
09-10-2024,09-10-2024,IMPS/P2A/252302728074/KARTHIKMENON/AXIS,252302728074,,500.0,1541806.81
09-10-2024,09-10-2024,UPI/P2A/611397921307/vinaypatil922@okaxis/PAY,611397921307,999.0,,1540807.81
09-10-2024,09-10-2024,UPI/P2A/850560758110/vikramnair968@oksbi/PAY,850560758110,249.0,,1540558.81
10-10-2024,10-10-2024,IMPS/P2A/708616801497/SMITHAPILLAI/AXIS,708616801497,,850.0,1541408.81
12-10-2024,12-10-2024,POS/9100/DMART/JAYANAGAR,047844039042,999.0,,1540409.81
13-10-2024,13-10-2024,ATM WDL/1139/BTM LAYOUT,540879518698,1250.0,,1539159.81
14-10-2024,14-10-2024,IMPS/P2A/153808848482/RESHMAKHAN/AXIS,153808848482,,1200.0,1540359.81
14-10-2024,14-10-2024,BIL/INFT/331045883525/JIO/PAYMENT,331045883525,249.0,,1540110.81
14-10-2024,14-10-2024,POS/2368/AIRTEL/HSR LAYOUT,730719079174,2380.0,,1537730.81
15-10-2024,15-10-2024,IMPS/P2A/171083453105/MEERAPILLAI/AXIS,171083453105,,2500.0,1540230.81
16-10-2024,16-10-2024,POS/8479/BESCOM/HSR LAYOUT,633015143301,2380.0,,1537850.81
18-10-2024,18-10-2024,IMPS/P2A/686394806677/ARJUNMEHTA/AXIS,686394806677,,2500.0,1540350.81
18-10-2024,18-10-2024,POS/6465/AMAZON/PUNE,474080758230,79.0,,1540271.81
20-10-2024,20-10-2024,BIL/INFT/384879336509/OLA/PAYMENT,384879336509,2380.0,,1537891.81
20-10-2024,20-10-2024,ATM WDL/6434/MUMBAI,021016957400,310.0,,1537581.81
21-10-2024,21-10-2024,BIL/INFT/248161667354/APOLLO PHARMACY/PAYMENT,248161667354,3499.0,,1534082.81
21-10-2024,21-10-2024,POS/5907/JIO/JAYANAGAR,776527231096,1680.0,,1532402.81
22-10-2024,22-10-2024,ATM WDL/3307/MUMBAI,901631536742,5200.0,,1527202.81
23-10-2024,23-10-2024,ATM WDL/3407/JAYANAGAR,865253299646,449.0,,1526753.81
23-10-2024,23-10-2024,BIL/INFT/257795015294/AIRTEL/PAYMENT,257795015294,1680.0,,1525073.81
25-10-2024,25-10-2024,IMPS/P2A/643517299900/PRIYANAIR/AXIS,643517299900,,500.0,1525573.81
25-10-2024,25-10-2024,ATM WDL/5683/KUKATPALLY,363529746208,3499.0,,1522074.81
26-10-2024,26-10-2024,IMPS/P2A/643583445341/PADMARAO/AXIS,643583445341,,7500.0,1529574.81
29-10-2024,29-10-2024,POS/0142/AMAZON/MANGALURU,510541318011,850.0,,1528724.81
30-10-2024,30-10-2024,IMPS/P2A/266703267022/RAMESHPILLAI/AXIS,266703267022,,850.0,1529574.81
30-10-2024,30-10-2024,BIL/INFT/158899980191/AIRTEL/PAYMENT,158899980191,850.0,,1528724.81
01-11-2024,01-11-2024,UPI/P2A/125848084469/gopalnaik123@okaxis/PAY,125848084469,850.0,,1527874.81
01-11-2024,01-11-2024,POS/8586/BOOKMYSHOW/HSR LAYOUT,639913052724,850.0,,1527024.81
01-11-2024,01-11-2024,ATM WDL/9592/MANGALURU,200838122332,2380.0,,1524644.81
02-11-2024,02-11-2024,UPI/P2A/560324411187/vinaypatil776@paytm/PAY,560324411187,850.0,,1523794.81
02-11-2024,02-11-2024,NEFT/CR/575805051675/PAYROLL,990919344040,,62500.0,1586294.81
02-11-2024,02-11-2024,POS/8333/IOCL/MANGALURU,123621931344,3499.0,,1582795.81
02-11-2024,02-11-2024,BIL/INFT/780456105827/FLIPKART/PAYMENT,780456105827,120.0,,1582675.81
03-11-2024,03-11-2024,UPI/P2A/806006645523/poojasharm254@oksbi/PAY,806006645523,1250.0,,1581425.81
03-11-2024,03-11-2024,IMPS/P2A/176587753763/KAVERIMENON/AXIS,176587753763,,4800.0,1586225.81
03-11-2024,03-11-2024,NEFT DR-HDFC0102441-RAHUL SINGH-651640166266-RENT,537381974712,18000.0,,1568225.81
03-11-2024,03-11-2024,POS/1936/ZOMATO/JAYANAGAR,577808012315,1680.0,,1566545.81
05-11-2024,05-11-2024,ATM WDL/9125/BANJARA HILLS,296194804637,5200.0,,1561345.81
05-11-2024,05-11-2024,IMPS/P2A/142583777871/PRADEEPSINGH/AXIS,142583777871,,11200.0,1572545.81
05-11-2024,05-11-2024,BIL/INFT/662163291833/IRCTC/PAYMENT,662163291833,1680.0,,1570865.81
07-11-2024,07-11-2024,POS/5878/RELIANCE FRESH/MYSURU,530086959788,699.0,,1570166.81
07-11-2024,07-11-2024,BIL/INFT/073173062814/HPCL/PAYMENT,073173062814,49.0,,1570117.81
07-11-2024,07-11-2024,BIL/INFT/799294050412/UBER/PAYMENT,799294050412,449.0,,1569668.81
09-11-2024,09-11-2024,UPI/P2A/907274587078/mohandas425@paytm/PAY,907274587078,5200.0,,1564468.81
10-11-2024,10-11-2024,UPI/P2A/463827086524/kiranreddy109@paytm/PAY,463827086524,249.0,,1564219.81
12-11-2024,12-11-2024,POS/4442/IRCTC/BANJARA HILLS,076508153121,79.0,,1564140.81
13-11-2024,13-11-2024,BIL/INFT/289532210777/IRCTC/PAYMENT,289532210777,3499.0,,1560641.81
14-11-2024,14-11-2024,UPI/P2A/664102174806/rajeshverm660@oksbi/PAY,664102174806,1250.0,,1559391.81
14-11-2024,14-11-2024,POS/0554/RELIANCE FRESH/PUNE,801963909606,5200.0,,1554191.81
14-11-2024,14-11-2024,ATM WDL/6672/PUNE,241710022857,999.0,,1553192.81
15-11-2024,15-11-2024,UPI/P2A/570922050493/farhankhan344@oksbi/PAY,570922050493,7800.0,,1545392.81
15-11-2024,15-11-2024,ATM WDL/9980/HSR LAYOUT,240935880868,1680.0,,1543712.81
17-11-2024,17-11-2024,UPI/P2A/024990583510/smitharao601@okhdfcbank/PAY,024990583510,699.0,,1543013.81
17-11-2024,17-11-2024,POS/5913/DMART/PUNE,899251226831,5200.0,,1537813.81
17-11-2024,17-11-2024,BIL/INFT/977257734670/IOCL/PAYMENT,977257734670,850.0,,1536963.81
20-11-2024,20-11-2024,IMPS/P2A/777887493631/SANTOSHIYER/AXIS,777887493631,,11200.0,1548163.81
20-11-2024,20-11-2024,UPI/P2A/479013981120/tarageorge409@okhdfcbank/PAY,479013981120,5200.0,,1542963.81
20-11-2024,20-11-2024,ATM WDL/4257/HYDERABAD,906785747648,850.0,,1542113.81
25-11-2024,25-11-2024,IMPS/P2A/620428058755/MOHANDAS/AXIS,620428058755,,1200.0,1543313.81
26-11-2024,26-11-2024,UPI/P2A/517373455851/vikramnair920@ybl/PAY,517373455851,1250.0,,1542063.81
26-11-2024,26-11-2024,ATM WDL/9504/KORAMANGALA,006991919835,999.0,,1541064.81
27-11-2024,27-11-2024,BIL/INFT/901949926795/IOCL/PAYMENT,901949926795,449.0,,1540615.81
28-11-2024,28-11-2024,IMPS/P2A/655639951158/PADMARAO/AXIS,655639951158,,7500.0,1548115.81
28-11-2024,28-11-2024,IMPS/P2A/813971186228/SHAHIDKHAN/AXIS,813971186228,,500.0,1548615.81
30-11-2024,30-11-2024,UPI/P2A/207652531993/reshmakhan305@oksbi/PAY,207652531993,120.0,,1548495.81
