Date,Narration,Chq./Ref.No.,Value Dt,Withdrawal Amt.,Deposit Amt.,Closing Balance
02/01/23,IB BILLPAY DR-HDFCPE-545964XXXXXX3314 IB238375190017,238375190017,02/01/23,310.0,,201392.0
02/01/23,UPI-395465109975-divyamenon438@ybl-OK,395465109975,02/01/23,850.0,,200542.0
04/01/23,UPI-033397565701-tarageorge590@okhdfcbank-OK,033397565701,04/01/23,1250.0,,199292.0
05/01/23,UPI-432602149758-kiranreddy168@paytm-OK,432602149758,05/01/23,850.0,,198442.0
05/01/23,UPI-153434016882-tarageorge546@oksbi-OK,153434016882,05/01/23,120.0,,198322.0
06/01/23,IMPS-545660523707-ARCHANAPILLAI-HDFC-XXXXXXXXXX0234-PERSONAL,0000545660523707,06/01/23,,18500.0,216822.0
07/01/23,POS 416021XXXXXX2706 UBER POS DEBIT,026563024816,07/01/23,2380.0,,214442.0
12/01/23,IMPS-258017765146-FARHANKHAN-HDFC-XXXXXXXXXX5754-PERSONAL,0000258017765146,12/01/23,,11200.0,225642.0
13/01/23,NWD-416021XXXXXX0347-S16607-BANJARA HILLS,589137743075,13/01/23,999.0,,224643.0
15/01/23,NWD-416021XXXXXX9003-S16371-INDIRANAGAR,028858523087,15/01/23,120.0,,224523.0
16/01/23,IMPS-354721182106-SUNITADEVI-HDFC-XXXXXXXXXX6508-PERSONAL,0000354721182106,16/01/23,,24000.0,248523.0
16/01/23,UPI-210949128327-tarageorge740@okaxis-OK,210949128327,16/01/23,7800.0,,240723.0
19/01/23,UPI-525507560497-arjunmehta480@oksbi-OK,525507560497,19/01/23,850.0,,239873.0
20/01/23,IB BILLPAY DR-HDFCPE-545964XXXXXX8824 IB687565373788,687565373788,20/01/23,49.0,,239824.0
20/01/23,IB BILLPAY DR-HDFCPE-545964XXXXXX1479 IB896300217787,896300217787,20/01/23,1680.0,,238144.0
21/01/23,NWD-416021XXXXXX2624-S10903-HYDERABAD,209459902320,21/01/23,120.0,,238024.0
21/01/23,POS 416021XXXXXX9790 IRCTC POS DEBIT,235202848230,21/01/23,999.0,,237025.0
23/01/23,UPI-354190452832-santoshiye654@oksbi-OK,354190452832,23/01/23,850.0,,236175.0
23/01/23,NWD-416021XXXXXX7700-S12596-MYSURU,671969989208,23/01/23,1680.0,,234495.0
25/01/23,IB BILLPAY DR-HDFCPE-545964XXXXXX9656 IB595326655191,595326655191,25/01/23,3499.0,,230996.0
25/01/23,NWD-416021XXXXXX6165-S10381-JAYANAGAR,158940304380,25/01/23,699.0,,230297.0
25/01/23,UPI-500977835667-naveenkuma397@okhdfcbank-OK,500977835667,25/01/23,999.0,,229298.0
26/01/23,IB BILLPAY DR-HDFCPE-545964XXXXXX9085 IB784843150382,784843150382,26/01/23,49.0,,229249.0
27/01/23,IB BILLPAY DR-HDFCPE-545964XXXXXX6873 IB313887441993,313887441993,27/01/23,999.0,,228250.0
29/01/23,NWD-416021XXXXXX5402-S10833-INDIRANAGAR,218181055774,29/01/23,5200.0,,223050.0
02/02/23,POS 416021XXXXXX1043 APOLLO PHARMACY POS DEBIT,089931795163,02/02/23,5200.0,,217850.0
03/02/23,IB BILLPAY DR-HDFCPE-545964XXXXXX2257 IB685255140032,685255140032,03/02/23,1680.0,,216170.0
04/02/23,IB BILLPAY DR-HDFCPE-545964XXXXXX1888 IB043805823719,043805823719,04/02/23,249.0,,215921.0
06/02/23,POS 416021XXXXXX8032 IOCL POS DEBIT,387259922973,06/02/23,3499.0,,212422.0
08/02/23,POS 416021XXXXXX5435 BESCOM POS DEBIT,660647881961,08/02/23,2380.0,,210042.0
11/02/23,NWD-416021XXXXXX2678-S18074-MYSURU,201673915097,11/02/23,1250.0,,208792.0
12/02/23,POS 416021XXXXXX0792 JIO POS DEBIT,184449249108,12/02/23,310.0,,208482.0
13/02/23,NWD-416021XXXXXX1612-S19452-JAYANAGAR,719765757778,13/02/23,2380.0,,206102.0
14/02/23,POS 416021XXXXXX5601 BPCL POS DEBIT,750824277306,14/02/23,3499.0,,202603.0
15/02/23,UPI-910977095859-ayeshakhan901@oksbi-OK,910977095859,15/02/23,1680.0,,200923.0
16/02/23,IMPS-184579094967-ARJUNMEHTA-HDFC-XXXXXXXXXX0488-PERSONAL,0000184579094967,16/02/23,,18500.0,219423.0
17/02/23,UPI-296729326507-farhankhan897@paytm-OK,296729326507,17/02/23,999.0,,218424.0
19/02/23,UPI-017575681337-tarageorge884@oksbi-OK,017575681337,19/02/23,249.0,,218175.0
19/02/23,NWD-416021XXXXXX1864-S14237-SECUNDERABAD,159387574872,19/02/23,3499.0,,214676.0
19/02/23,IMPS-991235034558-SANJANAHEGDE-HDFC-XXXXXXXXXX3649-PERSONAL,0000991235034558,19/02/23,,7500.0,222176.0
21/02/23,IMPS-728823480554-VINAYPATIL-HDFC-XXXXXXXXXX9923-PERSONAL,0000728823480554,21/02/23,,4800.0,226976.0
21/02/23,UPI-834204230587-arjunmehta375@ybl-OK,834204230587,21/02/23,49.0,,226927.0
24/02/23,IMPS-925269213356-PADMARAO-HDFC-XXXXXXXXXX3628-PERSONAL,0000925269213356,24/02/23,,18500.0,245427.0
24/02/23,IB BILLPAY DR-HDFCPE-545964XXXXXX3862 IB707538540138,707538540138,24/02/23,850.0,,244577.0
25/02/23,UPI-769175615780-gopalnaik13@okaxis-OK,769175615780,25/02/23,999.0,,243578.0
25/02/23,IB BILLPAY DR-HDFCPE-545964XXXXXX3492 IB157543505610,157543505610,25/02/23,1250.0,,242328.0
25/02/23,IMPS-228362484276-SURESHBABU-HDFC-XXXXXXXXXX4505-PERSONAL,0000228362484276,25/02/23,,1200.0,243528.0
26/02/23,IMPS-189433618665-PRIYANAIR-HDFC-XXXXXXXXXX0215-PERSONAL,0000189433618665,26/02/23,,2500.0,246028.0
26/02/23,UPI-133624296918-smitharao652@ybl-OK,133624296918,26/02/23,699.0,,245329.0
27/02/23,POS 416021XXXXXX4294 UBER POS DEBIT,847247884453,27/02/23,449.0,,244880.0
27/02/23,IB BILLPAY DR-HDFCPE-545964XXXXXX3420 IB779990423744,779990423744,27/02/23,120.0,,244760.0
01/03/23,NWD-416021XXXXXX4932-S14541-KORAMANGALA,837470575937,01/03/23,850.0,,243910.0
02/03/23,NWD-416021XXXXXX9014-S17951-HYDERABAD,922956173052,02/03/23,249.0,,243661.0
02/03/23,IMPS-728925133860-RAMESHPILLAI-HDFC-XXXXXXXXXX0281-PERSONAL,0000728925133860,02/03/23,,4800.0,248461.0
03/03/23,UPI-907665565249-kavyareddy979@okhdfcbank-OK,907665565249,03/03/23,2380.0,,246081.0
05/03/23,UPI-647765125943-smitharao645@okaxis-OK,647765125943,05/03/23,2380.0,,243701.0
06/03/23,POS 416021XXXXXX0792 IOCL POS DEBIT,721352916924,06/03/23,5200.0,,238501.0
06/03/23,NWD-416021XXXXXX2083-S15113-MARATHAHALLI,862859360349,06/03/23,1680.0,,236821.0
06/03/23,IMPS-261128590412-GEETADEVI-HDFC-XXXXXXXXXX7750-PERSONAL,0000261128590412,06/03/23,,24000.0,260821.0
07/03/23,IB BILLPAY DR-HDFCPE-545964XXXXXX5163 IB654147957869,654147957869,07/03/23,49.0,,260772.0
08/03/23,NWD-416021XXXXXX2727-S10346-MARATHAHALLI,169993541056,08/03/23,699.0,,260073.0
08/03/23,IMPS-556380028876-SURESHBABU-HDFC-XXXXXXXXXX8684-PERSONAL,0000556380028876,08/03/23,,18500.0,278573.0
13/03/23,IMPS-587360884662-SANTOSHKUMAR-HDFC-XXXXXXXXXX2997-PERSONAL,0000587360884662,13/03/23,,850.0,279423.0
13/03/23,NWD-416021XXXXXX6015-S19222-BANJARA HILLS,095564252220,13/03/23,850.0,,278573.0
14/03/23,IB BILLPAY DR-HDFCPE-545964XXXXXX2263 IB604819891968,604819891968,14/03/23,5200.0,,273373.0
14/03/23,IB BILLPAY DR-HDFCPE-545964XXXXXX3400 IB063195784048,063195784048,14/03/23,310.0,,273063.0
18/03/23,POS 416021XXXXXX1338 AMAZON POS DEBIT,122045281845,18/03/23,310.0,,272753.0
21/03/23,NWD-416021XXXXXX2639-S19726-BTM LAYOUT,888846059367,21/03/23,120.0,,272633.0
22/03/23,POS 416021XXXXXX2665 ZOMATO POS DEBIT,142502201378,22/03/23,449.0,,272184.0
22/03/23,IMPS-168795860194-FATIMASHEIKH-HDFC-XXXXXXXXXX9551-PERSONAL,0000168795860194,22/03/23,,850.0,273034.0
23/03/23,POS 416021XXXXXX5696 MEDPLUS POS DEBIT,981438003219,23/03/23,249.0,,272785.0
23/03/23,UPI-417723109912-kiranreddy888@paytm-OK,417723109912,23/03/23,699.0,,272086.0
25/03/23,CREDIT INTEREST CAPITALISED,170406126490,25/03/23,,164.21,272250.21
25/03/23,GST ON BANK CHARGES,238532423511,25/03/23,17.7,,272232.51
27/03/23,POS 416021XXXXXX6921 BPCL POS DEBIT,780818449990,27/03/23,249.0,,271983.51
28/03/23,IMPS-193578590649-LALITHADEVI-HDFC-XXXXXXXXXX7770-PERSONAL,0000193578590649,28/03/23,,1200.0,273183.51
28/03/23,POS 416021XXXXXX7114 AIRTEL POS DEBIT,482937812321,28/03/23,5200.0,,267983.51
29/03/23,IB BILLPAY DR-HDFCPE-545964XXXXXX2668 IB603798032695,603798032695,29/03/23,1680.0,,266303.51
01/04/23,IMPS-601884567779-RANJITSINGH-HDFC-XXXXXXXXXX7133-PERSONAL,0000601884567779,01/04/23,,24000.0,290303.51
02/04/23,IMPS-750299330238-RAHULSINGH-HDFC-XXXXXXXXXX7655-PERSONAL,0000750299330238,02/04/23,,18500.0,308803.51
03/04/23,IB BILLPAY DR-HDFCPE-545964XXXXXX6577 IB510719229686,510719229686,03/04/23,7800.0,,301003.51
04/04/23,POS 416021XXXXXX4008 HPCL POS DEBIT,533613417848,04/04/23,310.0,,300693.51
04/04/23,NWD-416021XXXXXX9189-S17654-MANGALURU,283012838872,04/04/23,7800.0,,292893.51
05/04/23,IMPS-025960002548-NADIAHUSSAIN-HDFC-XXXXXXXXXX5735-PERSONAL,0000025960002548,05/04/23,,2500.0,295393.51
06/04/23,NWD-416021XXXXXX0013-S18821-HYDERABAD,890345751202,06/04/23,120.0,,295273.51
06/04/23,NWD-416021XXXXXX2114-S11316-KUKATPALLY,183504101163,06/04/23,850.0,,294423.51
07/04/23,NWD-416021XXXXXX3583-S18382-WHITEFIELD,555435251525,07/04/23,49.0,,294374.51
08/04/23,POS 416021XXXXXX1152 JIO POS DEBIT,728252355783,08/04/23,3499.0,,290875.51
08/04/23,UPI-067875020922-tarageorge533@okhdfcbank-OK,067875020922,08/04/23,449.0,,290426.51
09/04/23,IMPS-859582542213-PRIYANAIR-HDFC-XXXXXXXXXX7302-PERSONAL,0000859582542213,09/04/23,,4800.0,295226.51
09/04/23,POS 416021XXXXXX2943 BPCL POS DEBIT,604375494025,09/04/23,249.0,,294977.51
09/04/23,IMPS-476746279759-LAKSHMIVENKAT-HDFC-XXXXXXXXXX0481-PERSONAL,0000476746279759,09/04/23,,4800.0,299777.51
10/04/23,IB BILLPAY DR-HDFCPE-545964XXXXXX3257 IB036343261782,036343261782,10/04/23,249.0,,299528.51
10/04/23,UPI-329433024759-harishmeno997@ybl-OK,329433024759,10/04/23,310.0,,299218.51
10/04/23,POS 416021XXXXXX2225 UBER POS DEBIT,984995172599,10/04/23,1680.0,,297538.51
11/04/23,UPI-728658964574-arjunmehta672@oksbi-OK,728658964574,11/04/23,310.0,,297228.51
12/04/23,NWD-416021XXXXXX8493-S17286-HSR LAYOUT,697478019664,12/04/23,699.0,,296529.51
14/04/23,UPI-106865140992-kavyareddy569@okhdfcbank-OK,106865140992,14/04/23,449.0,,296080.51
14/04/23,IMPS-670765760146-MEENAIYER-HDFC-XXXXXXXXXX2337-PERSONAL,0000670765760146,14/04/23,,4800.0,300880.51
15/04/23,POS 416021XXXXXX7661 JIO POS DEBIT,267439724495,15/04/23,7800.0,,293080.51
15/04/23,NWD-416021XXXXXX8909-S14140-MARATHAHALLI,179353119881,15/04/23,1250.0,,291830.51
16/04/23,IMPS-635128605656-KARTHIKMENON-HDFC-XXXXXXXXXX3697-PERSONAL,0000635128605656,16/04/23,,11200.0,303030.51
16/04/23,IMPS-886454635919-MALLIKADAS-HDFC-XXXXXXXXXX9023-PERSONAL,0000886454635919,16/04/23,,24000.0,327030.51
16/04/23,NWD-416021XXXXXX4946-S15973-MUMBAI,194744419557,16/04/23,449.0,,326581.51
17/04/23,NWD-416021XXXXXX7346-S19992-MYSURU,433444634019,17/04/23,999.0,,325582.51
19/04/23,IMPS-489790307064-SURESHBABU-HDFC-XXXXXXXXXX3875-PERSONAL,0000489790307064,19/04/23,,1200.0,326782.51
19/04/23,IMPS-932083395606-KIRANREDDY-HDFC-XXXXXXXXXX4569-PERSONAL,0000932083395606,19/04/23,,500.0,327282.51
20/04/23,POS 416021XXXXXX1702 UBER POS DEBIT,125465104298,20/04/23,5200.0,,322082.51
20/04/23,UPI-651862685424-anjalirao652@okhdfcbank-OK,651862685424,20/04/23,249.0,,321833.51
20/04/23,IB BILLPAY DR-HDFCPE-545964XXXXXX6602 IB505555168057,505555168057,20/04/23,3499.0,,318334.51
21/04/23,UPI-513132993312-anjalirao900@paytm-OK,513132993312,21/04/23,5200.0,,313134.51
23/04/23,IMPS-006953233132-PRIYANAIR-HDFC-XXXXXXXXXX4896-PERSONAL,0000006953233132,23/04/23,,24000.0,337134.51
24/04/23,UPI-490365907299-arjunmehta321@paytm-OK,490365907299,24/04/23,79.0,,337055.51
24/04/23,UPI-680774438218-meerapilla487@oksbi-OK,680774438218,24/04/23,249.0,,336806.51
25/04/23,IMPS-755484836736-PRIYANAIR-HDFC-XXXXXXXXXX7129-PERSONAL,0000755484836736,25/04/23,,500.0,337306.51
26/04/23,UPI-059935625389-harishmeno644@ybl-OK,059935625389,26/04/23,79.0,,337227.51
26/04/23,IB BILLPAY DR-HDFCPE-545964XXXXXX1495 IB661713611107,661713611107,26/04/23,3499.0,,333728.51
27/04/23,POS 416021XXXXXX1318 AIRTEL POS DEBIT,457766397608,27/04/23,999.0,,332729.51
27/04/23,UPI-349651480463-kavyareddy162@okhdfcbank-OK,349651480463,27/04/23,3499.0,,329230.51
27/04/23,IMPS-866659330114-SUNILYADAV-HDFC-XXXXXXXXXX7093-PERSONAL,0000866659330114,27/04/23,,1200.0,330430.51
28/04/23,UPI-645119741804-lathadevi647@okhdfcbank-OK,645119741804,28/04/23,999.0,,329431.51
30/04/23,POS 416021XXXXXX9188 AMAZON POS DEBIT,227648108966,30/04/23,5200.0,,324231.51
05/05/23,IB BILLPAY DR-HDFCPE-545964XXXXXX1324 IB369773324924,369773324924,05/05/23,79.0,,324152.51
07/05/23,IB BILLPAY DR-HDFCPE-545964XXXXXX0207 IB186888168683,186888168683,07/05/23,1250.0,,322902.51
08/05/23,IMPS-620207506583-MOHAMMEDIRFAN-HDFC-XXXXXXXXXX9103-PERSONAL,0000620207506583,08/05/23,,24000.0,346902.51
09/05/23,UPI-809910822807-vikramnair443@oksbi-OK,809910822807,09/05/23,49.0,,346853.51
09/05/23,IMPS-323694408214-ANANDKUMAR-HDFC-XXXXXXXXXX2419-PERSONAL,0000323694408214,09/05/23,,1200.0,348053.51
11/05/23,POS 416021XXXXXX7598 AMAZON POS DEBIT,539740360997,11/05/23,1250.0,,346803.51
12/05/23,POS 416021XXXXXX8982 PVR CINEMAS POS DEBIT,013824353274,12/05/23,850.0,,345953.51
13/05/23,IMPS-605967067046-LAKSHMIVENKAT-HDFC-XXXXXXXXXX5587-PERSONAL,0000605967067046,13/05/23,,18500.0,364453.51
13/05/23,IB BILLPAY DR-HDFCPE-545964XXXXXX6263 IB527458734432,527458734432,13/05/23,249.0,,364204.51
14/05/23,IMPS-737665779809-DEEPANAIR-HDFC-XXXXXXXXXX7447-PERSONAL,0000737665779809,14/05/23,,1200.0,365404.51
14/05/23,IB BILLPAY DR-HDFCPE-545964XXXXXX6930 IB380279870577,380279870577,14/05/23,1680.0,,363724.51
15/05/23,IB BILLPAY DR-HDFCPE-545964XXXXXX6933 IB478592096200,478592096200,15/05/23,1250.0,,362474.51
15/05/23,POS 416021XXXXXX0362 RELIANCE FRESH POS DEBIT,241610489154,15/05/23,449.0,,362025.51
16/05/23,UPI-066158857357-harishmeno504@ybl-OK,066158857357,16/05/23,699.0,,361326.51
18/05/23,IMPS-170997301149-SANJANAHEGDE-HDFC-XXXXXXXXXX1738-PERSONAL,0000170997301149,18/05/23,,11200.0,372526.51
19/05/23,IMPS-717448792325-PRIYANAIR-HDFC-XXXXXXXXXX3504-PERSONAL,0000717448792325,19/05/23,,2500.0,375026.51
21/05/23,IMPS-369747921228-AYESHAKHAN-HDFC-XXXXXXXXXX6920-PERSONAL,0000369747921228,21/05/23,,4800.0,379826.51
21/05/23,UPI-612267942674-divyamenon716@okhdfcbank-OK,612267942674,21/05/23,5200.0,,374626.51
21/05/23,NWD-416021XXXXXX2375-S17213-HSR LAYOUT,071122445708,21/05/23,310.0,,374316.51
22/05/23,IMPS-407339379600-MEENAIYER-HDFC-XXXXXXXXXX1902-PERSONAL,0000407339379600,22/05/23,,7500.0,381816.51
23/05/23,NWD-416021XXXXXX1004-S14550-MANGALURU,208546059304,23/05/23,5200.0,,376616.51
23/05/23,POS 416021XXXXXX5888 BPCL POS DEBIT,868123032716,23/05/23,49.0,,376567.51
24/05/23,UPI-902379220203-sunilshett136@okhdfcbank-OK,902379220203,24/05/23,120.0,,376447.51
24/05/23,NWD-416021XXXXXX6442-S15654-MARATHAHALLI,421081931340,24/05/23,120.0,,376327.51
26/05/23,NWD-416021XXXXXX2847-S14684-BTM LAYOUT,434442294089,26/05/23,2380.0,,373947.51
26/05/23,IMPS-784935105417-AYESHAKHAN-HDFC-XXXXXXXXXX2309-PERSONAL,0000784935105417,26/05/23,,2500.0,376447.51
26/05/23,IB BILLPAY DR-HDFCPE-545964XXXXXX0233 IB245010553371,245010553371,26/05/23,699.0,,375748.51
28/05/23,POS 416021XXXXXX4504 MEDPLUS POS DEBIT,346128189153,28/05/23,79.0,,375669.51
29/05/23,IMPS-589928386941-SANJANAHEGDE-HDFC-XXXXXXXXXX0033-PERSONAL,0000589928386941,29/05/23,,2500.0,378169.51
02/06/23,NWD-416021XXXXXX7470-S16481-WHITEFIELD,186994757896,02/06/23,699.0,,377470.51
03/06/23,UPI-059712327053-tarageorge118@paytm-OK,059712327053,03/06/23,1680.0,,375790.51
05/06/23,IB BILLPAY DR-HDFCPE-545964XXXXXX7348 IB525460748149,525460748149,05/06/23,449.0,,375341.51
05/06/23,UPI-581177079451-arjunmehta696@paytm-OK,581177079451,05/06/23,310.0,,375031.51
06/06/23,UPI-002520052067-rahulsingh818@paytm-OK,002520052067,06/06/23,1680.0,,373351.51
09/06/23,UPI-651959823434-gopalnaik984@oksbi-OK,651959823434,09/06/23,1680.0,,371671.51
10/06/23,POS 416021XXXXXX8439 FLIPKART POS DEBIT,712818981865,10/06/23,2380.0,,369291.51
11/06/23,IB BILLPAY DR-HDFCPE-545964XXXXXX3492 IB260766029998,260766029998,11/06/23,449.0,,368842.51
11/06/23,IB BILLPAY DR-HDFCPE-545964XXXXXX6849 IB492653664285,492653664285,11/06/23,310.0,,368532.51
11/06/23,NWD-416021XXXXXX8779-S12396-HYDERABAD,012217794152,11/06/23,2380.0,,366152.51
13/06/23,IMPS-826385899450-KAVITHARAO-HDFC-XXXXXXXXXX1324-PERSONAL,0000826385899450,13/06/23,,500.0,366652.51
14/06/23,UPI-565319040600-mohandas813@paytm-OK,565319040600,14/06/23,449.0,,366203.51
15/06/23,IMPS-743218358653-RAHULSINGH-HDFC-XXXXXXXXXX5800-PERSONAL,0000743218358653,15/06/23,,11200.0,377403.51
17/06/23,IMPS-945758115760-SURESHNAIR-HDFC-XXXXXXXXXX8666-PERSONAL,0000945758115760,17/06/23,,1200.0,378603.51
18/06/23,POS 416021XXXXXX9503 AMAZON POS DEBIT,830675688075,18/06/23,850.0,,377753.51
19/06/23,POS 416021XXXXXX3196 IRCTC POS DEBIT,341005965705,19/06/23,1680.0,,376073.51
19/06/23,IMPS-662887753310-LATHAMURTHY-HDFC-XXXXXXXXXX7934-PERSONAL,0000662887753310,19/06/23,,850.0,376923.51
21/06/23,UPI-940737380669-smitharao719@okhdfcbank-OK,940737380669,21/06/23,2380.0,,374543.51
25/06/23,CREDIT INTEREST CAPITALISED,775085473545,25/06/23,,227.35,374770.86
25/06/23,GST ON BANK CHARGES,948835035326,25/06/23,17.7,,374753.16
25/06/23,IB BILLPAY DR-HDFCPE-545964XXXXXX0960 IB547131083578,547131083578,25/06/23,79.0,,374674.16
26/06/23,POS 416021XXXXXX1090 OLA POS DEBIT,612879603805,26/06/23,2380.0,,372294.16
28/06/23,NWD-416021XXXXXX0835-S19909-BANJARA HILLS,761017357167,28/06/23,7800.0,,364494.16
28/06/23,IMPS-122579704165-SMITHAPILLAI-HDFC-XXXXXXXXXX4488-PERSONAL,0000122579704165,28/06/23,,4800.0,369294.16
01/07/23,NWD-416021XXXXXX3906-S17785-KUKATPALLY,512824585147,01/07/23,49.0,,369245.16
01/07/23,POS 416021XXXXXX2209 SWIGGY POS DEBIT,577138822447,01/07/23,699.0,,368546.16
03/07/23,UPI-776825758547-smitharao231@oksbi-OK,776825758547,03/07/23,120.0,,368426.16
05/07/23,UPI-781317370193-vinaypatil961@okhdfcbank-OK,781317370193,05/07/23,449.0,,367977.16
05/07/23,IB BILLPAY DR-HDFCPE-545964XXXXXX5603 IB879032589290,879032589290,05/07/23,449.0,,367528.16
06/07/23,UPI-204104140361-gopalnaik720@okaxis-OK,204104140361,06/07/23,2380.0,,365148.16
07/07/23,UPI-410333518748-anjalirao772@oksbi-OK,410333518748,07/07/23,249.0,,364899.16
08/07/23,IB BILLPAY DR-HDFCPE-545964XXXXXX9758 IB531265707957,531265707957,08/07/23,699.0,,364200.16
09/07/23,UPI-601451803048-tarageorge648@paytm-OK,601451803048,09/07/23,2380.0,,361820.16
10/07/23,UPI-914141685155-divyamenon816@paytm-OK,914141685155,10/07/23,1250.0,,360570.16
10/07/23,IB BILLPAY DR-HDFCPE-545964XXXXXX0438 IB741649909184,741649909184,10/07/23,49.0,,360521.16
11/07/23,IMPS-764119580386-IMRANKHAN-HDFC-XXXXXXXXXX0704-PERSONAL,0000764119580386,11/07/23,,1200.0,361721.16
13/07/23,IB BILLPAY DR-HDFCPE-545964XXXXXX6253 IB297823631129,297823631129,13/07/23,850.0,,360871.16
13/07/23,UPI-382990889152-meerapilla60@okhdfcbank-OK,382990889152,13/07/23,449.0,,360422.16
13/07/23,UPI-725999261521-kavyareddy16@oksbi-OK,725999261521,13/07/23,999.0,,359423.16
14/07/23,IMPS-864974408913-KAVERIMENON-HDFC-XXXXXXXXXX1291-PERSONAL,0000864974408913,14/07/23,,24000.0,383423.16
14/07/23,NWD-416021XXXXXX0994-S14936-MARATHAHALLI,840694987536,14/07/23,1250.0,,382173.16
15/07/23,UPI-932185417655-vinaypatil977@oksbi-OK,932185417655,15/07/23,120.0,,382053.16
16/07/23,IB BILLPAY DR-HDFCPE-545964XXXXXX1635 IB734804964278,734804964278,16/07/23,120.0,,381933.16
16/07/23,NWD-416021XXXXXX7401-S13975-INDIRANAGAR,442532165306,16/07/23,79.0,,381854.16
17/07/23,UPI-396859812787-vikramnair119@paytm-OK,396859812787,17/07/23,449.0,,381405.16
17/07/23,IB BILLPAY DR-HDFCPE-545964XXXXXX7098 IB019821639529,019821639529,17/07/23,3499.0,,377906.16
20/07/23,NWD-416021XXXXXX5103-S12541-MUMBAI,303878600565,20/07/23,3499.0,,374407.16
21/07/23,IMPS-096887264547-SANTOSHIYER-HDFC-XXXXXXXXXX2124-PERSONAL,0000096887264547,21/07/23,,4800.0,379207.16
22/07/23,UPI-934540559855-smitharao966@paytm-OK,934540559855,22/07/23,1250.0,,377957.16
23/07/23,IMPS-490480222003-BABULAL-HDFC-XXXXXXXXXX7829-PERSONAL,0000490480222003,23/07/23,,24000.0,401957.16
26/07/23,IMPS-110028982251-FARHANKHAN-HDFC-XXXXXXXXXX5426-PERSONAL,0000110028982251,26/07/23,,4800.0,406757.16
28/07/23,IMPS-083001163694-DEEPAKJOSHI-HDFC-XXXXXXXXXX1108-PERSONAL,0000083001163694,28/07/23,,18500.0,425257.16
29/07/23,IMPS-782903707967-SANJANAHEGDE-HDFC-XXXXXXXXXX4198-PERSONAL,0000782903707967,29/07/23,,1200.0,426457.16
30/07/23,IMPS-405510779577-SHEELADEVI-HDFC-XXXXXXXXXX4799-PERSONAL,0000405510779577,30/07/23,,500.0,426957.16
31/07/23,IMPS-552120498681-LATHAMURTHY-HDFC-XXXXXXXXXX4349-PERSONAL,0000552120498681,31/07/23,,7500.0,434457.16
01/08/23,IMPS-289188068883-ANITHAKRISHNAN-HDFC-XXXXXXXXXX6640-PERSONAL,0000289188068883,01/08/23,,11200.0,445657.16
01/08/23,IB BILLPAY DR-HDFCPE-545964XXXXXX7553 IB003566292497,003566292497,01/08/23,7800.0,,437857.16
01/08/23,IMPS-597457273472-SUSHMARAO-HDFC-XXXXXXXXXX8169-PERSONAL,0000597457273472,01/08/23,,2500.0,440357.16
01/08/23,IMPS-921171722910-NAVEENKUMAR-HDFC-XXXXXXXXXX9242-PERSONAL,0000921171722910,01/08/23,,850.0,441207.16
02/08/23,UPI-144475947417-kiranreddy968@paytm-OK,144475947417,02/08/23,1250.0,,439957.16
03/08/23,UPI-253129975678-priyanair593@oksbi-OK,253129975678,03/08/23,79.0,,439878.16
04/08/23,IB BILLPAY DR-HDFCPE-545964XXXXXX9007 IB125691530294,125691530294,04/08/23,999.0,,438879.16
05/08/23,IMPS-086480007907-SANJANAHEGDE-HDFC-XXXXXXXXXX7550-PERSONAL,0000086480007907,05/08/23,,7500.0,446379.16
05/08/23,IB BILLPAY DR-HDFCPE-545964XXXXXX5768 IB337029699326,337029699326,05/08/23,1250.0,,445129.16
06/08/23,IB BILLPAY DR-HDFCPE-545964XXXXXX1144 IB452129046876,452129046876,06/08/23,249.0,,444880.16
08/08/23,IB BILLPAY DR-HDFCPE-545964XXXXXX3701 IB442374304718,442374304718,08/08/23,2380.0,,442500.16
08/08/23,NWD-416021XXXXXX1558-S18197-MUMBAI,318107505800,08/08/23,249.0,,442251.16
09/08/23,POS 416021XXXXXX2536 DMART POS DEBIT,966540514564,09/08/23,3499.0,,438752.16
10/08/23,NWD-416021XXXXXX0542-S17778-WHITEFIELD,587976285413,10/08/23,7800.0,,430952.16
10/08/23,IB BILLPAY DR-HDFCPE-545964XXXXXX8953 IB272056246672,272056246672,10/08/23,850.0,,430102.16
10/08/23,UPI-509497466640-gopalnaik668@ybl-OK,509497466640,10/08/23,1250.0,,428852.16
11/08/23,POS 416021XXXXXX9674 IRCTC POS DEBIT,842912389785,11/08/23,850.0,,428002.16
13/08/23,IB BILLPAY DR-HDFCPE-545964XXXXXX1000 IB599588247153,599588247153,13/08/23,999.0,,427003.16
13/08/23,UPI-004551765166-kavyareddy504@oksbi-OK,004551765166,13/08/23,310.0,,426693.16
13/08/23,IMPS-041843110117-NILESHKULKARNI-HDFC-XXXXXXXXXX9057-PERSONAL,0000041843110117,13/08/23,,2500.0,429193.16
15/08/23,NWD-416021XXXXXX8228-S16585-MUMBAI,614743194932,15/08/23,999.0,,428194.16
15/08/23,UPI-124078776531-kavyareddy800@okhdfcbank-OK,124078776531,15/08/23,79.0,,428115.16
16/08/23,NWD-416021XXXXXX2830-S18973-KUKATPALLY,490051857893,16/08/23,49.0,,428066.16
17/08/23,POS 416021XXXXXX3772 BESCOM POS DEBIT,897151349307,17/08/23,79.0,,427987.16
17/08/23,UPI-628963401748-santoshiye794@ybl-OK,628963401748,17/08/23,3499.0,,424488.16
19/08/23,POS 416021XXXXXX4007 APOLLO PHARMACY POS DEBIT,306605799751,19/08/23,1250.0,,423238.16
19/08/23,IB BILLPAY DR-HDFCPE-545964XXXXXX5115 IB211733451010,211733451010,19/08/23,999.0,,422239.16
19/08/23,UPI-692229696350-meerapilla706@okaxis-OK,692229696350,19/08/23,699.0,,421540.16
20/08/23,IMPS-260766992579-FARHANKHAN-HDFC-XXXXXXXXXX7002-PERSONAL,0000260766992579,20/08/23,,500.0,422040.16
20/08/23,IB BILLPAY DR-HDFCPE-545964XXXXXX6409 IB807854328120,807854328120,20/08/23,49.0,,421991.16
22/08/23,UPI-184518848674-arjunmehta155@oksbi-OK,184518848674,22/08/23,120.0,,421871.16
22/08/23,IMPS-899122667600-AYESHAKHAN-HDFC-XXXXXXXXXX1069-PERSONAL,0000899122667600,22/08/23,,2500.0,424371.16
22/08/23,NWD-416021XXXXXX3884-S15563-JAYANAGAR,513446067267,22/08/23,310.0,,424061.16
23/08/23,UPI-071582337458-reshmakhan594@okaxis-OK,071582337458,23/08/23,7800.0,,416261.16
23/08/23,IMPS-448220717099-RAJENDRAPRASAD-HDFC-XXXXXXXXXX3648-PERSONAL,0000448220717099,23/08/23,,500.0,416761.16
26/08/23,POS 416021XXXXXX3751 APOLLO PHARMACY POS DEBIT,075229744944,26/08/23,1680.0,,415081.16
27/08/23,POS 416021XXXXXX1255 PVR CINEMAS POS DEBIT,429299414925,27/08/23,2380.0,,412701.16
27/08/23,IMPS-533252945751-ROHITSHARMA-HDFC-XXXXXXXXXX1768-PERSONAL,0000533252945751,27/08/23,,850.0,413551.16
28/08/23,POS 416021XXXXXX9565 IRCTC POS DEBIT,459206948229,28/08/23,1250.0,,412301.16
28/08/23,IB BILLPAY DR-HDFCPE-545964XXXXXX3529 IB860144567515,860144567515,28/08/23,1680.0,,410621.16
29/08/23,IB BILLPAY DR-HDFCPE-545964XXXXXX5797 IB250592111159,250592111159,29/08/23,310.0,,410311.16
30/08/23,POS 416021XXXXXX9769 BPCL POS DEBIT,146729457689,30/08/23,310.0,,410001.16
30/08/23,POS 416021XXXXXX0626 IOCL POS DEBIT,898590346049,30/08/23,79.0,,409922.16
01/09/23,IMPS-531272010174-PRAKASHRAO-HDFC-XXXXXXXXXX3758-PERSONAL,0000531272010174,01/09/23,,4800.0,414722.16
02/09/23,IMPS-220695699539-SUNILYADAV-HDFC-XXXXXXXXXX4816-PERSONAL,0000220695699539,02/09/23,,500.0,415222.16
02/09/23,IMPS-519053234445-BABULAL-HDFC-XXXXXXXXXX8397-PERSONAL,0000519053234445,02/09/23,,850.0,416072.16
02/09/23,UPI-139343079137-mohandas535@oksbi-OK,139343079137,02/09/23,3499.0,,412573.16
05/09/23,POS 416021XXXXXX9036 APOLLO PHARMACY POS DEBIT,454914817172,05/09/23,2380.0,,410193.16
05/09/23,NWD-416021XXXXXX1995-S12993-MARATHAHALLI,718273999358,05/09/23,249.0,,409944.16
07/09/23,POS 416021XXXXXX7704 AMAZON POS DEBIT,276495036490,07/09/23,1250.0,,408694.16
07/09/23,IB BILLPAY DR-HDFCPE-545964XXXXXX0655 IB667779034251,667779034251,07/09/23,1680.0,,407014.16
08/09/23,IMPS-080716089306-VIKRAMNAIR-HDFC-XXXXXXXXXX5671-PERSONAL,0000080716089306,08/09/23,,11200.0,418214.16
09/09/23,NWD-416021XXXXXX7793-S14055-HYDERABAD,425162506187,09/09/23,249.0,,417965.16
09/09/23,IMPS-158961559142-PRADEEPSINGH-HDFC-XXXXXXXXXX2343-PERSONAL,0000158961559142,09/09/23,,18500.0,436465.16
11/09/23,POS 416021XXXXXX8981 JIO POS DEBIT,771912036487,11/09/23,2380.0,,434085.16
12/09/23,IB BILLPAY DR-HDFCPE-545964XXXXXX5200 IB163474854678,163474854678,12/09/23,999.0,,433086.16
12/09/23,IB BILLPAY DR-HDFCPE-545964XXXXXX5705 IB365073502654,365073502654,12/09/23,449.0,,432637.16
14/09/23,IMPS-894772620364-RAHULSINGH-HDFC-XXXXXXXXXX0332-PERSONAL,0000894772620364,14/09/23,,850.0,433487.16
14/09/23,POS 416021XXXXXX7944 BESCOM POS DEBIT,384469990989,14/09/23,79.0,,433408.16
15/09/23,IMPS-502890619829-SHEELADEVI-HDFC-XXXXXXXXXX3228-PERSONAL,0000502890619829,15/09/23,,24000.0,457408.16
15/09/23,IMPS-627343524413-NADIAHUSSAIN-HDFC-XXXXXXXXXX2909-PERSONAL,0000627343524413,15/09/23,,11200.0,468608.16
17/09/23,IMPS-508766158279-LATHAMURTHY-HDFC-XXXXXXXXXX5170-PERSONAL,0000508766158279,17/09/23,,850.0,469458.16
18/09/23,IMPS-811246055797-LALITHADEVI-HDFC-XXXXXXXXXX3202-PERSONAL,0000811246055797,18/09/23,,11200.0,480658.16
18/09/23,IB BILLPAY DR-HDFCPE-545964XXXXXX1071 IB322935320022,322935320022,18/09/23,5200.0,,475458.16
18/09/23,POS 416021XXXXXX9964 MEDPLUS POS DEBIT,615096561659,18/09/23,249.0,,475209.16
19/09/23,NWD-416021XXXXXX5584-S10345-MANGALURU,981304493341,19/09/23,699.0,,474510.16
19/09/23,IB BILLPAY DR-HDFCPE-545964XXXXXX2109 IB196752342625,196752342625,19/09/23,1250.0,,473260.16
20/09/23,UPI-861056582238-smitharao96@okhdfcbank-OK,861056582238,20/09/23,999.0,,472261.16
20/09/23,POS 416021XXXXXX7312 DMART POS DEBIT,072241673771,20/09/23,699.0,,471562.16
21/09/23,POS 416021XXXXXX1029 APOLLO PHARMACY POS DEBIT,514614955623,21/09/23,49.0,,471513.16
24/09/23,IB BILLPAY DR-HDFCPE-545964XXXXXX3184 IB888391634812,888391634812,24/09/23,79.0,,471434.16
25/09/23,CREDIT INTEREST CAPITALISED,767258332144,25/09/23,,190.84,471625.0
25/09/23,GST ON BANK CHARGES,360026374100,25/09/23,17.7,,471607.3
26/09/23,IB BILLPAY DR-HDFCPE-545964XXXXXX8969 IB826829408253,826829408253,26/09/23,1680.0,,469927.3
27/09/23,UPI-816925734569-ayeshakhan227@okaxis-OK,816925734569,27/09/23,1250.0,,468677.3
27/09/23,UPI-799837367971-mohandas785@paytm-OK,799837367971,27/09/23,850.0,,467827.3
01/10/23,UPI-906626283108-priyanair858@ybl-OK,906626283108,01/10/23,3499.0,,464328.3
02/10/23,IMPS-022730634523-GOPALVERMA-HDFC-XXXXXXXXXX1998-PERSONAL,0000022730634523,02/10/23,,500.0,464828.3
03/10/23,IMPS-106423204125-SMITHAPILLAI-HDFC-XXXXXXXXXX3122-PERSONAL,0000106423204125,03/10/23,,24000.0,488828.3
03/10/23,IB BILLPAY DR-HDFCPE-545964XXXXXX7891 IB852433597505,852433597505,03/10/23,249.0,,488579.3
04/10/23,NWD-416021XXXXXX9304-S16199-MANGALURU,802605664010,04/10/23,310.0,,488269.3
05/10/23,IB BILLPAY DR-HDFCPE-545964XXXXXX3700 IB800383955983,800383955983,05/10/23,49.0,,488220.3
05/10/23,IMPS-188597104947-RAHULSINGH-HDFC-XXXXXXXXXX1624-PERSONAL,0000188597104947,05/10/23,,4800.0,493020.3
06/10/23,UPI-162588395294-naveenkuma519@oksbi-OK,162588395294,06/10/23,3499.0,,489521.3
06/10/23,IB BILLPAY DR-HDFCPE-545964XXXXXX6852 IB478479739410,478479739410,06/10/23,49.0,,489472.3
06/10/23,IMPS-883912762297-PREETHIIYER-HDFC-XXXXXXXXXX5134-PERSONAL,0000883912762297,06/10/23,,11200.0,500672.3
07/10/23,IB BILLPAY DR-HDFCPE-545964XXXXXX2699 IB156500433694,156500433694,07/10/23,49.0,,500623.3
09/10/23,IB BILLPAY DR-HDFCPE-545964XXXXXX9658 IB415501666788,415501666788,09/10/23,999.0,,499624.3
10/10/23,NWD-416021XXXXXX8314-S10283-BANJARA HILLS,851430466426,10/10/23,120.0,,499504.3
12/10/23,POS 416021XXXXXX4457 JIO POS DEBIT,936567734291,12/10/23,2380.0,,497124.3
12/10/23,POS 416021XXXXXX3269 JIO POS DEBIT,367000356802,12/10/23,5200.0,,491924.3
12/10/23,IB BILLPAY DR-HDFCPE-545964XXXXXX6698 IB072937178272,072937178272,12/10/23,79.0,,491845.3
13/10/23,UPI-297320778397-reshmakhan604@ybl-OK,297320778397,13/10/23,449.0,,491396.3
13/10/23,UPI-282078107722-harishmeno775@okaxis-OK,282078107722,13/10/23,249.0,,491147.3
14/10/23,IB BILLPAY DR-HDFCPE-545964XXXXXX4831 IB090935767081,090935767081,14/10/23,49.0,,491098.3
14/10/23,UPI-687625686337-mohandas371@okhdfcbank-OK,687625686337,14/10/23,5200.0,,485898.3
15/10/23,UPI-807607810225-divyamenon265@okaxis-OK,807607810225,15/10/23,310.0,,485588.3
17/10/23,IMPS-172397116400-KAVERIMENON-HDFC-XXXXXXXXXX8559-PERSONAL,0000172397116400,17/10/23,,7500.0,493088.3
21/10/23,POS 416021XXXXXX5084 IRCTC POS DEBIT,968176900476,21/10/23,699.0,,492389.3
21/10/23,IMPS-428977093529-RESHMAKHAN-HDFC-XXXXXXXXXX8765-PERSONAL,0000428977093529,21/10/23,,4800.0,497189.3
22/10/23,IMPS-105092639810-NILESHKULKARNI-HDFC-XXXXXXXXXX3332-PERSONAL,0000105092639810,22/10/23,,4800.0,501989.3
22/10/23,IB BILLPAY DR-HDFCPE-545964XXXXXX6169 IB135644801817,135644801817,22/10/23,79.0,,501910.3
23/10/23,IB BILLPAY DR-HDFCPE-545964XXXXXX1152 IB873647268333,873647268333,23/10/23,2380.0,,499530.3
24/10/23,IB BILLPAY DR-HDFCPE-545964XXXXXX8686 IB762510614791,762510614791,24/10/23,3499.0,,496031.3
25/10/23,IMPS-931839364446-RAMESHPILLAI-HDFC-XXXXXXXXXX2477-PERSONAL,0000931839364446,25/10/23,,850.0,496881.3
26/10/23,POS 416021XXXXXX5034 HPCL POS DEBIT,789647558249,26/10/23,310.0,,496571.3
27/10/23,NWD-416021XXXXXX6108-S11221-SECUNDERABAD,708677702136,27/10/23,79.0,,496492.3
28/10/23,IB BILLPAY DR-HDFCPE-545964XXXXXX8518 IB800406567846,800406567846,28/10/23,699.0,,495793.3
28/10/23,POS 416021XXXXXX9442 FLIPKART POS DEBIT,377947449183,28/10/23,3499.0,,492294.3
29/10/23,UPI-431316968049-tarageorge229@paytm-OK,431316968049,29/10/23,310.0,,491984.3
29/10/23,POS 416021XXXXXX3581 DMART POS DEBIT,902187555144,29/10/23,5200.0,,486784.3
30/10/23,NWD-416021XXXXXX8911-S13246-MUMBAI,626329378678,30/10/23,310.0,,486474.3
01/11/23,UPI-976023257124-rajeshverm18@paytm-OK,976023257124,01/11/23,999.0,,485475.3
02/11/23,NWD-416021XXXXXX7711-S11971-KUKATPALLY,280904727641,02/11/23,699.0,,484776.3
02/11/23,POS 416021XXXXXX0034 AMAZON POS DEBIT,820422639686,02/11/23,999.0,,483777.3
03/11/23,NWD-416021XXXXXX6572-S19496-MARATHAHALLI,927680754452,03/11/23,3499.0,,480278.3
05/11/23,IMPS-310357308561-RAHULSINGH-HDFC-XXXXXXXXXX5324-PERSONAL,0000310357308561,05/11/23,,4800.0,485078.3
05/11/23,IMPS-087574911265-LATHAMURTHY-HDFC-XXXXXXXXXX9328-PERSONAL,0000087574911265,05/11/23,,4800.0,489878.3
06/11/23,IB BILLPAY DR-HDFCPE-545964XXXXXX3193 IB021106868541,021106868541,06/11/23,699.0,,489179.3
06/11/23,POS 416021XXXXXX1790 RELIANCE FRESH POS DEBIT,751650683507,06/11/23,79.0,,489100.3
07/11/23,IMPS-614890043694-ROHITSHARMA-HDFC-XXXXXXXXXX5128-PERSONAL,0000614890043694,07/11/23,,7500.0,496600.3
12/11/23,IMPS-137140219011-RESHMAKHAN-HDFC-XXXXXXXXXX6479-PERSONAL,0000137140219011,12/11/23,,1200.0,497800.3
15/11/23,IMPS-147354552095-PADMARAO-HDFC-XXXXXXXXXX9109-PERSONAL,0000147354552095,15/11/23,,850.0,498650.3
16/11/23,IB BILLPAY DR-HDFCPE-545964XXXXXX8142 IB673080471508,673080471508,16/11/23,120.0,,498530.3
16/11/23,NWD-416021XXXXXX1838-S13732-BANJARA HILLS,958284391473,16/11/23,79.0,,498451.3
18/11/23,NWD-416021XXXXXX2259-S10370-JAYANAGAR,787599039280,18/11/23,699.0,,497752.3
18/11/23,IB BILLPAY DR-HDFCPE-545964XXXXXX1261 IB479077486961,479077486961,18/11/23,850.0,,496902.3
19/11/23,UPI-420457245818-reshmakhan271@paytm-OK,420457245818,19/11/23,49.0,,496853.3
19/11/23,IMPS-158576760841-RESHMAKHAN-HDFC-XXXXXXXXXX8314-PERSONAL,0000158576760841,19/11/23,,1200.0,498053.3
20/11/23,IMPS-503839818212-ARJUNMEHTA-HDFC-XXXXXXXXXX9325-PERSONAL,0000503839818212,20/11/23,,7500.0,505553.3
20/11/23,IMPS-287277038258-SMITHAPILLAI-HDFC-XXXXXXXXXX0682-PERSONAL,0000287277038258,20/11/23,,850.0,506403.3
20/11/23,NWD-416021XXXXXX1573-S13515-MUMBAI,837312106908,20/11/23,79.0,,506324.3
22/11/23,IB BILLPAY DR-HDFCPE-545964XXXXXX9020 IB644902068728,644902068728,22/11/23,249.0,,506075.3
22/11/23,POS 416021XXXXXX4997 AIRTEL POS DEBIT,397269302530,22/11/23,699.0,,505376.3
22/11/23,NWD-416021XXXXXX0036-S17588-HYDERABAD,932647663114,22/11/23,5200.0,,500176.3
23/11/23,IMPS-266956163289-KAVITHARAO-HDFC-XXXXXXXXXX9800-PERSONAL,0000266956163289,23/11/23,,1200.0,501376.3
23/11/23,IMPS-379509593278-GANESHKUMAR-HDFC-XXXXXXXXXX7007-PERSONAL,0000379509593278,23/11/23,,18500.0,519876.3
23/11/23,IMPS-118552341712-MALLIKADAS-HDFC-XXXXXXXXXX3316-PERSONAL,0000118552341712,23/11/23,,850.0,520726.3
23/11/23,UPI-037330895516-vikramnair366@paytm-OK,037330895516,23/11/23,310.0,,520416.3
24/11/23,IMPS-101585312494-KAVITHARAO-HDFC-XXXXXXXXXX4744-PERSONAL,0000101585312494,24/11/23,,850.0,521266.3
24/11/23,POS 416021XXXXXX0131 RELIANCE FRESH POS DEBIT,125459002428,24/11/23,7800.0,,513466.3
25/11/23,IMPS-366379636396-RANJITSINGH-HDFC-XXXXXXXXXX6241-PERSONAL,0000366379636396,25/11/23,,11200.0,524666.3
25/11/23,POS 416021XXXXXX9966 AIRTEL POS DEBIT,517005263616,25/11/23,120.0,,524546.3
25/11/23,IMPS-545688740991-ARJUNMEHTA-HDFC-XXXXXXXXXX7547-PERSONAL,0000545688740991,25/11/23,,7500.0,532046.3
25/11/23,NWD-416021XXXXXX1640-S18634-BANJARA HILLS,270360016613,25/11/23,249.0,,531797.3
25/11/23,IMPS-827477538182-ADITYAKUMAR-HDFC-XXXXXXXXXX2695-PERSONAL,0000827477538182,25/11/23,,850.0,532647.3
28/11/23,IMPS-541277962678-SURESHBABU-HDFC-XXXXXXXXXX2094-PERSONAL,0000541277962678,28/11/23,,1200.0,533847.3
28/11/23,IMPS-356068366998-NIKHILGUPTA-HDFC-XXXXXXXXXX5588-PERSONAL,0000356068366998,28/11/23,,18500.0,552347.3
01/12/23,UPI-461347855785-gopalnaik699@ybl-OK,461347855785,01/12/23,699.0,,551648.3
02/12/23,POS 416021XXXXXX4577 SWIGGY POS DEBIT,734229319414,02/12/23,1680.0,,549968.3
02/12/23,POS 416021XXXXXX7771 MEDPLUS POS DEBIT,538899476573,02/12/23,2380.0,,547588.3
02/12/23,UPI-573625626625-vinaypatil166@paytm-OK,573625626625,02/12/23,5200.0,,542388.3
02/12/23,UPI-828049721536-poojasharm851@okhdfcbank-OK,828049721536,02/12/23,2380.0,,540008.3
03/12/23,IB BILLPAY DR-HDFCPE-545964XXXXXX4949 IB313187552373,313187552373,03/12/23,699.0,,539309.3
04/12/23,UPI-055119570465-reshmakhan923@okhdfcbank-OK,055119570465,04/12/23,999.0,,538310.3
04/12/23,IB BILLPAY DR-HDFCPE-545964XXXXXX0470 IB196801061031,196801061031,04/12/23,5200.0,,533110.3
05/12/23,NWD-416021XXXXXX2271-S17770-KORAMANGALA,056894338951,05/12/23,49.0,,533061.3
12/12/23,IMPS-256206354004-SANTOSHKUMAR-HDFC-XXXXXXXXXX1206-PERSONAL,0000256206354004,12/12/23,,24000.0,557061.3
13/12/23,POS 416021XXXXXX6187 UBER POS DEBIT,286053248271,13/12/23,999.0,,556062.3
14/12/23,UPI-169136211365-priyanair190@oksbi-OK,169136211365,14/12/23,249.0,,555813.3
15/12/23,UPI-338333843586-tarageorge316@ybl-OK,338333843586,15/12/23,999.0,,554814.3
17/12/23,IMPS-124911144943-TARASINGH-HDFC-XXXXXXXXXX0646-PERSONAL,0000124911144943,17/12/23,,500.0,555314.3
17/12/23,NWD-416021XXXXXX9891-S15778-MARATHAHALLI,981415413102,17/12/23,5200.0,,550114.3
19/12/23,IMPS-117176501485-KAVERIMENON-HDFC-XXXXXXXXXX5368-PERSONAL,0000117176501485,19/12/23,,850.0,550964.3
20/12/23,POS 416021XXXXXX7588 AIRTEL POS DEBIT,606546794163,20/12/23,310.0,,550654.3
20/12/23,IMPS-441928381338-RAHULSINGH-HDFC-XXXXXXXXXX9865-PERSONAL,0000441928381338,20/12/23,,11200.0,561854.3
21/12/23,IMPS-298055187924-DIVYAMENON-HDFC-XXXXXXXXXX9832-PERSONAL,0000298055187924,21/12/23,,7500.0,569354.3
21/12/23,UPI-901149384711-tarageorge687@oksbi-OK,901149384711,21/12/23,310.0,,569044.3
23/12/23,UPI-442793923600-arjunmehta967@okhdfcbank-OK,442793923600,23/12/23,5200.0,,563844.3
24/12/23,UPI-114687355871-ayeshakhan620@ybl-OK,114687355871,24/12/23,2380.0,,561464.3
26/12/23,IMPS-379054088110-SURESHNAIR-HDFC-XXXXXXXXXX7995-PERSONAL,0000379054088110,26/12/23,,4800.0,566264.3
27/12/23,POS 416021XXXXXX1172 BESCOM POS DEBIT,054727788394,27/12/23,79.0,,566185.3
28/12/23,NWD-416021XXXXXX0207-S15441-SECUNDERABAD,260403967099,28/12/23,249.0,,565936.3
28/12/23,IB BILLPAY DR-HDFCPE-545964XXXXXX6631 IB034683786646,034683786646,28/12/23,449.0,,565487.3
28/12/23,UPI-839279665200-anjalirao524@okaxis-OK,839279665200,28/12/23,120.0,,565367.3
31/12/23,IMPS-280791000638-LAKSHMIVENKAT-HDFC-XXXXXXXXXX5461-PERSONAL,0000280791000638,31/12/23,,1200.0,566567.3
31/12/23,NWD-416021XXXXXX2255-S19252-SECUNDERABAD,326933364022,31/12/23,1680.0,,564887.3
07/01/24,IB BILLPAY DR-HDFCPE-545964XXXXXX5510 IB117828609873,117828609873,07/01/24,3499.0,,561388.3
07/01/24,IB BILLPAY DR-HDFCPE-545964XXXXXX1409 IB849276192600,849276192600,07/01/24,3499.0,,557889.3
09/01/24,IMPS-957877027746-MEERAPILLAI-HDFC-XXXXXXXXXX7335-PERSONAL,0000957877027746,09/01/24,,500.0,558389.3
09/01/24,NWD-416021XXXXXX0569-S16864-KORAMANGALA,998868188398,09/01/24,1250.0,,557139.3
09/01/24,POS 416021XXXXXX0776 BESCOM POS DEBIT,883863500671,09/01/24,1250.0,,555889.3
09/01/24,IMPS-674558523123-RAHULSINGH-HDFC-XXXXXXXXXX7667-PERSONAL,0000674558523123,09/01/24,,1200.0,557089.3
11/01/24,NWD-416021XXXXXX9321-S19135-KORAMANGALA,120663504506,11/01/24,1680.0,,555409.3
12/01/24,IMPS-909645135630-ARCHANAPILLAI-HDFC-XXXXXXXXXX1099-PERSONAL,0000909645135630,12/01/24,,7500.0,562909.3
12/01/24,IMPS-499818621143-TANVIRAO-HDFC-XXXXXXXXXX6304-PERSONAL,0000499818621143,12/01/24,,500.0,563409.3
12/01/24,IMPS-958493377825-ADITYAKUMAR-HDFC-XXXXXXXXXX6679-PERSONAL,0000958493377825,12/01/24,,18500.0,581909.3
13/01/24,IMPS-525392987211-KIRANREDDY-HDFC-XXXXXXXXXX4738-PERSONAL,0000525392987211,13/01/24,,4800.0,586709.3
14/01/24,IMPS-546823552016-CHANDANSHARMA-HDFC-XXXXXXXXXX7241-PERSONAL,0000546823552016,14/01/24,,4800.0,591509.3
15/01/24,POS 416021XXXXXX8741 BPCL POS DEBIT,702201833886,15/01/24,49.0,,591460.3
15/01/24,IMPS-412102282004-KIRANREDDY-HDFC-XXXXXXXXXX3115-PERSONAL,0000412102282004,15/01/24,,500.0,591960.3
16/01/24,POS 416021XXXXXX2790 RELIANCE FRESH POS DEBIT,136904876073,16/01/24,999.0,,590961.3
16/01/24,UPI-583551922395-arjunmehta150@oksbi-OK,583551922395,16/01/24,79.0,,590882.3
16/01/24,IB BILLPAY DR-HDFCPE-545964XXXXXX4499 IB963543754487,963543754487,16/01/24,310.0,,590572.3
16/01/24,POS 416021XXXXXX6280 ZOMATO POS DEBIT,021638674753,16/01/24,1250.0,,589322.3
17/01/24,IB BILLPAY DR-HDFCPE-545964XXXXXX4920 IB924426244858,924426244858,17/01/24,5200.0,,584122.3
18/01/24,POS 416021XXXXXX9809 SWIGGY POS DEBIT,214131162694,18/01/24,699.0,,583423.3
19/01/24,NWD-416021XXXXXX1923-S13334-KORAMANGALA,557520832494,19/01/24,449.0,,582974.3
19/01/24,IB BILLPAY DR-HDFCPE-545964XXXXXX5701 IB457107941365,457107941365,19/01/24,449.0,,582525.3
20/01/24,IB BILLPAY DR-HDFCPE-545964XXXXXX9099 IB749795324656,749795324656,20/01/24,999.0,,581526.3
22/01/24,POS 416021XXXXXX4167 AMAZON POS DEBIT,804755650180,22/01/24,79.0,,581447.3
22/01/24,IMPS-830119464075-LATHADEVI-HDFC-XXXXXXXXXX8443-PERSONAL,0000830119464075,22/01/24,,500.0,581947.3
22/01/24,IMPS-103203072189-VIKRAMNAIR-HDFC-XXXXXXXXXX9118-PERSONAL,0000103203072189,22/01/24,,11200.0,593147.3
25/01/24,POS 416021XXXXXX1943 JIO POS DEBIT,811825829897,25/01/24,7800.0,,585347.3
25/01/24,IMPS-453135586636-FARHANKHAN-HDFC-XXXXXXXXXX5817-PERSONAL,0000453135586636,25/01/24,,1200.0,586547.3
26/01/24,UPI-879498750509-rohitsharm583@okaxis-OK,879498750509,26/01/24,120.0,,586427.3
29/01/24,POS 416021XXXXXX1803 FLIPKART POS DEBIT,451330342537,29/01/24,999.0,,585428.3
29/01/24,IB BILLPAY DR-HDFCPE-545964XXXXXX0108 IB311880927425,311880927425,29/01/24,2380.0,,583048.3
30/01/24,NWD-416021XXXXXX5785-S18134-WHITEFIELD,675987733589,30/01/24,1250.0,,581798.3
01/02/24,IMPS-346744088483-BINDHUNAIR-HDFC-XXXXXXXXXX2960-PERSONAL,0000346744088483,01/02/24,,500.0,582298.3
01/02/24,IMPS-900462713292-SHAHIDKHAN-HDFC-XXXXXXXXXX2706-PERSONAL,0000900462713292,01/02/24,,11200.0,593498.3
01/02/24,IB BILLPAY DR-HDFCPE-545964XXXXXX3633 IB720254326221,720254326221,01/02/24,1680.0,,591818.3
05/02/24,POS 416021XXXXXX7174 UBER POS DEBIT,945896598441,05/02/24,999.0,,590819.3
05/02/24,NWD-416021XXXXXX1724-S10013-MANGALURU,254710571525,05/02/24,2380.0,,588439.3
06/02/24,IMPS-421579516590-RESHMAKHAN-HDFC-XXXXXXXXXX2227-PERSONAL,0000421579516590,06/02/24,,4800.0,593239.3
07/02/24,POS 416021XXXXXX1935 ZOMATO POS DEBIT,337690027481,07/02/24,850.0,,592389.3
08/02/24,IB BILLPAY DR-HDFCPE-545964XXXXXX4757 IB454984380157,454984380157,08/02/24,699.0,,591690.3
10/02/24,IB BILLPAY DR-HDFCPE-545964XXXXXX3526 IB612087463490,612087463490,10/02/24,79.0,,591611.3
14/02/24,NWD-416021XXXXXX3219-S19042-BANJARA HILLS,772846758153,14/02/24,449.0,,591162.3
19/02/24,IB BILLPAY DR-HDFCPE-545964XXXXXX9111 IB397287327551,397287327551,19/02/24,310.0,,590852.3
21/02/24,IB BILLPAY DR-HDFCPE-545964XXXXXX3496 IB575353997224,575353997224,21/02/24,79.0,,590773.3
21/02/24,UPI-182053516602-kiranreddy676@paytm-OK,182053516602,21/02/24,449.0,,590324.3
22/02/24,NWD-416021XXXXXX5259-S16268-MYSURU,982752282796,22/02/24,999.0,,589325.3
23/02/24,UPI-462454643215-meerapilla412@okaxis-OK,462454643215,23/02/24,120.0,,589205.3
24/02/24,POS 416021XXXXXX7694 BESCOM POS DEBIT,218266194527,24/02/24,310.0,,588895.3
25/02/24,POS 416021XXXXXX2996 AIRTEL POS DEBIT,439551566121,25/02/24,5200.0,,583695.3
25/02/24,NWD-416021XXXXXX8218-S15834-KORAMANGALA,988719692155,25/02/24,249.0,,583446.3
25/02/24,POS 416021XXXXXX6349 UBER POS DEBIT,898472719973,25/02/24,449.0,,582997.3
26/02/24,POS 416021XXXXXX7807 APOLLO PHARMACY POS DEBIT,390247195067,26/02/24,449.0,,582548.3
27/02/24,POS 416021XXXXXX9618 BESCOM POS DEBIT,386842743970,27/02/24,2380.0,,580168.3
27/02/24,IB BILLPAY DR-HDFCPE-545964XXXXXX8985 IB141146163462,141146163462,27/02/24,1680.0,,578488.3
28/02/24,IB BILLPAY DR-HDFCPE-545964XXXXXX5551 IB379942009433,379942009433,28/02/24,449.0,,578039.3
01/03/24,IB BILLPAY DR-HDFCPE-545964XXXXXX8648 IB048821053382,048821053382,01/03/24,3499.0,,574540.3
01/03/24,IB BILLPAY DR-HDFCPE-545964XXXXXX2656 IB411180395967,411180395967,01/03/24,2380.0,,572160.3
02/03/24,POS 416021XXXXXX1034 HPCL POS DEBIT,981876088711,02/03/24,3499.0,,568661.3
03/03/24,IMPS-700489658698-RAVIKUMAR-HDFC-XXXXXXXXXX8330-PERSONAL,0000700489658698,03/03/24,,2500.0,571161.3
04/03/24,NWD-416021XXXXXX8649-S16129-BTM LAYOUT,453086724744,04/03/24,1250.0,,569911.3
04/03/24,UPI-504339837884-vikramnair902@oksbi-OK,504339837884,04/03/24,2380.0,,567531.3
07/03/24,IMPS-869631289117-ARJUNMEHTA-HDFC-XXXXXXXXXX2901-PERSONAL,0000869631289117,07/03/24,,7500.0,575031.3
08/03/24,UPI-769647588690-harishmeno942@oksbi-OK,769647588690,08/03/24,850.0,,574181.3
09/03/24,IMPS-402532547122-POOJASHARMA-HDFC-XXXXXXXXXX4861-PERSONAL,0000402532547122,09/03/24,,7500.0,581681.3
12/03/24,NWD-416021XXXXXX5055-S13697-WHITEFIELD,879205096219,12/03/24,699.0,,580982.3
12/03/24,POS 416021XXXXXX6838 ZOMATO POS DEBIT,965108935464,12/03/24,3499.0,,577483.3
12/03/24,UPI-743076467178-poojasharm817@oksbi-OK,743076467178,12/03/24,850.0,,576633.3
12/03/24,POS 416021XXXXXX2702 UBER POS DEBIT,687438634274,12/03/24,449.0,,576184.3
14/03/24,IB BILLPAY DR-HDFCPE-545964XXXXXX1027 IB444574371470,444574371470,14/03/24,1250.0,,574934.3
15/03/24,POS 416021XXXXXX9125 OLA POS DEBIT,672087081131,15/03/24,2380.0,,572554.3
15/03/24,UPI-018089479462-divyamenon997@okhdfcbank-OK,018089479462,15/03/24,999.0,,571555.3
16/03/24,IMPS-867083214204-TARAGEORGE-HDFC-XXXXXXXXXX0828-PERSONAL,0000867083214204,16/03/24,,7500.0,579055.3
18/03/24,IMPS-105138470050-KAVITHARAO-HDFC-XXXXXXXXXX3966-PERSONAL,0000105138470050,18/03/24,,18500.0,597555.3
18/03/24,IB BILLPAY DR-HDFCPE-545964XXXXXX2235 IB969118861451,969118861451,18/03/24,310.0,,597245.3
18/03/24,NWD-416021XXXXXX5034-S14902-HSR LAYOUT,421504700695,18/03/24,120.0,,597125.3
18/03/24,UPI-586768583156-gopalnaik799@oksbi-OK,586768583156,18/03/24,310.0,,596815.3
19/03/24,IMPS-988274389390-VINAYPATIL-HDFC-XXXXXXXXXX7424-PERSONAL,0000988274389390,19/03/24,,18500.0,615315.3
19/03/24,UPI-154696096688-kavyareddy984@okhdfcbank-OK,154696096688,19/03/24,449.0,,614866.3
20/03/24,UPI-910645384399-santoshiye132@okhdfcbank-OK,910645384399,20/03/24,449.0,,614417.3
20/03/24,NWD-416021XXXXXX8081-S19039-MANGALURU,547995318368,20/03/24,310.0,,614107.3
24/03/24,NWD-416021XXXXXX3447-S13022-MARATHAHALLI,775603047849,24/03/24,49.0,,614058.3
24/03/24,POS 416021XXXXXX1498 MEDPLUS POS DEBIT,323163348754,24/03/24,79.0,,613979.3
25/03/24,CREDIT INTEREST CAPITALISED,307211318351,25/03/24,,76.43,614055.73
25/03/24,GST ON BANK CHARGES,276822137342,25/03/24,17.7,,614038.03
28/03/24,IB BILLPAY DR-HDFCPE-545964XXXXXX1662 IB625467123890,625467123890,28/03/24,5200.0,,608838.03
28/03/24,NWD-416021XXXXXX4597-S14064-SECUNDERABAD,616061422170,28/03/24,1250.0,,607588.03
28/03/24,UPI-823036560059-vinaypatil745@oksbi-OK,823036560059,28/03/24,5200.0,,602388.03
28/03/24,POS 416021XXXXXX8272 DMART POS DEBIT,263315858008,28/03/24,1250.0,,601138.03
30/03/24,IB BILLPAY DR-HDFCPE-545964XXXXXX3404 IB480395195299,480395195299,30/03/24,1250.0,,599888.03
30/03/24,UPI-098011095362-farhankhan294@ybl-OK,098011095362,30/03/24,3499.0,,596389.03
01/04/24,NWD-416021XXXXXX1656-S14535-PUNE,093425236914,01/04/24,2380.0,,594009.03
01/04/24,IB BILLPAY DR-HDFCPE-545964XXXXXX6050 IB148604635714,148604635714,01/04/24,79.0,,593930.03
02/04/24,UPI-914710928080-kiranreddy641@oksbi-OK,914710928080,02/04/24,49.0,,593881.03
02/04/24,IMPS-308223617157-GEETADEVI-HDFC-XXXXXXXXXX4651-PERSONAL,0000308223617157,02/04/24,,500.0,594381.03
03/04/24,IB BILLPAY DR-HDFCPE-545964XXXXXX4099 IB594397966727,594397966727,03/04/24,5200.0,,589181.03
05/04/24,IMPS-057156901867-RAMESHGOWDA-HDFC-XXXXXXXXXX6305-PERSONAL,0000057156901867,05/04/24,,4800.0,593981.03
08/04/24,UPI-304674256097-priyanair397@okhdfcbank-OK,304674256097,08/04/24,79.0,,593902.03
08/04/24,IMPS-085633162666-ANANDKUMAR-HDFC-XXXXXXXXXX2433-PERSONAL,0000085633162666,08/04/24,,850.0,594752.03
09/04/24,IMPS-618542105818-ADITYAKUMAR-HDFC-XXXXXXXXXX9998-PERSONAL,0000618542105818,09/04/24,,7500.0,602252.03
09/04/24,NWD-416021XXXXXX5410-S12360-INDIRANAGAR,462779827723,09/04/24,79.0,,602173.03
09/04/24,IB BILLPAY DR-HDFCPE-545964XXXXXX5285 IB918842030252,918842030252,09/04/24,2380.0,,599793.03
09/04/24,POS 416021XXXXXX5899 UBER POS DEBIT,902248249113,09/04/24,120.0,,599673.03
11/04/24,UPI-757441397548-lathadevi303@okaxis-OK,757441397548,11/04/24,310.0,,599363.03
12/04/24,POS 416021XXXXXX7070 AIRTEL POS DEBIT,095788863758,12/04/24,449.0,,598914.03
12/04/24,POS 416021XXXXXX4215 UBER POS DEBIT,763612257200,12/04/24,310.0,,598604.03
12/04/24,POS 416021XXXXXX8405 IOCL POS DEBIT,175837074789,12/04/24,310.0,,598294.03
14/04/24,IB BILLPAY DR-HDFCPE-545964XXXXXX7799 IB438444496781,438444496781,14/04/24,310.0,,597984.03
15/04/24,NWD-416021XXXXXX1453-S11834-BTM LAYOUT,852344661514,15/04/24,1250.0,,596734.03
17/04/24,IMPS-336612345634-MEENAIYER-HDFC-XXXXXXXXXX7677-PERSONAL,0000336612345634,17/04/24,,11200.0,607934.03
17/04/24,IMPS-688621888316-KARTHIKMENON-HDFC-XXXXXXXXXX2152-PERSONAL,0000688621888316,17/04/24,,2500.0,610434.03
19/04/24,NWD-416021XXXXXX1678-S11017-MUMBAI,776043126829,19/04/24,1250.0,,609184.03
20/04/24,POS 416021XXXXXX3622 OLA POS DEBIT,003377066553,20/04/24,850.0,,608334.03
20/04/24,NWD-416021XXXXXX2912-S14718-BANJARA HILLS,736811784365,20/04/24,2380.0,,605954.03
21/04/24,NWD-416021XXXXXX1965-S16481-BANJARA HILLS,853848731636,21/04/24,1680.0,,604274.03
22/04/24,IMPS-778056980085-RANJITSINGH-HDFC-XXXXXXXXXX2611-PERSONAL,0000778056980085,22/04/24,,24000.0,628274.03
25/04/24,IMPS-949105270394-POOJASHARMA-HDFC-XXXXXXXXXX5699-PERSONAL,0000949105270394,25/04/24,,4800.0,633074.03
25/04/24,NWD-416021XXXXXX2427-S11168-BANJARA HILLS,498032780518,25/04/24,79.0,,632995.03
26/04/24,IB BILLPAY DR-HDFCPE-545964XXXXXX6325 IB907243014718,907243014718,26/04/24,249.0,,632746.03
26/04/24,POS 416021XXXXXX7247 AIRTEL POS DEBIT,868164970099,26/04/24,2380.0,,630366.03
26/04/24,UPI-221312564863-priyanair563@paytm-OK,221312564863,26/04/24,7800.0,,622566.03
27/04/24,UPI-063625960292-rohitsharm967@oksbi-OK,063625960292,27/04/24,7800.0,,614766.03
27/04/24,IB BILLPAY DR-HDFCPE-545964XXXXXX7769 IB393928536140,393928536140,27/04/24,7800.0,,606966.03
27/04/24,NWD-416021XXXXXX2852-S10959-JAYANAGAR,795155636953,27/04/24,3499.0,,603467.03
27/04/24,IMPS-282095133845-TARASINGH-HDFC-XXXXXXXXXX3547-PERSONAL,0000282095133845,27/04/24,,18500.0,621967.03
29/04/24,IMPS-579402215773-VINAYPATIL-HDFC-XXXXXXXXXX1140-PERSONAL,0000579402215773,29/04/24,,18500.0,640467.03
30/04/24,NWD-416021XXXXXX2473-S15815-JAYANAGAR,481688921415,30/04/24,449.0,,640018.03
30/04/24,IB BILLPAY DR-HDFCPE-545964XXXXXX8651 IB967516865832,967516865832,30/04/24,449.0,,639569.03
01/05/24,POS 416021XXXXXX9970 FLIPKART POS DEBIT,606711335709,01/05/24,3499.0,,636070.03
02/05/24,POS 416021XXXXXX0280 AMAZON POS DEBIT,730589141235,02/05/24,999.0,,635071.03
03/05/24,UPI-031825906952-rahulsingh358@okaxis-OK,031825906952,03/05/24,120.0,,634951.03
04/05/24,IMPS-517034277396-ANANDKUMAR-HDFC-XXXXXXXXXX1442-PERSONAL,0000517034277396,04/05/24,,500.0,635451.03
04/05/24,POS 416021XXXXXX4012 RELIANCE FRESH POS DEBIT,952535493094,04/05/24,449.0,,635002.03
05/05/24,IB BILLPAY DR-HDFCPE-545964XXXXXX0173 IB655054047079,655054047079,05/05/24,1680.0,,633322.03
06/05/24,UPI-036584456877-santoshiye634@okaxis-OK,036584456877,06/05/24,79.0,,633243.03
06/05/24,NWD-416021XXXXXX7423-S13748-BTM LAYOUT,920967357172,06/05/24,120.0,,633123.03
06/05/24,POS 416021XXXXXX1358 BOOKMYSHOW POS DEBIT,383315876116,06/05/24,79.0,,633044.03
07/05/24,NWD-416021XXXXXX9919-S10844-HYDERABAD,525838799214,07/05/24,3499.0,,629545.03
09/05/24,NWD-416021XXXXXX5373-S16336-JAYANAGAR,754501389253,09/05/24,1250.0,,628295.03
10/05/24,IMPS-071294284900-NADIAHUSSAIN-HDFC-XXXXXXXXXX3664-PERSONAL,0000071294284900,10/05/24,,18500.0,646795.03
11/05/24,UPI-049502069935-divyamenon573@oksbi-OK,049502069935,11/05/24,249.0,,646546.03
11/05/24,IMPS-661440309306-CHANDANSHARMA-HDFC-XXXXXXXXXX9007-PERSONAL,0000661440309306,11/05/24,,7500.0,654046.03
11/05/24,IB BILLPAY DR-HDFCPE-545964XXXXXX2716 IB541228193841,541228193841,11/05/24,310.0,,653736.03
11/05/24,POS 416021XXXXXX7111 FLIPKART POS DEBIT,342208766280,11/05/24,120.0,,653616.03
13/05/24,POS 416021XXXXXX2095 IOCL POS DEBIT,711474306530,13/05/24,1250.0,,652366.03
14/05/24,UPI-593985335426-divyamenon328@ybl-OK,593985335426,14/05/24,1250.0,,651116.03
14/05/24,NWD-416021XXXXXX2967-S14495-INDIRANAGAR,771796601778,14/05/24,7800.0,,643316.03
16/05/24,UPI-654624722909-farhankhan631@ybl-OK,654624722909,16/05/24,699.0,,642617.03
16/05/24,POS 416021XXXXXX8367 BPCL POS DEBIT,662011096331,16/05/24,449.0,,642168.03
17/05/24,POS 416021XXXXXX5016 UBER POS DEBIT,815523183379,17/05/24,5200.0,,636968.03
20/05/24,IMPS-102159115034-TARAGEORGE-HDFC-XXXXXXXXXX9758-PERSONAL,0000102159115034,20/05/24,,1200.0,638168.03
20/05/24,IB BILLPAY DR-HDFCPE-545964XXXXXX7405 IB465698474958,465698474958,20/05/24,49.0,,638119.03
20/05/24,POS 416021XXXXXX3995 ZOMATO POS DEBIT,096073359239,20/05/24,699.0,,637420.03
20/05/24,NWD-416021XXXXXX4438-S17475-BANJARA HILLS,419275364192,20/05/24,310.0,,637110.03
22/05/24,IMPS-716715027928-LALITHADEVI-HDFC-XXXXXXXXXX3109-PERSONAL,0000716715027928,22/05/24,,1200.0,638310.03
23/05/24,POS 416021XXXXXX6820 BOOKMYSHOW POS DEBIT,177347574240,23/05/24,3499.0,,634811.03
24/05/24,NWD-416021XXXXXX0740-S19841-MARATHAHALLI,169847689916,24/05/24,449.0,,634362.03
24/05/24,IB BILLPAY DR-HDFCPE-545964XXXXXX7937 IB989288328386,989288328386,24/05/24,310.0,,634052.03
24/05/24,NWD-416021XXXXXX7116-S13617-KUKATPALLY,286662350609,24/05/24,1680.0,,632372.03
25/05/24,IMPS-123123564212-KARTHIKMENON-HDFC-XXXXXXXXXX5954-PERSONAL,0000123123564212,25/05/24,,2500.0,634872.03
26/05/24,UPI-814808046069-vikramnair627@okhdfcbank-OK,814808046069,26/05/24,3499.0,,631373.03
27/05/24,IMPS-173454613430-RAMESHPILLAI-HDFC-XXXXXXXXXX0151-PERSONAL,0000173454613430,27/05/24,,7500.0,638873.03
28/05/24,UPI-072128421821-arjunmehta848@oksbi-OK,072128421821,28/05/24,2380.0,,636493.03
29/05/24,UPI-025850317251-arjunmehta742@okhdfcbank-OK,025850317251,29/05/24,249.0,,636244.03
29/05/24,IMPS-125069277250-PREETHIIYER-HDFC-XXXXXXXXXX0570-PERSONAL,0000125069277250,29/05/24,,1200.0,637444.03
30/05/24,POS 416021XXXXXX0129 ZOMATO POS DEBIT,673508041686,30/05/24,249.0,,637195.03
01/06/24,UPI-985409032561-arjunmehta241@ybl-OK,985409032561,01/06/24,310.0,,636885.03
01/06/24,IMPS-949302575250-NILESHKULKARNI-HDFC-XXXXXXXXXX8764-PERSONAL,0000949302575250,01/06/24,,850.0,637735.03
04/06/24,IB BILLPAY DR-HDFCPE-545964XXXXXX7256 IB617416495182,617416495182,04/06/24,5200.0,,632535.03
04/06/24,IB BILLPAY DR-HDFCPE-545964XXXXXX7862 IB091646704122,091646704122,04/06/24,310.0,,632225.03
04/06/24,UPI-538098294573-vikramnair90@paytm-OK,538098294573,04/06/24,79.0,,632146.03
05/06/24,NWD-416021XXXXXX2099-S14489-PUNE,771214704526,05/06/24,120.0,,632026.03
08/06/24,NWD-416021XXXXXX1281-S13156-MARATHAHALLI,721273947447,08/06/24,310.0,,631716.03
08/06/24,IMPS-166018456815-SHEELADEVI-HDFC-XXXXXXXXXX1056-PERSONAL,0000166018456815,08/06/24,,1200.0,632916.03
09/06/24,IB BILLPAY DR-HDFCPE-545964XXXXXX9493 IB529378078210,529378078210,09/06/24,850.0,,632066.03
10/06/24,UPI-234825686508-gopalnaik431@oksbi-OK,234825686508,10/06/24,1250.0,,630816.03
11/06/24,POS 416021XXXXXX6132 UBER POS DEBIT,684382438414,11/06/24,850.0,,629966.03
13/06/24,UPI-739249053123-rohitsharm94@paytm-OK,739249053123,13/06/24,449.0,,629517.03
15/06/24,POS 416021XXXXXX5636 IOCL POS DEBIT,339790964658,15/06/24,79.0,,629438.03
16/06/24,UPI-322227897346-vikramnair995@okaxis-OK,322227897346,16/06/24,2380.0,,627058.03
16/06/24,UPI-898297641833-harishmeno361@oksbi-OK,898297641833,16/06/24,79.0,,626979.03
18/06/24,POS 416021XXXXXX3000 UBER POS DEBIT,418399402680,18/06/24,699.0,,626280.03
20/06/24,POS 416021XXXXXX6369 ZOMATO POS DEBIT,881643453842,20/06/24,699.0,,625581.03
20/06/24,IB BILLPAY DR-HDFCPE-545964XXXXXX9423 IB458576928670,458576928670,20/06/24,449.0,,625132.03
20/06/24,IMPS-615396880385-CHANDANSHARMA-HDFC-XXXXXXXXXX2938-PERSONAL,0000615396880385,20/06/24,,11200.0,636332.03
23/06/24,UPI-645818139101-smitharao861@ybl-OK,645818139101,23/06/24,1250.0,,635082.03
24/06/24,NWD-416021XXXXXX4812-S16668-HSR LAYOUT,210778460565,24/06/24,120.0,,634962.03
25/06/24,CREDIT INTEREST CAPITALISED,059546904555,25/06/24,,113.21,635075.24
25/06/24,GST ON BANK CHARGES,766850124274,25/06/24,17.7,,635057.54
26/06/24,IMPS-531399283403-IMRANKHAN-HDFC-XXXXXXXXXX5385-PERSONAL,0000531399283403,26/06/24,,24000.0,659057.54
26/06/24,NWD-416021XXXXXX9276-S16493-KORAMANGALA,686199213993,26/06/24,999.0,,658058.54
27/06/24,IB BILLPAY DR-HDFCPE-545964XXXXXX5153 IB020664418968,020664418968,27/06/24,5200.0,,652858.54
28/06/24,IB BILLPAY DR-HDFCPE-545964XXXXXX7903 IB284763267374,284763267374,28/06/24,310.0,,652548.54
29/06/24,IMPS-870473247865-PADMARAO-HDFC-XXXXXXXXXX6986-PERSONAL,0000870473247865,29/06/24,,18500.0,671048.54
29/06/24,POS 416021XXXXXX9793 ZOMATO POS DEBIT,318232959732,29/06/24,310.0,,670738.54
01/07/24,IB BILLPAY DR-HDFCPE-545964XXXXXX9461 IB642173154902,642173154902,01/07/24,2380.0,,668358.54
02/07/24,NWD-416021XXXXXX2629-S11009-MANGALURU,724338940746,02/07/24,850.0,,667508.54
02/07/24,IB BILLPAY DR-HDFCPE-545964XXXXXX7387 IB301770110397,301770110397,02/07/24,249.0,,667259.54
04/07/24,IB BILLPAY DR-HDFCPE-545964XXXXXX6978 IB913164491163,913164491163,04/07/24,249.0,,667010.54
04/07/24,NWD-416021XXXXXX4018-S13032-BANJARA HILLS,141735267988,04/07/24,850.0,,666160.54
05/07/24,IB BILLPAY DR-HDFCPE-545964XXXXXX3997 IB215976884426,215976884426,05/07/24,79.0,,666081.54
06/07/24,POS 416021XXXXXX0282 APOLLO PHARMACY POS DEBIT,316112292076,06/07/24,310.0,,665771.54
07/07/24,IB BILLPAY DR-HDFCPE-545964XXXXXX7913 IB114166027716,114166027716,07/07/24,999.0,,664772.54
07/07/24,NWD-416021XXXXXX2535-S12171-WHITEFIELD,324145145484,07/07/24,449.0,,664323.54
07/07/24,IMPS-662102589651-VINAYPATIL-HDFC-XXXXXXXXXX2052-PERSONAL,0000662102589651,07/07/24,,18500.0,682823.54
08/07/24,IB BILLPAY DR-HDFCPE-545964XXXXXX7595 IB634666993604,634666993604,08/07/24,2380.0,,680443.54
09/07/24,POS 416021XXXXXX4941 JIO POS DEBIT,859716622538,09/07/24,49.0,,680394.54
09/07/24,IMPS-064193242301-MEENAIYER-HDFC-XXXXXXXXXX3486-PERSONAL,0000064193242301,09/07/24,,7500.0,687894.54
11/07/24,IB BILLPAY DR-HDFCPE-545964XXXXXX6857 IB267640415173,267640415173,11/07/24,1680.0,,686214.54
11/07/24,IMPS-509601302539-NILESHKULKARNI-HDFC-XXXXXXXXXX1697-PERSONAL,0000509601302539,11/07/24,,850.0,687064.54
13/07/24,IMPS-120099723397-SURESHBABU-HDFC-XXXXXXXXXX8385-PERSONAL,0000120099723397,13/07/24,,24000.0,711064.54
13/07/24,POS 416021XXXXXX6753 AMAZON POS DEBIT,566112075273,13/07/24,2380.0,,708684.54
14/07/24,POS 416021XXXXXX7332 APOLLO PHARMACY POS DEBIT,779003590161,14/07/24,5200.0,,703484.54
15/07/24,IB BILLPAY DR-HDFCPE-545964XXXXXX9926 IB853471521647,853471521647,15/07/24,850.0,,702634.54
15/07/24,IMPS-861088156668-NIKHILGUPTA-HDFC-XXXXXXXXXX9270-PERSONAL,0000861088156668,15/07/24,,7500.0,710134.54
15/07/24,IB BILLPAY DR-HDFCPE-545964XXXXXX4377 IB084025705024,084025705024,15/07/24,249.0,,709885.54
16/07/24,IMPS-902288315518-RAJESHVERMA-HDFC-XXXXXXXXXX0776-PERSONAL,0000902288315518,16/07/24,,7500.0,717385.54
17/07/24,IMPS-947868145162-ARJUNMEHTA-HDFC-XXXXXXXXXX6437-PERSONAL,0000947868145162,17/07/24,,500.0,717885.54
21/07/24,UPI-352784816020-smitharao409@oksbi-OK,352784816020,21/07/24,7800.0,,710085.54
21/07/24,NWD-416021XXXXXX0573-S18260-BANJARA HILLS,394397139520,21/07/24,699.0,,709386.54
23/07/24,POS 416021XXXXXX6204 SWIGGY POS DEBIT,491540421915,23/07/24,699.0,,708687.54
23/07/24,UPI-504123915673-rahulsingh786@ybl-OK,504123915673,23/07/24,999.0,,707688.54
24/07/24,UPI-686107318674-divyamenon518@oksbi-OK,686107318674,24/07/24,49.0,,707639.54
28/07/24,POS 416021XXXXXX2466 MEDPLUS POS DEBIT,264398043623,28/07/24,1250.0,,706389.54
29/07/24,IMPS-247251706326-LAKSHMIVENKAT-HDFC-XXXXXXXXXX3152-PERSONAL,0000247251706326,29/07/24,,1200.0,707589.54
29/07/24,IB BILLPAY DR-HDFCPE-545964XXXXXX6510 IB709811859636,709811859636,29/07/24,3499.0,,704090.54
01/08/24,NWD-416021XXXXXX9500-S14033-KORAMANGALA,472860194808,01/08/24,1250.0,,702840.54
02/08/24,UPI-270298469600-ayeshakhan256@oksbi-OK,270298469600,02/08/24,120.0,,702720.54
03/08/24,IMPS-466607470907-RAMESHPILLAI-HDFC-XXXXXXXXXX2330-PERSONAL,0000466607470907,03/08/24,,24000.0,726720.54
03/08/24,POS 416021XXXXXX7009 FLIPKART POS DEBIT,084977479916,03/08/24,310.0,,726410.54
08/08/24,IB BILLPAY DR-HDFCPE-545964XXXXXX0532 IB483925025375,483925025375,08/08/24,79.0,,726331.54
09/08/24,IB BILLPAY DR-HDFCPE-545964XXXXXX9212 IB976464755205,976464755205,09/08/24,999.0,,725332.54
09/08/24,NWD-416021XXXXXX7328-S11041-MUMBAI,674263052316,09/08/24,449.0,,724883.54
09/08/24,IB BILLPAY DR-HDFCPE-545964XXXXXX5376 IB909604382198,909604382198,09/08/24,999.0,,723884.54
09/08/24,IMPS-490951851874-USHARANI-HDFC-XXXXXXXXXX9170-PERSONAL,0000490951851874,09/08/24,,500.0,724384.54
10/08/24,UPI-924803498499-ayeshakhan509@ybl-OK,924803498499,10/08/24,5200.0,,719184.54
11/08/24,IB BILLPAY DR-HDFCPE-545964XXXXXX4958 IB280540342643,280540342643,11/08/24,310.0,,718874.54
11/08/24,UPI-318281730328-rohitsharm357@paytm-OK,318281730328,11/08/24,5200.0,,713674.54
11/08/24,IB BILLPAY DR-HDFCPE-545964XXXXXX2557 IB177549846698,177549846698,11/08/24,120.0,,713554.54
12/08/24,POS 416021XXXXXX2903 OLA POS DEBIT,990285432404,12/08/24,2380.0,,711174.54
12/08/24,NWD-416021XXXXXX8721-S11576-BTM LAYOUT,018155712854,12/08/24,449.0,,710725.54
14/08/24,UPI-333765702214-rohitsharm85@paytm-OK,333765702214,14/08/24,850.0,,709875.54
15/08/24,UPI-714996044476-naveenkuma266@okaxis-OK,714996044476,15/08/24,79.0,,709796.54
16/08/24,POS 416021XXXXXX6798 PVR CINEMAS POS DEBIT,722495362697,16/08/24,310.0,,709486.54
16/08/24,POS 416021XXXXXX8067 AIRTEL POS DEBIT,369734703819,16/08/24,850.0,,708636.54
16/08/24,IMPS-557378018607-SANTOSHIYER-HDFC-XXXXXXXXXX2847-PERSONAL,0000557378018607,16/08/24,,500.0,709136.54
17/08/24,IB BILLPAY DR-HDFCPE-545964XXXXXX2214 IB906442385424,906442385424,17/08/24,7800.0,,701336.54
18/08/24,IMPS-416000113718-REKHAPILLAI-HDFC-XXXXXXXXXX2653-PERSONAL,0000416000113718,18/08/24,,1200.0,702536.54
18/08/24,IMPS-339852458036-HARISHMENON-HDFC-XXXXXXXXXX0960-PERSONAL,0000339852458036,18/08/24,,11200.0,713736.54
18/08/24,UPI-920987332280-rohitsharm633@paytm-OK,920987332280,18/08/24,79.0,,713657.54
20/08/24,IB BILLPAY DR-HDFCPE-545964XXXXXX1469 IB979672448916,979672448916,20/08/24,2380.0,,711277.54
20/08/24,IMPS-299532751753-MOHAMMEDIRFAN-HDFC-XXXXXXXXXX5571-PERSONAL,0000299532751753,20/08/24,,18500.0,729777.54
21/08/24,IMPS-889136841044-PRADEEPSINGH-HDFC-XXXXXXXXXX2554-PERSONAL,0000889136841044,21/08/24,,4800.0,734577.54
22/08/24,UPI-890881372659-poojasharm819@okhdfcbank-OK,890881372659,22/08/24,1680.0,,732897.54
23/08/24,POS 416021XXXXXX4379 JIO POS DEBIT,875906557053,23/08/24,3499.0,,729398.54
23/08/24,POS 416021XXXXXX6861 OLA POS DEBIT,825066789414,23/08/24,120.0,,729278.54
23/08/24,POS 416021XXXXXX7896 HPCL POS DEBIT,372211258453,23/08/24,1680.0,,727598.54
24/08/24,IB BILLPAY DR-HDFCPE-545964XXXXXX0041 IB746737058262,746737058262,24/08/24,1250.0,,726348.54
25/08/24,IB BILLPAY DR-HDFCPE-545964XXXXXX7404 IB036169587740,036169587740,25/08/24,3499.0,,722849.54
26/08/24,IMPS-526063212397-KARTHIKMENON-HDFC-XXXXXXXXXX9483-PERSONAL,0000526063212397,26/08/24,,11200.0,734049.54
28/08/24,NWD-416021XXXXXX6741-S13946-PUNE,491850605264,28/08/24,850.0,,733199.54
28/08/24,IMPS-697351485918-MEENAIYER-HDFC-XXXXXXXXXX4602-PERSONAL,0000697351485918,28/08/24,,4800.0,737999.54
28/08/24,UPI-412009354088-poojasharm960@oksbi-OK,412009354088,28/08/24,1250.0,,736749.54
29/08/24,NWD-416021XXXXXX2833-S18121-HYDERABAD,702197421949,29/08/24,79.0,,736670.54
01/09/24,POS 416021XXXXXX1569 BPCL POS DEBIT,059406964567,01/09/24,310.0,,736360.54
03/09/24,UPI-254423917038-kiranreddy393@okaxis-OK,254423917038,03/09/24,1250.0,,735110.54
04/09/24,NWD-416021XXXXXX5059-S18724-HSR LAYOUT,663529098692,04/09/24,1680.0,,733430.54
04/09/24,IMPS-501252651591-RAMESHPILLAI-HDFC-XXXXXXXXXX3908-PERSONAL,0000501252651591,04/09/24,,4800.0,738230.54
05/09/24,IB BILLPAY DR-HDFCPE-545964XXXXXX8890 IB584880624203,584880624203,05/09/24,120.0,,738110.54
05/09/24,IB BILLPAY DR-HDFCPE-545964XXXXXX7137 IB231393983475,231393983475,05/09/24,850.0,,737260.54
09/09/24,UPI-083747256666-harishmeno752@oksbi-OK,083747256666,09/09/24,1250.0,,736010.54
10/09/24,IMPS-054856069888-CHANDANSHARMA-HDFC-XXXXXXXXXX1695-PERSONAL,0000054856069888,10/09/24,,24000.0,760010.54
10/09/24,IMPS-681400342712-PRIYANAIR-HDFC-XXXXXXXXXX4213-PERSONAL,0000681400342712,10/09/24,,24000.0,784010.54
11/09/24,POS 416021XXXXXX5520 JIO POS DEBIT,904354870320,11/09/24,249.0,,783761.54
11/09/24,POS 416021XXXXXX3813 BESCOM POS DEBIT,566669760996,11/09/24,999.0,,782762.54
13/09/24,IB BILLPAY DR-HDFCPE-545964XXXXXX8053 IB724444503626,724444503626,13/09/24,699.0,,782063.54
15/09/24,POS 416021XXXXXX2800 IOCL POS DEBIT,470962616058,15/09/24,1680.0,,780383.54
15/09/24,IMPS-969485782852-MEERAPILLAI-HDFC-XXXXXXXXXX3275-PERSONAL,0000969485782852,15/09/24,,1200.0,781583.54
16/09/24,IMPS-128785715912-AYESHAKHAN-HDFC-XXXXXXXXXX3546-PERSONAL,0000128785715912,16/09/24,,500.0,782083.54
17/09/24,UPI-793390561517-divyamenon642@oksbi-OK,793390561517,17/09/24,5200.0,,776883.54
17/09/24,IB BILLPAY DR-HDFCPE-545964XXXXXX7865 IB842772070423,842772070423,17/09/24,120.0,,776763.54
18/09/24,POS 416021XXXXXX3755 AIRTEL POS DEBIT,534898910858,18/09/24,449.0,,776314.54
18/09/24,UPI-597637920482-vinaypatil725@paytm-OK,597637920482,18/09/24,999.0,,775315.54
18/09/24,IMPS-687044595130-LATHAMURTHY-HDFC-XXXXXXXXXX2275-PERSONAL,0000687044595130,18/09/24,,500.0,775815.54
21/09/24,IMPS-731031116787-RAJENDRAPRASAD-HDFC-XXXXXXXXXX4096-PERSONAL,0000731031116787,21/09/24,,4800.0,780615.54
22/09/24,NWD-416021XXXXXX7962-S18145-JAYANAGAR,276569740854,22/09/24,249.0,,780366.54
23/09/24,IB BILLPAY DR-HDFCPE-545964XXXXXX9799 IB006545910839,006545910839,23/09/24,120.0,,780246.54
24/09/24,UPI-656856814831-naveenkuma937@okhdfcbank-OK,656856814831,24/09/24,999.0,,779247.54
25/09/24,POS 416021XXXXXX7136 ZOMATO POS DEBIT,021879359490,25/09/24,310.0,,778937.54
25/09/24,CREDIT INTEREST CAPITALISED,120336646687,25/09/24,,107.09,779044.63
25/09/24,GST ON BANK CHARGES,259164510376,25/09/24,17.7,,779026.93
26/09/24,IMPS-343770886584-ROHITSHARMA-HDFC-XXXXXXXXXX0442-PERSONAL,0000343770886584,26/09/24,,24000.0,803026.93
26/09/24,IB BILLPAY DR-HDFCPE-545964XXXXXX0725 IB572487242142,572487242142,26/09/24,79.0,,802947.93
26/09/24,NWD-416021XXXXXX5787-S15779-HSR LAYOUT,846975420027,26/09/24,5200.0,,797747.93
28/09/24,IB BILLPAY DR-HDFCPE-545964XXXXXX9201 IB082708192844,082708192844,28/09/24,120.0,,797627.93
29/09/24,IMPS-574475235488-KAVITHARAO-HDFC-XXXXXXXXXX3840-PERSONAL,0000574475235488,29/09/24,,18500.0,816127.93
29/09/24,IMPS-772897194930-DIVYAMENON-HDFC-XXXXXXXXXX5820-PERSONAL,0000772897194930,29/09/24,,7500.0,823627.93
29/09/24,IMPS-349662797311-RAMESHPILLAI-HDFC-XXXXXXXXXX6741-PERSONAL,0000349662797311,29/09/24,,850.0,824477.93
01/10/24,UPI-209931002389-farhankhan892@okhdfcbank-OK,209931002389,01/10/24,310.0,,824167.93
03/10/24,POS 416021XXXXXX3677 MEDPLUS POS DEBIT,335831864979,03/10/24,999.0,,823168.93
04/10/24,UPI-142996274850-mohandas372@okhdfcbank-OK,142996274850,04/10/24,850.0,,822318.93
05/10/24,NWD-416021XXXXXX2856-S18824-MARATHAHALLI,245535538500,05/10/24,1250.0,,821068.93
05/10/24,UPI-981228299818-gopalnaik44@oksbi-OK,981228299818,05/10/24,850.0,,820218.93
08/10/24,POS 416021XXXXXX4459 HPCL POS DEBIT,889649320794,08/10/24,79.0,,820139.93
09/10/24,IMPS-877009324579-ARUNSHARMA-HDFC-XXXXXXXXXX3207-PERSONAL,0000877009324579,09/10/24,,4800.0,824939.93
09/10/24,IB BILLPAY DR-HDFCPE-545964XXXXXX9084 IB027105026414,027105026414,09/10/24,999.0,,823940.93
09/10/24,UPI-979624976044-vinaypatil803@okaxis-OK,979624976044,09/10/24,850.0,,823090.93
10/10/24,UPI-677270047056-smitharao220@okaxis-OK,677270047056,10/10/24,49.0,,823041.93
10/10/24,IB BILLPAY DR-HDFCPE-545964XXXXXX6812 IB621080409776,621080409776,10/10/24,2380.0,,820661.93
10/10/24,POS 416021XXXXXX2632 SWIGGY POS DEBIT,393234429626,10/10/24,850.0,,819811.93
10/10/24,UPI-764718233604-poojasharm413@oksbi-OK,764718233604,10/10/24,2380.0,,817431.93
10/10/24,IMPS-522142217453-RAJENDRAPRASAD-HDFC-XXXXXXXXXX9374-PERSONAL,0000522142217453,10/10/24,,4800.0,822231.93
12/10/24,IMPS-235496134562-PRAKASHRAO-HDFC-XXXXXXXXXX4310-PERSONAL,0000235496134562,12/10/24,,11200.0,833431.93
12/10/24,IMPS-503121001451-GOPALNAIK-HDFC-XXXXXXXXXX9251-PERSONAL,0000503121001451,12/10/24,,500.0,833931.93
12/10/24,POS 416021XXXXXX0040 BESCOM POS DEBIT,275109410853,12/10/24,310.0,,833621.93
12/10/24,UPI-180788541211-divyamenon937@okhdfcbank-OK,180788541211,12/10/24,5200.0,,828421.93
14/10/24,UPI-016937719452-naveenkuma616@ybl-OK,016937719452,14/10/24,249.0,,828172.93
14/10/24,NWD-416021XXXXXX1967-S11287-HYDERABAD,358717524946,14/10/24,699.0,,827473.93
17/10/24,IMPS-261043747391-NAVEENKUMAR-HDFC-XXXXXXXXXX1894-PERSONAL,0000261043747391,17/10/24,,2500.0,829973.93
19/10/24,IMPS-720555910929-HARISHMENON-HDFC-XXXXXXXXXX0646-PERSONAL,0000720555910929,19/10/24,,850.0,830823.93
20/10/24,POS 416021XXXXXX8038 BPCL POS DEBIT,776869027476,20/10/24,310.0,,830513.93
22/10/24,IMPS-862754410054-TARASINGH-HDFC-XXXXXXXXXX2089-PERSONAL,0000862754410054,22/10/24,,24000.0,854513.93
22/10/24,IMPS-963618352768-PRIYANAIR-HDFC-XXXXXXXXXX8753-PERSONAL,0000963618352768,22/10/24,,500.0,855013.93
23/10/24,IMPS-504321593884-RESHMAKHAN-HDFC-XXXXXXXXXX4924-PERSONAL,0000504321593884,23/10/24,,2500.0,857513.93
24/10/24,IMPS-908382599168-BABULAL-HDFC-XXXXXXXXXX7887-PERSONAL,0000908382599168,24/10/24,,18500.0,876013.93
24/10/24,IMPS-936960094749-DEEPAKJOSHI-HDFC-XXXXXXXXXX0523-PERSONAL,0000936960094749,24/10/24,,18500.0,894513.93
24/10/24,UPI-158777226258-sunilshett265@oksbi-OK,158777226258,24/10/24,449.0,,894064.93
26/10/24,UPI-139020379274-farhankhan17@paytm-OK,139020379274,26/10/24,5200.0,,888864.93
27/10/24,NWD-416021XXXXXX9663-S12605-HSR LAYOUT,758116307323,27/10/24,79.0,,888785.93
31/10/24,IMPS-815246401044-LAKSHMIVENKAT-HDFC-XXXXXXXXXX1911-PERSONAL,0000815246401044,31/10/24,,1200.0,889985.93
31/10/24,IB BILLPAY DR-HDFCPE-545964XXXXXX8950 IB430143615699,430143615699,31/10/24,999.0,,888986.93
01/11/24,IB BILLPAY DR-HDFCPE-545964XXXXXX6012 IB884982645374,884982645374,01/11/24,310.0,,888676.93
03/11/24,UPI-771965134945-kiranreddy771@okaxis-OK,771965134945,03/11/24,3499.0,,885177.93
03/11/24,POS 416021XXXXXX4513 PVR CINEMAS POS DEBIT,509558385136,03/11/24,49.0,,885128.93
04/11/24,UPI-007948782931-rohitsharm743@okhdfcbank-OK,007948782931,04/11/24,3499.0,,881629.93
04/11/24,UPI-922522695574-mohandas728@paytm-OK,922522695574,04/11/24,5200.0,,876429.93
05/11/24,UPI-776373040720-naveenkuma593@ybl-OK,776373040720,05/11/24,1680.0,,874749.93
05/11/24,POS 416021XXXXXX7282 DMART POS DEBIT,014416157764,05/11/24,310.0,,874439.93
05/11/24,POS 416021XXXXXX1735 IRCTC POS DEBIT,924253415574,05/11/24,249.0,,874190.93
07/11/24,POS 416021XXXXXX5857 BESCOM POS DEBIT,256520412738,07/11/24,999.0,,873191.93
07/11/24,UPI-489388703588-naveenkuma285@oksbi-OK,489388703588,07/11/24,49.0,,873142.93
13/11/24,NWD-416021XXXXXX7095-S12960-PUNE,335358407241,13/11/24,1680.0,,871462.93
14/11/24,IMPS-256879665405-SURESHBABU-HDFC-XXXXXXXXXX2852-PERSONAL,0000256879665405,14/11/24,,18500.0,889962.93
14/11/24,IB BILLPAY DR-HDFCPE-545964XXXXXX8986 IB653785817955,653785817955,14/11/24,5200.0,,884762.93
16/11/24,IMPS-862735272815-NAVEENKUMAR-HDFC-XXXXXXXXXX3197-PERSONAL,0000862735272815,16/11/24,,7500.0,892262.93
17/11/24,IB BILLPAY DR-HDFCPE-545964XXXXXX3415 IB182105386745,182105386745,17/11/24,1680.0,,890582.93
17/11/24,UPI-438466552678-tarageorge755@okaxis-OK,438466552678,17/11/24,699.0,,889883.93
19/11/24,POS 416021XXXXXX9333 MEDPLUS POS DEBIT,935114759161,19/11/24,5200.0,,884683.93
19/11/24,UPI-688777848343-anjalirao349@ybl-OK,688777848343,19/11/24,699.0,,883984.93
20/11/24,POS 416021XXXXXX3026 ZOMATO POS DEBIT,674509829453,20/11/24,5200.0,,878784.93
20/11/24,IMPS-638387159252-SHAHIDKHAN-HDFC-XXXXXXXXXX7726-PERSONAL,0000638387159252,20/11/24,,850.0,879634.93
21/11/24,IMPS-955793682933-GOPALVERMA-HDFC-XXXXXXXXXX4253-PERSONAL,0000955793682933,21/11/24,,850.0,880484.93
23/11/24,UPI-715530908162-vikramnair288@okaxis-OK,715530908162,23/11/24,1250.0,,879234.93
23/11/24,IB BILLPAY DR-HDFCPE-545964XXXXXX1639 IB175419141263,175419141263,23/11/24,3499.0,,875735.93
23/11/24,NWD-416021XXXXXX8965-S12863-MANGALURU,969461384456,23/11/24,5200.0,,870535.93
25/11/24,IB BILLPAY DR-HDFCPE-545964XXXXXX7651 IB522083196173,522083196173,25/11/24,249.0,,870286.93
25/11/24,IMPS-618168987809-FARHANKHAN-HDFC-XXXXXXXXXX1063-PERSONAL,0000618168987809,25/11/24,,2500.0,872786.93
25/11/24,UPI-785293609426-rahulsingh435@okaxis-OK,785293609426,25/11/24,79.0,,872707.93
27/11/24,NWD-416021XXXXXX7983-S11425-PUNE,598807266848,27/11/24,7800.0,,864907.93
29/11/24,IMPS-828914316401-MEERAPILLAI-HDFC-XXXXXXXXXX2692-PERSONAL,0000828914316401,29/11/24,,24000.0,888907.93
