Txn Date,Value Date,Particulars,Instrument ID,Debit,Credit,Balance
01/01/2023,01/01/2023,ATM WDL/6087/JAYANAGAR,707550292268,449.0,,176569.0
01/01/2023,01/01/2023,POS/3276/SWIGGY/HYDERABAD,932225408168,7800.0,,168769.0
02/01/2023,02/01/2023,BIL/INFT/584028331175/BOOKMYSHOW/PAYMENT,584028331175,310.0,,168459.0
02/01/2023,02/01/2023,NEFT CR-HDFC0587239-TECHNOVA SOLUTIONS-432125440188-SALARY SURESH NAIR,806510907760,,78000.0,246459.0
02/01/2023,02/01/2023,POS/5173/MEDPLUS/MARATHAHALLI,404991977636,850.0,,245609.0
04/01/2023,04/01/2023,POS/4776/JIO/MYSURU,768246984386,310.0,,245299.0
05/01/2023,05/01/2023,NEFT DR-HDFC0700237-MOHAN DAS-947480620189-RENT,922732392276,26500.0,,218799.0
05/01/2023,05/01/2023,ATM WDL/8006/PUNE,676472916605,3499.0,,215300.0
06/01/2023,06/01/2023,BIL/INFT/585988778036/ZOMATO/PAYMENT,585988778036,699.0,,214601.0
06/01/2023,06/01/2023,UPI/776154322802/rahulsingh692@ybl/CNRB,776154322802,449.0,,214152.0
07/01/2023,07/01/2023,POS/6360/IRCTC/KORAMANGALA,570257462509,699.0,,213453.0
08/01/2023,08/01/2023,UPI/427119284871/ayeshakhan602@ybl/CNRB,427119284871,850.0,,212603.0
09/01/2023,09/01/2023,BY TRANSFER/IMPS/071216187767/SURESH NAIR/CNRB,071216187767,,18500.0,231103.0
11/01/2023,11/01/2023,ATM WDL/9431/KORAMANGALA,664530395062,2380.0,,228723.0
13/01/2023,13/01/2023,BIL/INFT/010758430555/APOLLO PHARMACY/PAYMENT,010758430555,3499.0,,225224.0
14/01/2023,14/01/2023,POS/4256/BPCL/MANGALURU,184457996220,1250.0,,223974.0
15/01/2023,15/01/2023,POS/6406/IRCTC/WHITEFIELD,454066463295,1250.0,,222724.0
19/01/2023,19/01/2023,ATM WDL/9291/MUMBAI,790203111869,120.0,,222604.0
19/01/2023,19/01/2023,BIL/INFT/223957295685/BESCOM/PAYMENT,223957295685,3499.0,,219105.0
22/01/2023,22/01/2023,POS/8289/MEDPLUS/KUKATPALLY,974569635540,449.0,,218656.0
25/01/2023,25/01/2023,BY TRANSFER/IMPS/180809434359/ANITHA KRISHNAN/CNRB,180809434359,,24000.0,242656.0
27/01/2023,27/01/2023,ATM WDL/6081/MUMBAI,342069664499,249.0,,242407.0
02/02/2023,02/02/2023,NEFT CR-HDFC0580972-TECHNOVA SOLUTIONS-468950901958-SALARY SURESH NAIR,697475912593,,78000.0,320407.0
02/02/2023,02/02/2023,BIL/INFT/856681414949/IRCTC/PAYMENT,856681414949,5200.0,,315207.0
02/02/2023,02/02/2023,POS/4582/JIO/HYDERABAD,140107800475,449.0,,314758.0
04/02/2023,04/02/2023,UPI/855788522668/meerapilla741@paytm/CNRB,855788522668,1680.0,,313078.0
05/02/2023,05/02/2023,ATM WDL/5839/BTM LAYOUT,539979077659,120.0,,312958.0
05/02/2023,05/02/2023,ATM WDL/1661/HSR LAYOUT,195175446330,1250.0,,311708.0
06/02/2023,06/02/2023,NEFT DR-HDFC0303525-MOHAN DAS-408876739156-RENT,718394524796,18000.0,,293708.0
06/02/2023,06/02/2023,ATM WDL/7188/WHITEFIELD,378028555722,1250.0,,292458.0
06/02/2023,06/02/2023,POS/5866/IRCTC/BANJARA HILLS,080906238553,449.0,,292009.0
08/02/2023,08/02/2023,POS/1500/BPCL/HSR LAYOUT,529243896516,1250.0,,290759.0
09/02/2023,09/02/2023,BIL/INFT/204278291669/IOCL/PAYMENT,204278291669,79.0,,290680.0
12/02/2023,12/02/2023,BY TRANSFER/IMPS/586664416530/BABU LAL/CNRB,586664416530,,7500.0,298180.0
12/02/2023,12/02/2023,ATM WDL/0843/KORAMANGALA,771965038381,449.0,,297731.0
13/02/2023,13/02/2023,BIL/INFT/724490872872/MEDPLUS/PAYMENT,724490872872,699.0,,297032.0
13/02/2023,13/02/2023,BIL/INFT/811061576173/IRCTC/PAYMENT,811061576173,120.0,,296912.0
13/02/2023,13/02/2023,POS/7043/SWIGGY/MUMBAI,978020935552,850.0,,296062.0
17/02/2023,17/02/2023,UPI/326343259363/poojasharm785@paytm/CNRB,326343259363,999.0,,295063.0
18/02/2023,18/02/2023,POS/9396/HPCL/MYSURU,500666916892,1680.0,,293383.0
18/02/2023,18/02/2023,POS/3335/RELIANCE FRESH/MUMBAI,008400798237,1680.0,,291703.0
19/02/2023,19/02/2023,ATM WDL/3061/SECUNDERABAD,166025922505,3499.0,,288204.0
20/02/2023,20/02/2023,POS/8233/ZOMATO/KUKATPALLY,702313761095,3499.0,,284705.0
21/02/2023,21/02/2023,BY TRANSFER/IMPS/625018778638/ANITHA KRISHNAN/CNRB,625018778638,,24000.0,308705.0
21/02/2023,21/02/2023,UPI/756492854469/ayeshakhan586@ybl/CNRB,756492854469,699.0,,308006.0
23/02/2023,23/02/2023,POS/2016/JIO/WHITEFIELD,421779746580,1680.0,,306326.0
23/02/2023,23/02/2023,BIL/INFT/118042715260/BESCOM/PAYMENT,118042715260,449.0,,305877.0
23/02/2023,23/02/2023,UPI/265682025685/farhankhan552@ybl/CNRB,265682025685,2380.0,,303497.0
23/02/2023,23/02/2023,BY TRANSFER/IMPS/793970645445/VINAY PATIL/CNRB,793970645445,,18500.0,321997.0
26/02/2023,26/02/2023,BY TRANSFER/IMPS/073870762691/PRIYA NAIR/CNRB,073870762691,,1200.0,323197.0
01/03/2023,01/03/2023,BIL/INFT/072084003930/OLA/PAYMENT,072084003930,1250.0,,321947.0
02/03/2023,02/03/2023,BY TRANSFER/IMPS/080722574006/SUNIL YADAV/CNRB,080722574006,,1200.0,323147.0
02/03/2023,02/03/2023,BIL/INFT/089629993915/DMART/PAYMENT,089629993915,850.0,,322297.0
03/03/2023,03/03/2023,ATM WDL/7541/KUKATPALLY,320934387352,1680.0,,320617.0
03/03/2023,03/03/2023,NEFT CR-HDFC0330015-TECHNOVA SOLUTIONS-622706119593-SALARY SURESH NAIR,974142827663,,78500.0,399117.0
03/03/2023,03/03/2023,NEFT DR-HDFC0857825-SANTOSH IYER-112593219917-RENT,225513715862,31000.0,,368117.0
03/03/2023,03/03/2023,UPI/917692864065/mohandas927@oksbi/CNRB,917692864065,120.0,,367997.0
04/03/2023,04/03/2023,BY TRANSFER/IMPS/971674162522/ARJUN MEHTA/CNRB,971674162522,,500.0,368497.0
05/03/2023,05/03/2023,BIL/INFT/560434885260/IOCL/PAYMENT,560434885260,999.0,,367498.0
06/03/2023,06/03/2023,UPI/928617060168/vikramnair209@oksbi/CNRB,928617060168,79.0,,367419.0
08/03/2023,08/03/2023,BIL/INFT/652951768677/BPCL/PAYMENT,652951768677,120.0,,367299.0
09/03/2023,09/03/2023,POS/6101/RELIANCE FRESH/INDIRANAGAR,609362289639,999.0,,366300.0
12/03/2023,12/03/2023,POS/1255/AIRTEL/MUMBAI,352825362624,5200.0,,361100.0
12/03/2023,12/03/2023,UPI/621509640694/farhankhan624@oksbi/CNRB,621509640694,999.0,,360101.0
13/03/2023,13/03/2023,UPI/452245825112/arjunmehta792@oksbi/CNRB,452245825112,249.0,,359852.0
14/03/2023,14/03/2023,UPI/058221877236/tarageorge580@okhdfcbank/CNRB,058221877236,2380.0,,357472.0
15/03/2023,15/03/2023,ATM WDL/0412/BANJARA HILLS,965179876199,850.0,,356622.0
15/03/2023,15/03/2023,BY TRANSFER/IMPS/119967656874/HARISH MENON/CNRB,119967656874,,500.0,357122.0
17/03/2023,17/03/2023,BY TRANSFER/IMPS/945490729956/KAVERI MENON/CNRB,945490729956,,11200.0,368322.0
19/03/2023,19/03/2023,UPI/444008550883/reshmakhan846@oksbi/CNRB,444008550883,999.0,,367323.0
20/03/2023,20/03/2023,BIL/INFT/368449214764/JIO/PAYMENT,368449214764,79.0,,367244.0
21/03/2023,21/03/2023,POS/3490/JIO/INDIRANAGAR,252693091343,79.0,,367165.0
21/03/2023,21/03/2023,POS/4626/BPCL/KUKATPALLY,723062361114,7800.0,,359365.0
21/03/2023,21/03/2023,ATM WDL/9711/KORAMANGALA,633715252533,120.0,,359245.0
22/03/2023,22/03/2023,POS/2621/HPCL/PUNE,602186428048,120.0,,359125.0
22/03/2023,22/03/2023,POS/9455/BPCL/BTM LAYOUT,266648801723,699.0,,358426.0
23/03/2023,23/03/2023,BIL/INFT/086930537356/JIO/PAYMENT,086930537356,7800.0,,350626.0
25/03/2023,25/03/2023,CREDIT INTEREST CAPITALISED,460613240630,,226.45,350852.45
25/03/2023,25/03/2023,GST ON BANK CHARGES,476669326973,17.7,,350834.75
25/03/2023,25/03/2023,POS/0065/PVR CINEMAS/HSR LAYOUT,530359765987,850.0,,349984.75
25/03/2023,25/03/2023,POS/6716/ZOMATO/KORAMANGALA,198198925109,1250.0,,348734.75
27/03/2023,27/03/2023,BIL/INFT/067658100295/ZOMATO/PAYMENT,067658100295,2380.0,,346354.75
28/03/2023,28/03/2023,BIL/INFT/227449901869/JIO/PAYMENT,227449901869,1250.0,,345104.75
01/04/2023,01/04/2023,POS/4718/UBER/HSR LAYOUT,971058144008,249.0,,344855.75
01/04/2023,01/04/2023,UPI/656815082344/smitharao177@ybl/CNRB,656815082344,2380.0,,342475.75
01/04/2023,01/04/2023,POS/1847/OLA/INDIRANAGAR,256462416199,5200.0,,337275.75
01/04/2023,01/04/2023,BY TRANSFER/IMPS/597265739462/TANVI RAO/CNRB,597265739462,,2500.0,339775.75
01/04/2023,01/04/2023,BIL/INFT/935478436985/BPCL/PAYMENT,935478436985,999.0,,338776.75
01/04/2023,01/04/2023,BY TRANSFER/IMPS/893142670914/LALITHA DEVI/CNRB,893142670914,,850.0,339626.75
01/04/2023,01/04/2023,BIL/INFT/961905784200/SWIGGY/PAYMENT,961905784200,1680.0,,337946.75
02/04/2023,02/04/2023,ATM WDL/2956/INDIRANAGAR,046536480207,3499.0,,334447.75
02/04/2023,02/04/2023,NEFT CR-HDFC0180985-TECHNOVA SOLUTIONS-382470001363-SALARY SURESH NAIR,649012889251,,78000.0,412447.75
03/04/2023,03/04/2023,ATM WDL/3769/HYDERABAD,384455363933,310.0,,412137.75
04/04/2023,04/04/2023,NEFT DR-HDFC0304401-MOHAN DAS-160861562895-RENT,765444474400,31000.0,,381137.75
04/04/2023,04/04/2023,BIL/INFT/941993941565/OLA/PAYMENT,941993941565,699.0,,380438.75
05/04/2023,05/04/2023,POS/2427/PVR CINEMAS/PUNE,308137531833,120.0,,380318.75
07/04/2023,07/04/2023,UPI/389028347375/mohandas894@okhdfcbank/CNRB,389028347375,699.0,,379619.75
07/04/2023,07/04/2023,POS/3010/BOOKMYSHOW/BTM LAYOUT,330431521873,120.0,,379499.75
09/04/2023,09/04/2023,BY TRANSFER/IMPS/294891292198/ROHIT SHARMA/CNRB,294891292198,,7500.0,386999.75
09/04/2023,09/04/2023,BY TRANSFER/IMPS/425255546202/SHAHID KHAN/CNRB,425255546202,,11200.0,398199.75
09/04/2023,09/04/2023,BY TRANSFER/IMPS/834426512548/LATHA MURTHY/CNRB,834426512548,,11200.0,409399.75
10/04/2023,10/04/2023,POS/3204/APOLLO PHARMACY/SECUNDERABAD,825442424675,999.0,,408400.75
10/04/2023,10/04/2023,ATM WDL/0079/SECUNDERABAD,074170504915,999.0,,407401.75
12/04/2023,12/04/2023,UPI/029894666180/reshmakhan332@ybl/CNRB,029894666180,5200.0,,402201.75
13/04/2023,13/04/2023,UPI/181574504595/gopalnaik943@paytm/CNRB,181574504595,249.0,,401952.75
13/04/2023,13/04/2023,UPI/898777419717/smitharao746@ybl/CNRB,898777419717,310.0,,401642.75
17/04/2023,17/04/2023,BY TRANSFER/IMPS/631938920492/CHANDAN SHARMA/CNRB,631938920492,,1200.0,402842.75
17/04/2023,17/04/2023,BY TRANSFER/IMPS/859725833914/PRIYA NAIR/CNRB,859725833914,,850.0,403692.75
19/04/2023,19/04/2023,ATM WDL/9720/SECUNDERABAD,322380302407,2380.0,,401312.75
21/04/2023,21/04/2023,BIL/INFT/296997583740/BPCL/PAYMENT,296997583740,699.0,,400613.75
24/04/2023,24/04/2023,UPI/106798553863/tarageorge132@ybl/CNRB,106798553863,1680.0,,398933.75
24/04/2023,24/04/2023,POS/8721/APOLLO PHARMACY/MARATHAHALLI,332888053875,5200.0,,393733.75
26/04/2023,26/04/2023,UPI/470612870992/reshmakhan519@oksbi/CNRB,470612870992,5200.0,,388533.75
27/04/2023,27/04/2023,BY TRANSFER/IMPS/198514884873/SUNITA DEVI/CNRB,198514884873,,1200.0,389733.75
28/04/2023,28/04/2023,BIL/INFT/093744362193/HPCL/PAYMENT,093744362193,1680.0,,388053.75
03/05/2023,03/05/2023,ATM WDL/9663/MANGALURU,536344118222,999.0,,387054.75
03/05/2023,03/05/2023,NEFT CR-HDFC0483069-TECHNOVA SOLUTIONS-899028756750-SALARY SURESH NAIR,253660929598,,77250.0,464304.75
03/05/2023,03/05/2023,BIL/INFT/227097696779/DMART/PAYMENT,227097696779,310.0,,463994.75
05/05/2023,05/05/2023,NEFT DR-HDFC0060098-TARA GEORGE-240924601299-RENT,808932097803,18000.0,,445994.75
06/05/2023,06/05/2023,BY TRANSFER/IMPS/013405042123/PRAKASH RAO/CNRB,013405042123,,2500.0,448494.75
08/05/2023,08/05/2023,POS/8400/IRCTC/KORAMANGALA,092568553459,2380.0,,446114.75
08/05/2023,08/05/2023,BIL/INFT/526923724700/IRCTC/PAYMENT,526923724700,850.0,,445264.75
09/05/2023,09/05/2023,POS/3562/PVR CINEMAS/MARATHAHALLI,815650126551,449.0,,444815.75
10/05/2023,10/05/2023,ATM WDL/9934/MYSURU,061673336530,1680.0,,443135.75
11/05/2023,11/05/2023,ATM WDL/6180/MARATHAHALLI,561324854504,249.0,,442886.75
14/05/2023,14/05/2023,BY TRANSFER/IMPS/949261689320/SHAHID KHAN/CNRB,949261689320,,1200.0,444086.75
16/05/2023,16/05/2023,POS/2556/PVR CINEMAS/INDIRANAGAR,566313625634,249.0,,443837.75
18/05/2023,18/05/2023,POS/4767/RELIANCE FRESH/HYDERABAD,098432377457,249.0,,443588.75
18/05/2023,18/05/2023,UPI/138259771359/sunilshett239@okhdfcbank/CNRB,138259771359,120.0,,443468.75
18/05/2023,18/05/2023,POS/2410/FLIPKART/JAYANAGAR,116395487744,699.0,,442769.75
20/05/2023,20/05/2023,BY TRANSFER/IMPS/725547887097/SMITHA RAO/CNRB,725547887097,,7500.0,450269.75
20/05/2023,20/05/2023,POS/0716/AMAZON/PUNE,623498472583,5200.0,,445069.75
21/05/2023,21/05/2023,BIL/INFT/450370906193/ZOMATO/PAYMENT,450370906193,2380.0,,442689.75
22/05/2023,22/05/2023,POS/5752/FLIPKART/KORAMANGALA,642863652642,249.0,,442440.75
22/05/2023,22/05/2023,UPI/999899165923/kavyareddy50@ybl/CNRB,999899165923,2380.0,,440060.75
22/05/2023,22/05/2023,BIL/INFT/393670589635/DMART/PAYMENT,393670589635,5200.0,,434860.75
23/05/2023,23/05/2023,BIL/INFT/543551673016/IRCTC/PAYMENT,543551673016,449.0,,434411.75
24/05/2023,24/05/2023,BIL/INFT/302830914818/BOOKMYSHOW/PAYMENT,302830914818,999.0,,433412.75
25/05/2023,25/05/2023,BY TRANSFER/IMPS/152732616990/TARA SINGH/CNRB,152732616990,,2500.0,435912.75
25/05/2023,25/05/2023,UPI/456714196038/naveenkuma153@okhdfcbank/CNRB,456714196038,310.0,,435602.75
26/05/2023,26/05/2023,BIL/INFT/116114066790/BOOKMYSHOW/PAYMENT,116114066790,3499.0,,432103.75
28/05/2023,28/05/2023,BY TRANSFER/IMPS/306566006222/KAVITHA RAO/CNRB,306566006222,,1200.0,433303.75
30/05/2023,30/05/2023,BY TRANSFER/IMPS/880468149327/PADMA RAO/CNRB,880468149327,,7500.0,440803.75
01/06/2023,01/06/2023,NEFT CR-HDFC0232248-TECHNOVA SOLUTIONS-686751466748-SALARY SURESH NAIR,520154224952,,78500.0,519303.75
01/06/2023,01/06/2023,BIL/INFT/467912577526/SWIGGY/PAYMENT,467912577526,120.0,,519183.75
02/06/2023,02/06/2023,UPI/390203401097/meerapilla557@paytm/CNRB,390203401097,310.0,,518873.75
02/06/2023,02/06/2023,UPI/536291754200/divyamenon683@okhdfcbank/CNRB,536291754200,1250.0,,517623.75
02/06/2023,02/06/2023,ATM WDL/1890/BTM LAYOUT,100177511388,120.0,,517503.75
05/06/2023,05/06/2023,NEFT DR-HDFC0538901-ROHIT SHARMA-553913288121-RENT,323734698361,31000.0,,486503.75
05/06/2023,05/06/2023,ATM WDL/5731/MARATHAHALLI,616193343768,249.0,,486254.75
07/06/2023,07/06/2023,POS/3858/IRCTC/MARATHAHALLI,459972340887,999.0,,485255.75
10/06/2023,10/06/2023,UPI/771319321709/arjunmehta121@okaxis/CNRB,771319321709,1680.0,,483575.75
11/06/2023,11/06/2023,ATM WDL/4351/KORAMANGALA,059358340772,249.0,,483326.75
12/06/2023,12/06/2023,UPI/093221840971/gopalnaik325@okhdfcbank/CNRB,093221840971,5200.0,,478126.75
14/06/2023,14/06/2023,BY TRANSFER/IMPS/747421261269/KIRAN REDDY/CNRB,747421261269,,4800.0,482926.75
15/06/2023,15/06/2023,BIL/INFT/025900283368/PVR CINEMAS/PAYMENT,025900283368,5200.0,,477726.75
15/06/2023,15/06/2023,NEFT-033638685265-NEXA INFOTECH-REIMB-828879-HDFC0373710,801960297625,,24000.0,501726.75
16/06/2023,16/06/2023,BIL/INFT/714905230979/RELIANCE FRESH/PAYMENT,714905230979,120.0,,501606.75
17/06/2023,17/06/2023,POS/8569/OLA/PUNE,816300124739,5200.0,,496406.75
21/06/2023,21/06/2023,POS/4659/APOLLO PHARMACY/HSR LAYOUT,458250423294,449.0,,495957.75
22/06/2023,22/06/2023,BY TRANSFER/IMPS/092161941748/FARHAN KHAN/CNRB,092161941748,,7500.0,503457.75
23/06/2023,23/06/2023,BIL/INFT/379199052914/IRCTC/PAYMENT,379199052914,850.0,,502607.75
23/06/2023,23/06/2023,POS/9904/RELIANCE FRESH/WHITEFIELD,395294368272,249.0,,502358.75
25/06/2023,25/06/2023,CREDIT INTEREST CAPITALISED,619979992658,,46.21,502404.96
25/06/2023,25/06/2023,GST ON BANK CHARGES,632169963120,17.7,,502387.26
25/06/2023,25/06/2023,UPI/701675203815/arjunmehta850@paytm/CNRB,701675203815,1250.0,,501137.26
25/06/2023,25/06/2023,UPI/707868873761/ayeshakhan297@paytm/CNRB,707868873761,1250.0,,499887.26
26/06/2023,26/06/2023,POS/6563/HPCL/JAYANAGAR,083409929516,699.0,,499188.26
27/06/2023,27/06/2023,ATM WDL/4099/BANJARA HILLS,541841485474,850.0,,498338.26
01/07/2023,01/07/2023,NEFT CR-HDFC0607622-TECHNOVA SOLUTIONS-992527306174-SALARY SURESH NAIR,102516247670,,78500.0,576838.26
03/07/2023,03/07/2023,UPI/182105188527/tarageorge474@paytm/CNRB,182105188527,699.0,,576139.26
04/07/2023,04/07/2023,POS/4164/UBER/MUMBAI,258495650940,999.0,,575140.26
04/07/2023,04/07/2023,NEFT DR-HDFC0445161-TARA GEORGE-320384746083-RENT,501791637132,31000.0,,544140.26
05/07/2023,05/07/2023,POS/9220/DMART/MUMBAI,889608838646,1680.0,,542460.26
05/07/2023,05/07/2023,ATM WDL/1481/BANJARA HILLS,885506974528,120.0,,542340.26
06/07/2023,06/07/2023,BIL/INFT/304467359328/AIRTEL/PAYMENT,304467359328,310.0,,542030.26
07/07/2023,07/07/2023,POS/3058/ZOMATO/JAYANAGAR,023306574438,249.0,,541781.26
07/07/2023,07/07/2023,UPI/009813667932/mohandas317@okaxis/CNRB,009813667932,249.0,,541532.26
08/07/2023,08/07/2023,BY TRANSFER/IMPS/069280455636/HARISH MENON/CNRB,069280455636,,4800.0,546332.26
08/07/2023,08/07/2023,BIL/INFT/649479720462/ZOMATO/PAYMENT,649479720462,850.0,,545482.26
11/07/2023,11/07/2023,BIL/INFT/239390919017/SWIGGY/PAYMENT,239390919017,5200.0,,540282.26
11/07/2023,11/07/2023,BY TRANSFER/IMPS/637688109022/VENKAT RAO/CNRB,637688109022,,24000.0,564282.26
12/07/2023,12/07/2023,BIL/INFT/176830442271/JIO/PAYMENT,176830442271,850.0,,563432.26
12/07/2023,12/07/2023,UPI/976650406237/gopalnaik171@oksbi/CNRB,976650406237,120.0,,563312.26
12/07/2023,12/07/2023,BY TRANSFER/IMPS/315709929040/ARJUN MEHTA/CNRB,315709929040,,18500.0,581812.26
14/07/2023,14/07/2023,ATM WDL/0702/HYDERABAD,141582926278,2380.0,,579432.26
15/07/2023,15/07/2023,BIL/INFT/736185273270/ZOMATO/PAYMENT,736185273270,2380.0,,577052.26
17/07/2023,17/07/2023,POS/5196/JIO/HSR LAYOUT,584553850921,1250.0,,575802.26
18/07/2023,18/07/2023,BIL/INFT/783870767246/APOLLO PHARMACY/PAYMENT,783870767246,699.0,,575103.26
19/07/2023,19/07/2023,UPI/604460986832/santoshiye522@paytm/CNRB,604460986832,449.0,,574654.26
23/07/2023,23/07/2023,UPI/109232122302/gopalnaik990@okhdfcbank/CNRB,109232122302,2380.0,,572274.26
24/07/2023,24/07/2023,UPI/960723071927/gopalnaik92@paytm/CNRB,960723071927,2380.0,,569894.26
26/07/2023,26/07/2023,POS/0424/AIRTEL/KUKATPALLY,425282547615,5200.0,,564694.26
26/07/2023,26/07/2023,BIL/INFT/346739662960/IRCTC/PAYMENT,346739662960,1680.0,,563014.26
27/07/2023,27/07/2023,ATM WDL/2382/INDIRANAGAR,388695794260,699.0,,562315.26
29/07/2023,29/07/2023,BIL/INFT/929524386385/BESCOM/PAYMENT,929524386385,5200.0,,557115.26
29/07/2023,29/07/2023,UPI/852827244335/divyamenon343@paytm/CNRB,852827244335,3499.0,,553616.26
31/07/2023,31/07/2023,BY TRANSFER/IMPS/717944612511/TARA SINGH/CNRB,717944612511,,24000.0,577616.26
01/08/2023,01/08/2023,ATM WDL/9249/SECUNDERABAD,592576176614,850.0,,576766.26
01/08/2023,01/08/2023,NEFT CR-HDFC0866158-TECHNOVA SOLUTIONS-126000989779-SALARY SURESH NAIR,628863764864,,78000.0,654766.26
01/08/2023,01/08/2023,BIL/INFT/208031878176/ZOMATO/PAYMENT,208031878176,79.0,,654687.26
02/08/2023,02/08/2023,BIL/INFT/770889777087/APOLLO PHARMACY/PAYMENT,770889777087,1250.0,,653437.26
06/08/2023,06/08/2023,NEFT DR-HDFC0228819-GOPAL NAIK-681194050187-RENT,988978123921,18000.0,,635437.26
06/08/2023,06/08/2023,POS/6616/SWIGGY/BTM LAYOUT,980711712210,120.0,,635317.26
07/08/2023,07/08/2023,BY TRANSFER/IMPS/542627637823/MOHAMMED IRFAN/CNRB,542627637823,,1200.0,636517.26
10/08/2023,10/08/2023,BIL/INFT/522642074245/JIO/PAYMENT,522642074245,49.0,,636468.26
10/08/2023,10/08/2023,ATM WDL/6832/INDIRANAGAR,396732730560,999.0,,635469.26
10/08/2023,10/08/2023,BIL/INFT/703589449466/PVR CINEMAS/PAYMENT,703589449466,5200.0,,630269.26
11/08/2023,11/08/2023,ATM WDL/3338/MARATHAHALLI,490159970229,3499.0,,626770.26
12/08/2023,12/08/2023,ATM WDL/3091/KUKATPALLY,651406575133,699.0,,626071.26
16/08/2023,16/08/2023,BIL/INFT/506450762908/BOOKMYSHOW/PAYMENT,506450762908,999.0,,625072.26
16/08/2023,16/08/2023,UPI/288492852066/rahulsingh595@okhdfcbank/CNRB,288492852066,5200.0,,619872.26
16/08/2023,16/08/2023,ATM WDL/8567/KUKATPALLY,200649953566,1250.0,,618622.26
18/08/2023,18/08/2023,POS/0711/RELIANCE FRESH/HYDERABAD,274934713498,5200.0,,613422.26
19/08/2023,19/08/2023,POS/4257/AMAZON/HSR LAYOUT,993121291989,3499.0,,609923.26
19/08/2023,19/08/2023,ATM WDL/5009/HSR LAYOUT,518215838618,850.0,,609073.26
20/08/2023,20/08/2023,UPI/034906096218/kavyareddy58@oksbi/CNRB,034906096218,79.0,,608994.26
21/08/2023,21/08/2023,UPI/606207140192/sunilshett756@okaxis/CNRB,606207140192,999.0,,607995.26
22/08/2023,22/08/2023,BIL/INFT/152609059077/PVR CINEMAS/PAYMENT,152609059077,449.0,,607546.26
24/08/2023,24/08/2023,BIL/INFT/725188008847/IOCL/PAYMENT,725188008847,3499.0,,604047.26
24/08/2023,24/08/2023,BY TRANSFER/IMPS/234732895308/RESHMA KHAN/CNRB,234732895308,,11200.0,615247.26
25/08/2023,25/08/2023,BY TRANSFER/IMPS/404871977053/MALLIKA DAS/CNRB,404871977053,,500.0,615747.26
25/08/2023,25/08/2023,POS/6214/MEDPLUS/BANJARA HILLS,884209860929,3499.0,,612248.26
26/08/2023,26/08/2023,BY TRANSFER/IMPS/925493614802/SURESH NAIR/CNRB,925493614802,,500.0,612748.26
26/08/2023,26/08/2023,POS/6540/SWIGGY/JAYANAGAR,566681620154,999.0,,611749.26
28/08/2023,28/08/2023,ATM WDL/2274/MYSURU,051897231058,449.0,,611300.26
28/08/2023,28/08/2023,UPI/208667972770/mohandas240@okhdfcbank/CNRB,208667972770,1680.0,,609620.26
28/08/2023,28/08/2023,BIL/INFT/229560633238/OLA/PAYMENT,229560633238,999.0,,608621.26
01/09/2023,01/09/2023,NEFT CR-HDFC0537396-TECHNOVA SOLUTIONS-677534188039-SALARY SURESH NAIR,439755485335,,78500.0,687121.26
03/09/2023,03/09/2023,NEFT DR-HDFC0329683-PRIYA NAIR-667990290108-RENT,933761027957,18000.0,,669121.26
05/09/2023,05/09/2023,BY TRANSFER/IMPS/140112062258/DEEPAK JOSHI/CNRB,140112062258,,4800.0,673921.26
07/09/2023,07/09/2023,ATM WDL/5536/SECUNDERABAD,964806425490,2380.0,,671541.26
07/09/2023,07/09/2023,UPI/372621864547/farhankhan514@paytm/CNRB,372621864547,79.0,,671462.26
07/09/2023,07/09/2023,BY TRANSFER/IMPS/546476138833/MOHAMMED IRFAN/CNRB,546476138833,,24000.0,695462.26
07/09/2023,07/09/2023,POS/3205/AMAZON/MANGALURU,198360263702,999.0,,694463.26
09/09/2023,09/09/2023,BY TRANSFER/IMPS/084402337259/ARCHANA PILLAI/CNRB,084402337259,,1200.0,695663.26
09/09/2023,09/09/2023,BIL/INFT/300119543006/IOCL/PAYMENT,300119543006,310.0,,695353.26
10/09/2023,10/09/2023,POS/8390/APOLLO PHARMACY/JAYANAGAR,541112424251,120.0,,695233.26
13/09/2023,13/09/2023,POS/1222/SWIGGY/WHITEFIELD,740892405035,120.0,,695113.26
14/09/2023,14/09/2023,UPI/557872149129/reshmakhan202@ybl/CNRB,557872149129,79.0,,695034.26
14/09/2023,14/09/2023,POS/4126/BESCOM/SECUNDERABAD,636128170982,999.0,,694035.26
15/09/2023,15/09/2023,BY TRANSFER/IMPS/086756011674/KAVYA REDDY/CNRB,086756011674,,7500.0,701535.26
15/09/2023,15/09/2023,BIL/INFT/178832680586/MEDPLUS/PAYMENT,178832680586,249.0,,701286.26
16/09/2023,16/09/2023,UPI/628778480698/kavyareddy941@paytm/CNRB,628778480698,5200.0,,696086.26
16/09/2023,16/09/2023,POS/1438/JIO/KORAMANGALA,336031017393,1250.0,,694836.26
16/09/2023,16/09/2023,POS/7860/AIRTEL/KUKATPALLY,582124839417,1680.0,,693156.26
16/09/2023,16/09/2023,BY TRANSFER/IMPS/093680983786/DIVYA MENON/CNRB,093680983786,,2500.0,695656.26
16/09/2023,16/09/2023,ATM WDL/2783/MUMBAI,510079377854,449.0,,695207.26
20/09/2023,20/09/2023,POS/4457/FLIPKART/MANGALURU,373829606428,699.0,,694508.26
21/09/2023,21/09/2023,ATM WDL/1560/MUMBAI,798989271693,1250.0,,693258.26
21/09/2023,21/09/2023,ATM WDL/3944/WHITEFIELD,231338920668,249.0,,693009.26
24/09/2023,24/09/2023,BY TRANSFER/IMPS/843267037249/IMRAN KHAN/CNRB,843267037249,,24000.0,717009.26
24/09/2023,24/09/2023,POS/4403/FLIPKART/MYSURU,998535187425,5200.0,,711809.26
25/09/2023,25/09/2023,CREDIT INTEREST CAPITALISED,030928463511,,226.3,712035.56
25/09/2023,25/09/2023,GST ON BANK CHARGES,214361028148,17.7,,712017.86
25/09/2023,25/09/2023,BY TRANSFER/IMPS/846395140509/SUSHMA RAO/CNRB,846395140509,,7500.0,719517.86
25/09/2023,25/09/2023,UPI/734294818573/tarageorge694@okaxis/CNRB,734294818573,3499.0,,716018.86
25/09/2023,25/09/2023,ATM WDL/6371/SECUNDERABAD,813382493554,3499.0,,712519.86
26/09/2023,26/09/2023,BIL/INFT/448851915464/IRCTC/PAYMENT,448851915464,310.0,,712209.86
28/09/2023,28/09/2023,UPI/903761453597/meerapilla546@paytm/CNRB,903761453597,310.0,,711899.86
30/09/2023,30/09/2023,POS/2500/SWIGGY/KORAMANGALA,670619685943,1680.0,,710219.86
03/10/2023,03/10/2023,NEFT CR-HDFC0615979-TECHNOVA SOLUTIONS-012636077091-SALARY SURESH NAIR,492639268795,,77250.0,787469.86
05/10/2023,05/10/2023,NEFT DR-HDFC0024074-LATHA DEVI-174333761151-RENT,444077631758,31000.0,,756469.86
05/10/2023,05/10/2023,ATM WDL/3988/MANGALURU,184245564233,120.0,,756349.86
07/10/2023,07/10/2023,ATM WDL/8557/SECUNDERABAD,807648181697,699.0,,755650.86
08/10/2023,08/10/2023,BIL/INFT/982485756973/BPCL/PAYMENT,982485756973,1680.0,,753970.86
09/10/2023,09/10/2023,UPI/406705558712/smitharao497@paytm/CNRB,406705558712,310.0,,753660.86
09/10/2023,09/10/2023,NEFT-039514583332-NEXA INFOTECH-REIMB-828879-HDFC0796472,637328220119,,18500.0,772160.86
10/10/2023,10/10/2023,BIL/INFT/151286249496/ZOMATO/PAYMENT,151286249496,310.0,,771850.86
13/10/2023,13/10/2023,ATM WDL/4908/BTM LAYOUT,429025486436,2380.0,,769470.86
14/10/2023,14/10/2023,BY TRANSFER/IMPS/808911092741/RAJESH VERMA/CNRB,808911092741,,1200.0,770670.86
15/10/2023,15/10/2023,BY TRANSFER/IMPS/612708787034/LAKSHMI VENKAT/CNRB,612708787034,,500.0,771170.86
17/10/2023,17/10/2023,ATM WDL/7378/PUNE,350382248092,120.0,,771050.86
19/10/2023,19/10/2023,UPI/633141464350/farhankhan922@paytm/CNRB,633141464350,999.0,,770051.86
20/10/2023,20/10/2023,POS/8227/UBER/MYSURU,491153664324,249.0,,769802.86
20/10/2023,20/10/2023,BY TRANSFER/IMPS/794021987909/KAVERI MENON/CNRB,794021987909,,850.0,770652.86
21/10/2023,21/10/2023,ATM WDL/0541/MUMBAI,227524490251,1250.0,,769402.86
22/10/2023,22/10/2023,UPI/958827915907/harishmeno830@ybl/CNRB,958827915907,249.0,,769153.86
22/10/2023,22/10/2023,BIL/INFT/759557309122/BOOKMYSHOW/PAYMENT,759557309122,120.0,,769033.86
22/10/2023,22/10/2023,BY TRANSFER/IMPS/701774576982/KAVYA REDDY/CNRB,701774576982,,850.0,769883.86
24/10/2023,24/10/2023,BY TRANSFER/IMPS/904365527236/NADIA HUSSAIN/CNRB,904365527236,,24000.0,793883.86
24/10/2023,24/10/2023,POS/4270/APOLLO PHARMACY/MUMBAI,342026914200,1680.0,,792203.86
25/10/2023,25/10/2023,UPI/975415053982/kavyareddy409@paytm/CNRB,975415053982,850.0,,791353.86
27/10/2023,27/10/2023,UPI/794702126035/gopalnaik855@okhdfcbank/CNRB,794702126035,79.0,,791274.86
29/10/2023,29/10/2023,BY TRANSFER/IMPS/705249062505/VINAY PATIL/CNRB,705249062505,,7500.0,798774.86
29/10/2023,29/10/2023,POS/1105/BPCL/INDIRANAGAR,382120819201,999.0,,797775.86
01/11/2023,01/11/2023,NEFT CR-HDFC0313969-TECHNOVA SOLUTIONS-138068103583-SALARY SURESH NAIR,174856663942,,77250.0,875025.86
03/11/2023,03/11/2023,POS/6944/ZOMATO/HSR LAYOUT,935437388974,449.0,,874576.86
04/11/2023,04/11/2023,BIL/INFT/568600446173/BESCOM/PAYMENT,568600446173,79.0,,874497.86
04/11/2023,04/11/2023,BIL/INFT/598098587831/BOOKMYSHOW/PAYMENT,598098587831,1680.0,,872817.86
05/11/2023,05/11/2023,POS/8911/BPCL/MUMBAI,742926598345,449.0,,872368.86
05/11/2023,05/11/2023,NEFT DR-HDFC0537026-SANTOSH IYER-369153257979-RENT,551887996682,31000.0,,841368.86
05/11/2023,05/11/2023,POS/7820/OLA/MUMBAI,034149019476,79.0,,841289.86
07/11/2023,07/11/2023,POS/1231/APOLLO PHARMACY/HYDERABAD,312812730548,1680.0,,839609.86
08/11/2023,08/11/2023,UPI/642137412981/santoshiye225@okaxis/CNRB,642137412981,249.0,,839360.86
08/11/2023,08/11/2023,BY TRANSFER/IMPS/887103069996/BABU LAL/CNRB,887103069996,,11200.0,850560.86
10/11/2023,10/11/2023,ATM WDL/2437/MANGALURU,035365828861,249.0,,850311.86
12/11/2023,12/11/2023,ATM WDL/4814/SECUNDERABAD,224295987501,249.0,,850062.86
16/11/2023,16/11/2023,POS/0819/ZOMATO/BANJARA HILLS,818337610103,850.0,,849212.86
18/11/2023,18/11/2023,UPI/859350716869/gopalnaik753@okaxis/CNRB,859350716869,1250.0,,847962.86
18/11/2023,18/11/2023,BY TRANSFER/IMPS/263719660344/MOHAN DAS/CNRB,263719660344,,18500.0,866462.86
19/11/2023,19/11/2023,BIL/INFT/642406736056/APOLLO PHARMACY/PAYMENT,642406736056,2380.0,,864082.86
21/11/2023,21/11/2023,BIL/INFT/536849880914/RELIANCE FRESH/PAYMENT,536849880914,1680.0,,862402.86
23/11/2023,23/11/2023,POS/3031/AMAZON/MARATHAHALLI,939901319541,1250.0,,861152.86
25/11/2023,25/11/2023,UPI/356106441008/poojasharm134@okhdfcbank/CNRB,356106441008,1250.0,,859902.86
26/11/2023,26/11/2023,POS/8735/FLIPKART/KORAMANGALA,735514742135,2380.0,,857522.86
26/11/2023,26/11/2023,BY TRANSFER/IMPS/124429906227/ROHIT SHARMA/CNRB,124429906227,,7500.0,865022.86
28/11/2023,28/11/2023,BIL/INFT/471507199180/APOLLO PHARMACY/PAYMENT,471507199180,699.0,,864323.86
30/11/2023,30/11/2023,POS/7111/AMAZON/WHITEFIELD,631832857692,7800.0,,856523.86
01/12/2023,01/12/2023,ATM WDL/2531/MUMBAI,469728386664,3499.0,,853024.86
02/12/2023,02/12/2023,POS/4255/IRCTC/BTM LAYOUT,635408271656,3499.0,,849525.86
02/12/2023,02/12/2023,NEFT CR-HDFC0122214-TECHNOVA SOLUTIONS-546680762563-SALARY SURESH NAIR,955110825249,,77250.0,926775.86
03/12/2023,03/12/2023,NEFT DR-HDFC0840796-RAJESH VERMA-551309467243-RENT,557349958496,31000.0,,895775.86
03/12/2023,03/12/2023,POS/3467/SWIGGY/BANJARA HILLS,607075907977,2380.0,,893395.86
04/12/2023,04/12/2023,UPI/305941509102/harishmeno495@okhdfcbank/CNRB,305941509102,49.0,,893346.86
06/12/2023,06/12/2023,BIL/INFT/436828784444/BOOKMYSHOW/PAYMENT,436828784444,1680.0,,891666.86
07/12/2023,07/12/2023,BIL/INFT/628429970577/PVR CINEMAS/PAYMENT,628429970577,449.0,,891217.86
07/12/2023,07/12/2023,BIL/INFT/771747366746/BESCOM/PAYMENT,771747366746,79.0,,891138.86
07/12/2023,07/12/2023,POS/4127/SWIGGY/KUKATPALLY,900586627765,5200.0,,885938.86
07/12/2023,07/12/2023,ATM WDL/5781/INDIRANAGAR,530507431261,699.0,,885239.86
08/12/2023,08/12/2023,BY TRANSFER/IMPS/307962958404/CHANDAN SHARMA/CNRB,307962958404,,2500.0,887739.86
08/12/2023,08/12/2023,ATM WDL/6332/MANGALURU,419345343036,2380.0,,885359.86
08/12/2023,08/12/2023,POS/6947/AMAZON/MARATHAHALLI,389849362212,249.0,,885110.86
09/12/2023,09/12/2023,ATM WDL/4339/KUKATPALLY,507265488860,49.0,,885061.86
10/12/2023,10/12/2023,BY TRANSFER/IMPS/426397841058/GEETA DEVI/CNRB,426397841058,,4800.0,889861.86
10/12/2023,10/12/2023,BY TRANSFER/IMPS/506505851277/KARTHIK MENON/CNRB,506505851277,,850.0,890711.86
12/12/2023,12/12/2023,BY TRANSFER/IMPS/621530735517/RAJESH VERMA/CNRB,621530735517,,7500.0,898211.86
13/12/2023,13/12/2023,POS/8546/AMAZON/KUKATPALLY,116970560248,310.0,,897901.86
19/12/2023,19/12/2023,UPI/601934073907/ayeshakhan434@okaxis/CNRB,601934073907,1250.0,,896651.86
20/12/2023,20/12/2023,BIL/INFT/652651934696/HPCL/PAYMENT,652651934696,310.0,,896341.86
21/12/2023,21/12/2023,UPI/669084654765/vikramnair88@ybl/CNRB,669084654765,120.0,,896221.86
24/12/2023,24/12/2023,ATM WDL/1181/JAYANAGAR,094117066058,120.0,,896101.86
24/12/2023,24/12/2023,BIL/INFT/499114367070/SWIGGY/PAYMENT,499114367070,1250.0,,894851.86
24/12/2023,24/12/2023,BIL/INFT/103068456002/UBER/PAYMENT,103068456002,1250.0,,893601.86
25/12/2023,25/12/2023,ATM WDL/1281/HSR LAYOUT,072841800581,850.0,,892751.86
25/12/2023,25/12/2023,POS/8346/OLA/KORAMANGALA,994476633861,310.0,,892441.86
25/12/2023,25/12/2023,NEFT-558724042369-NEXA INFOTECH-REIMB-828879-HDFC0746414,129182779328,,18500.0,910941.86
27/12/2023,27/12/2023,ATM WDL/1430/HYDERABAD,872436099550,850.0,,910091.86
27/12/2023,27/12/2023,ATM WDL/9600/WHITEFIELD,802728420177,449.0,,909642.86
28/12/2023,28/12/2023,BIL/INFT/658808664704/DMART/PAYMENT,658808664704,3499.0,,906143.86
28/12/2023,28/12/2023,BIL/INFT/005671498764/AIRTEL/PAYMENT,005671498764,999.0,,905144.86
28/12/2023,28/12/2023,BY TRANSFER/IMPS/937988963629/ARJUN MEHTA/CNRB,937988963629,,7500.0,912644.86
31/12/2023,31/12/2023,BY TRANSFER/IMPS/223754238578/RAJENDRA PRASAD/CNRB,223754238578,,24000.0,936644.86
01/01/2024,01/01/2024,NEFT CR-HDFC0931485-TECHNOVA SOLUTIONS-321296821110-SALARY SURESH NAIR,637750262117,,78000.0,1014644.86
01/01/2024,01/01/2024,ATM WDL/5024/INDIRANAGAR,225181568657,310.0,,1014334.86
01/01/2024,01/01/2024,UPI/054575899298/harishmeno264@oksbi/CNRB,054575899298,449.0,,1013885.86
05/01/2024,05/01/2024,POS/5293/IOCL/JAYANAGAR,814253999009,7800.0,,1006085.86
05/01/2024,05/01/2024,ATM WDL/6582/BANJARA HILLS,882292116353,49.0,,1006036.86
06/01/2024,06/01/2024,UPI/294020729307/lathadevi943@paytm/CNRB,294020729307,449.0,,1005587.86
06/01/2024,06/01/2024,ATM WDL/9094/HSR LAYOUT,385611481422,850.0,,1004737.86
06/01/2024,06/01/2024,POS/8812/BESCOM/HYDERABAD,480400138367,449.0,,1004288.86
07/01/2024,07/01/2024,NEFT DR-HDFC0806720-RAJESH VERMA-077777118289-RENT,286006247541,22000.0,,982288.86
12/01/2024,12/01/2024,BIL/INFT/841683174211/UBER/PAYMENT,841683174211,249.0,,982039.86
16/01/2024,16/01/2024,ATM WDL/6616/KORAMANGALA,549522560737,850.0,,981189.86
17/01/2024,17/01/2024,POS/4200/BPCL/HSR LAYOUT,867487743040,699.0,,980490.86
19/01/2024,19/01/2024,UPI/915328342028/tarageorge434@ybl/CNRB,915328342028,310.0,,980180.86
21/01/2024,21/01/2024,BY TRANSFER/IMPS/361309917105/VINAY PATIL/CNRB,361309917105,,2500.0,982680.86
21/01/2024,21/01/2024,BY TRANSFER/IMPS/517270776597/SUNITA DEVI/CNRB,517270776597,,850.0,983530.86
21/01/2024,21/01/2024,BY TRANSFER/IMPS/974032617261/MOHAN DAS/CNRB,974032617261,,24000.0,1007530.86
22/01/2024,22/01/2024,POS/7435/BOOKMYSHOW/WHITEFIELD,887657191087,79.0,,1007451.86
23/01/2024,23/01/2024,BY TRANSFER/IMPS/256461320229/RAHUL SINGH/CNRB,256461320229,,4800.0,1012251.86
23/01/2024,23/01/2024,ATM WDL/9934/BTM LAYOUT,284366362996,79.0,,1012172.86
25/01/2024,25/01/2024,POS/0978/SWIGGY/BANJARA HILLS,359855147144,449.0,,1011723.86
25/01/2024,25/01/2024,ATM WDL/8303/MANGALURU,717882814541,249.0,,1011474.86
26/01/2024,26/01/2024,ATM WDL/7241/MYSURU,427660762364,699.0,,1010775.86
26/01/2024,26/01/2024,ATM WDL/5613/WHITEFIELD,152316656133,249.0,,1010526.86
28/01/2024,28/01/2024,BY TRANSFER/IMPS/457762045965/SUNIL YADAV/CNRB,457762045965,,4800.0,1015326.86
28/01/2024,28/01/2024,BIL/INFT/262633137903/APOLLO PHARMACY/PAYMENT,262633137903,5200.0,,1010126.86
29/01/2024,29/01/2024,POS/5475/APOLLO PHARMACY/HSR LAYOUT,553732831941,699.0,,1009427.86
01/02/2024,01/02/2024,NEFT CR-HDFC0847347-TECHNOVA SOLUTIONS-993502813469-SALARY SURESH NAIR,249169137405,,78000.0,1087427.86
03/02/2024,03/02/2024,ATM WDL/1981/WHITEFIELD,371016241068,249.0,,1087178.86
03/02/2024,03/02/2024,BIL/INFT/702847828427/MEDPLUS/PAYMENT,702847828427,449.0,,1086729.86
04/02/2024,04/02/2024,NEFT DR-HDFC0450633-MOHAN DAS-630459170364-RENT,543992578296,26500.0,,1060229.86
04/02/2024,04/02/2024,BIL/INFT/668220636477/PVR CINEMAS/PAYMENT,668220636477,120.0,,1060109.86
05/02/2024,05/02/2024,POS/2930/AIRTEL/MARATHAHALLI,870631972491,1680.0,,1058429.86
08/02/2024,08/02/2024,BIL/INFT/992798123101/IOCL/PAYMENT,992798123101,1250.0,,1057179.86
09/02/2024,09/02/2024,POS/7458/OLA/BTM LAYOUT,238072731521,310.0,,1056869.86
10/02/2024,10/02/2024,UPI/903284127263/priyanair58@oksbi/CNRB,903284127263,850.0,,1056019.86
10/02/2024,10/02/2024,ATM WDL/8855/HSR LAYOUT,222938382395,79.0,,1055940.86
13/02/2024,13/02/2024,BIL/INFT/400191456833/HPCL/PAYMENT,400191456833,2380.0,,1053560.86
13/02/2024,13/02/2024,BY TRANSFER/IMPS/386188402335/SUNIL SHETTY/CNRB,386188402335,,500.0,1054060.86
13/02/2024,13/02/2024,BIL/INFT/898076880221/BOOKMYSHOW/PAYMENT,898076880221,310.0,,1053750.86
14/02/2024,14/02/2024,BIL/INFT/865422076826/AMAZON/PAYMENT,865422076826,699.0,,1053051.86
14/02/2024,14/02/2024,BY TRANSFER/IMPS/491324404980/TARA SINGH/CNRB,491324404980,,1200.0,1054251.86
15/02/2024,15/02/2024,BIL/INFT/601416615714/FLIPKART/PAYMENT,601416615714,999.0,,1053252.86
15/02/2024,15/02/2024,UPI/123086613981/santoshiye10@okhdfcbank/CNRB,123086613981,1680.0,,1051572.86
16/02/2024,16/02/2024,UPI/666935702006/meerapilla95@ybl/CNRB,666935702006,449.0,,1051123.86
17/02/2024,17/02/2024,BY TRANSFER/IMPS/525121930207/RAJESH VERMA/CNRB,525121930207,,1200.0,1052323.86
17/02/2024,17/02/2024,POS/6979/SWIGGY/JAYANAGAR,034846695132,310.0,,1052013.86
19/02/2024,19/02/2024,ATM WDL/1124/MANGALURU,671888340200,2380.0,,1049633.86
19/02/2024,19/02/2024,BY TRANSFER/IMPS/008871558488/VIKRAM NAIR/CNRB,008871558488,,7500.0,1057133.86
20/02/2024,20/02/2024,ATM WDL/8709/WHITEFIELD,635920759283,850.0,,1056283.86
20/02/2024,20/02/2024,BIL/INFT/995583461328/PVR CINEMAS/PAYMENT,995583461328,5200.0,,1051083.86
21/02/2024,21/02/2024,UPI/561302475987/poojasharm943@paytm/CNRB,561302475987,310.0,,1050773.86
21/02/2024,21/02/2024,UPI/095939938389/rohitsharm256@okaxis/CNRB,095939938389,249.0,,1050524.86
27/02/2024,27/02/2024,UPI/686687961981/santoshiye737@okaxis/CNRB,686687961981,1250.0,,1049274.86
28/02/2024,28/02/2024,POS/0655/OLA/KUKATPALLY,271456908722,999.0,,1048275.86
28/02/2024,28/02/2024,POS/1721/AMAZON/HSR LAYOUT,498802674019,449.0,,1047826.86
01/03/2024,01/03/2024,POS/9736/AMAZON/BTM LAYOUT,741002692497,449.0,,1047377.86
01/03/2024,01/03/2024,NEFT-958347806082-NEXA INFOTECH-REIMB-828879-HDFC0540599,878318468171,,18500.0,1065877.86
01/03/2024,01/03/2024,NEFT CR-HDFC0109130-TECHNOVA SOLUTIONS-697668662933-SALARY SURESH NAIR,667630378254,,77250.0,1143127.86
01/03/2024,01/03/2024,POS/5727/ZOMATO/SECUNDERABAD,639022637955,999.0,,1142128.86
02/03/2024,02/03/2024,ATM WDL/0934/BANJARA HILLS,477961876694,79.0,,1142049.86
02/03/2024,02/03/2024,NEFT-126973475054-NEXA INFOTECH-REIMB-828879-HDFC0332373,318947526526,,12000.0,1154049.86
03/03/2024,03/03/2024,POS/7975/BOOKMYSHOW/MANGALURU,327343164544,5200.0,,1148849.86
03/03/2024,03/03/2024,NEFT DR-HDFC0442578-TARA GEORGE-221266402721-RENT,617594232237,31000.0,,1117849.86
04/03/2024,04/03/2024,UPI/113219108381/priyanair443@paytm/CNRB,113219108381,249.0,,1117600.86
05/03/2024,05/03/2024,BIL/INFT/418201337384/APOLLO PHARMACY/PAYMENT,418201337384,5200.0,,1112400.86
06/03/2024,06/03/2024,ATM WDL/6148/WHITEFIELD,964022056817,5200.0,,1107200.86
08/03/2024,08/03/2024,BIL/INFT/278800950360/PVR CINEMAS/PAYMENT,278800950360,310.0,,1106890.86
09/03/2024,09/03/2024,UPI/552505996521/farhankhan37@okaxis/CNRB,552505996521,79.0,,1106811.86
10/03/2024,10/03/2024,ATM WDL/1075/HYDERABAD,115851195966,850.0,,1105961.86
10/03/2024,10/03/2024,BY TRANSFER/IMPS/142862000994/VIKRAM NAIR/CNRB,142862000994,,2500.0,1108461.86
10/03/2024,10/03/2024,ATM WDL/2370/PUNE,641455306782,79.0,,1108382.86
11/03/2024,11/03/2024,UPI/803843271132/rahulsingh340@ybl/CNRB,803843271132,5200.0,,1103182.86
15/03/2024,15/03/2024,ATM WDL/5768/SECUNDERABAD,943121685939,310.0,,1102872.86
17/03/2024,17/03/2024,ATM WDL/3720/INDIRANAGAR,794494429201,850.0,,1102022.86
18/03/2024,18/03/2024,UPI/588876185798/poojasharm780@okhdfcbank/CNRB,588876185798,120.0,,1101902.86
19/03/2024,19/03/2024,BIL/INFT/909103145349/APOLLO PHARMACY/PAYMENT,909103145349,699.0,,1101203.86
21/03/2024,21/03/2024,BIL/INFT/311513165263/UBER/PAYMENT,311513165263,1680.0,,1099523.86
21/03/2024,21/03/2024,POS/5274/APOLLO PHARMACY/BTM LAYOUT,864129797726,1250.0,,1098273.86
25/03/2024,25/03/2024,CREDIT INTEREST CAPITALISED,610306351499,,165.46,1098439.32
25/03/2024,25/03/2024,GST ON BANK CHARGES,308611258820,17.7,,1098421.62
27/03/2024,27/03/2024,UPI/172670263983/arjunmehta73@oksbi/CNRB,172670263983,3499.0,,1094922.62
27/03/2024,27/03/2024,POS/7467/MEDPLUS/SECUNDERABAD,627944548241,3499.0,,1091423.62
28/03/2024,28/03/2024,UPI/486335348363/gopalnaik28@paytm/CNRB,486335348363,850.0,,1090573.62
28/03/2024,28/03/2024,UPI/305791379138/meerapilla715@okhdfcbank/CNRB,305791379138,79.0,,1090494.62
01/04/2024,01/04/2024,BY TRANSFER/IMPS/660781515262/ARJUN MEHTA/CNRB,660781515262,,4800.0,1095294.62
01/04/2024,01/04/2024,NEFT CR-HDFC0394378-TECHNOVA SOLUTIONS-169509648919-SALARY SURESH NAIR,527227132279,,78000.0,1173294.62
01/04/2024,01/04/2024,BY TRANSFER/IMPS/772189252840/MOHAN DAS/CNRB,772189252840,,1200.0,1174494.62
02/04/2024,02/04/2024,BIL/INFT/344819456623/PVR CINEMAS/PAYMENT,344819456623,999.0,,1173495.62
02/04/2024,02/04/2024,ATM WDL/9699/SECUNDERABAD,298542994974,120.0,,1173375.62
03/04/2024,03/04/2024,POS/1557/BOOKMYSHOW/JAYANAGAR,437541291457,49.0,,1173326.62
04/04/2024,04/04/2024,BIL/INFT/080962793288/RELIANCE FRESH/PAYMENT,080962793288,999.0,,1172327.62
05/04/2024,05/04/2024,UPI/017778850634/gopalnaik785@paytm/CNRB,017778850634,1250.0,,1171077.62
06/04/2024,06/04/2024,BY TRANSFER/IMPS/432008219728/MEERA PILLAI/CNRB,432008219728,,1200.0,1172277.62
07/04/2024,07/04/2024,NEFT DR-HDFC0625684-NAVEEN KUMAR-562570588323-RENT,317959049031,18000.0,,1154277.62
07/04/2024,07/04/2024,POS/8895/MEDPLUS/MYSURU,725794246822,79.0,,1154198.62
07/04/2024,07/04/2024,ATM WDL/6181/MUMBAI,152757419902,699.0,,1153499.62
09/04/2024,09/04/2024,BY TRANSFER/IMPS/573829884446/MEERA PILLAI/CNRB,573829884446,,7500.0,1160999.62
10/04/2024,10/04/2024,BIL/INFT/592415930607/PVR CINEMAS/PAYMENT,592415930607,1250.0,,1159749.62
11/04/2024,11/04/2024,POS/8502/BPCL/MARATHAHALLI,738695068957,2380.0,,1157369.62
11/04/2024,11/04/2024,POS/5875/HPCL/SECUNDERABAD,030125605801,79.0,,1157290.62
15/04/2024,15/04/2024,ATM WDL/1105/PUNE,256456002409,310.0,,1156980.62
17/04/2024,17/04/2024,UPI/017329438352/mohandas291@oksbi/CNRB,017329438352,999.0,,1155981.62
19/04/2024,19/04/2024,BIL/INFT/795419002671/MEDPLUS/PAYMENT,795419002671,449.0,,1155532.62
20/04/2024,20/04/2024,BIL/INFT/944337933496/SWIGGY/PAYMENT,944337933496,249.0,,1155283.62
20/04/2024,20/04/2024,ATM WDL/2468/HYDERABAD,506445771397,3499.0,,1151784.62
21/04/2024,21/04/2024,UPI/433821393066/lathadevi832@okaxis/CNRB,433821393066,1250.0,,1150534.62
22/04/2024,22/04/2024,BY TRANSFER/IMPS/656307457060/HARISH MENON/CNRB,656307457060,,1200.0,1151734.62
24/04/2024,24/04/2024,UPI/768100392038/meerapilla932@oksbi/CNRB,768100392038,120.0,,1151614.62
25/04/2024,25/04/2024,ATM WDL/0223/KUKATPALLY,311742381328,850.0,,1150764.62
26/04/2024,26/04/2024,ATM WDL/3710/JAYANAGAR,750171465833,449.0,,1150315.62
27/04/2024,27/04/2024,BIL/INFT/067893911843/OLA/PAYMENT,067893911843,850.0,,1149465.62
01/05/2024,01/05/2024,NEFT CR-HDFC0479935-TECHNOVA SOLUTIONS-811937869482-SALARY SURESH NAIR,820184018567,,78500.0,1227965.62
02/05/2024,02/05/2024,POS/9606/DMART/INDIRANAGAR,384001496810,699.0,,1227266.62
03/05/2024,03/05/2024,ATM WDL/3552/HSR LAYOUT,370295604288,3499.0,,1223767.62
03/05/2024,03/05/2024,POS/6762/IRCTC/MANGALURU,281830779415,999.0,,1222768.62
04/05/2024,04/05/2024,UPI/331833785165/santoshiye741@okaxis/CNRB,331833785165,249.0,,1222519.62
06/05/2024,06/05/2024,NEFT DR-HDFC0526606-RAJESH VERMA-901146578522-RENT,946736390075,26500.0,,1196019.62
07/05/2024,07/05/2024,ATM WDL/6769/SECUNDERABAD,777498188720,79.0,,1195940.62
08/05/2024,08/05/2024,ATM WDL/1215/BTM LAYOUT,084462980675,699.0,,1195241.62
08/05/2024,08/05/2024,POS/1766/JIO/HSR LAYOUT,846645397749,699.0,,1194542.62
09/05/2024,09/05/2024,BY TRANSFER/IMPS/811224756287/MOHAMMED IRFAN/CNRB,811224756287,,4800.0,1199342.62
09/05/2024,09/05/2024,NEFT-361750103494-NEXA INFOTECH-REIMB-828879-HDFC0100646,574393902934,,24000.0,1223342.62
09/05/2024,09/05/2024,ATM WDL/4003/KUKATPALLY,500686542672,999.0,,1222343.62
13/05/2024,13/05/2024,BIL/INFT/548319310352/SWIGGY/PAYMENT,548319310352,449.0,,1221894.62
14/05/2024,14/05/2024,BY TRANSFER/IMPS/586992906020/LATHA DEVI/CNRB,586992906020,,4800.0,1226694.62
15/05/2024,15/05/2024,POS/2822/APOLLO PHARMACY/JAYANAGAR,185582327570,310.0,,1226384.62
15/05/2024,15/05/2024,BIL/INFT/921985208258/BOOKMYSHOW/PAYMENT,921985208258,120.0,,1226264.62
15/05/2024,15/05/2024,POS/7956/PVR CINEMAS/MANGALURU,310610923312,120.0,,1226144.62
17/05/2024,17/05/2024,BIL/INFT/141470908388/UBER/PAYMENT,141470908388,3499.0,,1222645.62
18/05/2024,18/05/2024,BIL/INFT/416805180226/BOOKMYSHOW/PAYMENT,416805180226,1250.0,,1221395.62
18/05/2024,18/05/2024,ATM WDL/7366/HYDERABAD,489301000507,79.0,,1221316.62
18/05/2024,18/05/2024,NEFT-768480382241-NEXA INFOTECH-REIMB-828879-HDFC0356857,873016024993,,12000.0,1233316.62
19/05/2024,19/05/2024,BY TRANSFER/IMPS/598732526539/SHEELA DEVI/CNRB,598732526539,,2500.0,1235816.62
25/05/2024,25/05/2024,UPI/564105244518/lathadevi191@okaxis/CNRB,564105244518,120.0,,1235696.62
01/06/2024,01/06/2024,NEFT CR-HDFC0992834-TECHNOVA SOLUTIONS-812869425094-SALARY SURESH NAIR,576028460233,,77250.0,1312946.62
01/06/2024,01/06/2024,UPI/363822137466/rajeshverm804@okhdfcbank/CNRB,363822137466,79.0,,1312867.62
01/06/2024,01/06/2024,BY TRANSFER/IMPS/368011892876/SURESH BABU/CNRB,368011892876,,24000.0,1336867.62
01/06/2024,01/06/2024,BY TRANSFER/IMPS/150590593566/RAHUL SINGH/CNRB,150590593566,,11200.0,1348067.62
01/06/2024,01/06/2024,POS/0862/ZOMATO/MANGALURU,764225222140,79.0,,1347988.62
03/06/2024,03/06/2024,NEFT DR-HDFC0868372-DIVYA MENON-477171216469-RENT,729527528915,22000.0,,1325988.62
04/06/2024,04/06/2024,BIL/INFT/918689547499/FLIPKART/PAYMENT,918689547499,7800.0,,1318188.62
04/06/2024,04/06/2024,BIL/INFT/688628543341/BESCOM/PAYMENT,688628543341,999.0,,1317189.62
05/06/2024,05/06/2024,BIL/INFT/967156335114/AMAZON/PAYMENT,967156335114,310.0,,1316879.62
06/06/2024,06/06/2024,UPI/594677705171/kiranreddy204@paytm/CNRB,594677705171,850.0,,1316029.62
08/06/2024,08/06/2024,BIL/INFT/307460801744/AIRTEL/PAYMENT,307460801744,49.0,,1315980.62
09/06/2024,09/06/2024,POS/9253/AIRTEL/BTM LAYOUT,408702532408,699.0,,1315281.62
10/06/2024,10/06/2024,UPI/971784956512/farhankhan833@paytm/CNRB,971784956512,7800.0,,1307481.62
11/06/2024,11/06/2024,ATM WDL/9772/INDIRANAGAR,061734052502,5200.0,,1302281.62
11/06/2024,11/06/2024,UPI/708330967161/harishmeno182@ybl/CNRB,708330967161,1250.0,,1301031.62
13/06/2024,13/06/2024,BIL/INFT/845088797093/SWIGGY/PAYMENT,845088797093,310.0,,1300721.62
14/06/2024,14/06/2024,BY TRANSFER/IMPS/921363142780/RANJIT SINGH/CNRB,921363142780,,11200.0,1311921.62
14/06/2024,14/06/2024,BIL/INFT/149521440635/AMAZON/PAYMENT,149521440635,699.0,,1311222.62
15/06/2024,15/06/2024,POS/4709/FLIPKART/KORAMANGALA,236243386564,1250.0,,1309972.62
15/06/2024,15/06/2024,BY TRANSFER/IMPS/619430047732/KAVITHA RAO/CNRB,619430047732,,24000.0,1333972.62
16/06/2024,16/06/2024,BY TRANSFER/IMPS/912008887078/MOHAN DAS/CNRB,912008887078,,18500.0,1352472.62
17/06/2024,17/06/2024,BY TRANSFER/IMPS/544706567167/FARHAN KHAN/CNRB,544706567167,,500.0,1352972.62
17/06/2024,17/06/2024,ATM WDL/5920/KORAMANGALA,728955424943,249.0,,1352723.62
18/06/2024,18/06/2024,POS/0219/PVR CINEMAS/KUKATPALLY,411416440501,310.0,,1352413.62
21/06/2024,21/06/2024,BY TRANSFER/IMPS/335563121106/RAHUL SINGH/CNRB,335563121106,,24000.0,1376413.62
24/06/2024,24/06/2024,UPI/826338804524/gopalnaik738@paytm/CNRB,826338804524,1250.0,,1375163.62
24/06/2024,24/06/2024,POS/0768/RELIANCE FRESH/MARATHAHALLI,606935515950,1680.0,,1373483.62
25/06/2024,25/06/2024,CREDIT INTEREST CAPITALISED,218170580912,,42.42,1373526.04
25/06/2024,25/06/2024,GST ON BANK CHARGES,102886545156,17.7,,1373508.34
28/06/2024,28/06/2024,ATM WDL/2899/MARATHAHALLI,577033469636,1250.0,,1372258.34
01/07/2024,01/07/2024,ATM WDL/8208/BTM LAYOUT,899343248415,249.0,,1372009.34
03/07/2024,03/07/2024,NEFT CR-HDFC0542308-TECHNOVA SOLUTIONS-254862575369-SALARY SURESH NAIR,052029620122,,78000.0,1450009.34
03/07/2024,03/07/2024,UPI/785804505307/harishmeno592@ybl/CNRB,785804505307,1680.0,,1448329.34
04/07/2024,04/07/2024,NEFT DR-HDFC0659928-ARJUN MEHTA-851612958625-RENT,101220044430,18000.0,,1430329.34
04/07/2024,04/07/2024,BIL/INFT/452247308098/DMART/PAYMENT,452247308098,5200.0,,1425129.34
04/07/2024,04/07/2024,POS/2969/APOLLO PHARMACY/BANJARA HILLS,507832289625,120.0,,1425009.34
06/07/2024,06/07/2024,ATM WDL/7046/KORAMANGALA,361824316765,79.0,,1424930.34
07/07/2024,07/07/2024,UPI/045428257644/rajeshverm825@okhdfcbank/CNRB,045428257644,850.0,,1424080.34
10/07/2024,10/07/2024,BY TRANSFER/IMPS/468609448809/KAVITHA RAO/CNRB,468609448809,,850.0,1424930.34
11/07/2024,11/07/2024,POS/5161/DMART/HYDERABAD,801329488137,3499.0,,1421431.34
12/07/2024,12/07/2024,POS/1070/SWIGGY/BANJARA HILLS,985924353082,1250.0,,1420181.34
15/07/2024,15/07/2024,BIL/INFT/003211955054/IOCL/PAYMENT,003211955054,2380.0,,1417801.34
15/07/2024,15/07/2024,BY TRANSFER/IMPS/750191699640/LATHA DEVI/CNRB,750191699640,,11200.0,1429001.34
16/07/2024,16/07/2024,POS/1686/AMAZON/MARATHAHALLI,440828003401,699.0,,1428302.34
18/07/2024,18/07/2024,BY TRANSFER/IMPS/915822091008/RAMESH GOWDA/CNRB,915822091008,,4800.0,1433102.34
18/07/2024,18/07/2024,POS/3768/BESCOM/WHITEFIELD,761460494650,2380.0,,1430722.34
18/07/2024,18/07/2024,UPI/689294061065/farhankhan234@okaxis/CNRB,689294061065,1250.0,,1429472.34
19/07/2024,19/07/2024,POS/5072/RELIANCE FRESH/PUNE,027494793272,699.0,,1428773.34
20/07/2024,20/07/2024,BIL/INFT/010106046322/BPCL/PAYMENT,010106046322,850.0,,1427923.34
22/07/2024,22/07/2024,UPI/901192235543/reshmakhan430@paytm/CNRB,901192235543,310.0,,1427613.34
25/07/2024,25/07/2024,UPI/525643429175/lathadevi308@okaxis/CNRB,525643429175,699.0,,1426914.34
26/07/2024,26/07/2024,UPI/173970072828/vikramnair140@ybl/CNRB,173970072828,49.0,,1426865.34
26/07/2024,26/07/2024,POS/4059/SWIGGY/MANGALURU,150174414231,449.0,,1426416.34
29/07/2024,29/07/2024,UPI/561698474278/sunilshett313@oksbi/CNRB,561698474278,5200.0,,1421216.34
30/07/2024,30/07/2024,POS/3814/RELIANCE FRESH/MANGALURU,961815809342,49.0,,1421167.34
01/08/2024,01/08/2024,ATM WDL/2249/MARATHAHALLI,172918191972,79.0,,1421088.34
01/08/2024,01/08/2024,UPI/526376586208/santoshiye547@ybl/CNRB,526376586208,1250.0,,1419838.34
01/08/2024,01/08/2024,NEFT CR-HDFC0086445-TECHNOVA SOLUTIONS-766143175373-SALARY SURESH NAIR,271269772744,,77250.0,1497088.34
01/08/2024,01/08/2024,ATM WDL/0947/MANGALURU,539711140208,999.0,,1496089.34
01/08/2024,01/08/2024,UPI/005481322143/santoshiye521@ybl/CNRB,005481322143,79.0,,1496010.34
03/08/2024,03/08/2024,ATM WDL/3865/WHITEFIELD,924928156301,5200.0,,1490810.34
04/08/2024,04/08/2024,POS/1696/UBER/HSR LAYOUT,170618657512,249.0,,1490561.34
04/08/2024,04/08/2024,NEFT DR-HDFC0917045-RAHUL SINGH-931483189618-RENT,885675440383,22000.0,,1468561.34
04/08/2024,04/08/2024,POS/6028/UBER/SECUNDERABAD,360818323611,120.0,,1468441.34
05/08/2024,05/08/2024,BIL/INFT/272160712356/JIO/PAYMENT,272160712356,7800.0,,1460641.34
05/08/2024,05/08/2024,POS/1428/IOCL/WHITEFIELD,782609828418,2380.0,,1458261.34
06/08/2024,06/08/2024,ATM WDL/6855/INDIRANAGAR,188909335971,310.0,,1457951.34
07/08/2024,07/08/2024,ATM WDL/6789/KUKATPALLY,289124328960,249.0,,1457702.34
07/08/2024,07/08/2024,ATM WDL/7282/HYDERABAD,849510612062,850.0,,1456852.34
08/08/2024,08/08/2024,ATM WDL/5620/MYSURU,411243523197,699.0,,1456153.34
09/08/2024,09/08/2024,POS/5232/PVR CINEMAS/MANGALURU,726369955623,120.0,,1456033.34
09/08/2024,09/08/2024,POS/4039/PVR CINEMAS/MARATHAHALLI,543678125657,7800.0,,1448233.34
11/08/2024,11/08/2024,POS/1735/OLA/WHITEFIELD,771761949559,3499.0,,1444734.34
11/08/2024,11/08/2024,POS/2429/AIRTEL/KUKATPALLY,180861910566,120.0,,1444614.34
13/08/2024,13/08/2024,POS/1220/HPCL/WHITEFIELD,938684723505,2380.0,,1442234.34
14/08/2024,14/08/2024,BIL/INFT/537649518927/UBER/PAYMENT,537649518927,1250.0,,1440984.34
14/08/2024,14/08/2024,UPI/363599896220/priyanair296@okaxis/CNRB,363599896220,850.0,,1440134.34
14/08/2024,14/08/2024,POS/3185/BOOKMYSHOW/INDIRANAGAR,782983779586,120.0,,1440014.34
15/08/2024,15/08/2024,POS/2420/AIRTEL/MYSURU,847766502465,449.0,,1439565.34
16/08/2024,16/08/2024,ATM WDL/0108/MYSURU,500850721423,3499.0,,1436066.34
16/08/2024,16/08/2024,POS/0347/ZOMATO/MARATHAHALLI,852484325325,1250.0,,1434816.34
16/08/2024,16/08/2024,ATM WDL/3441/MANGALURU,070469156355,249.0,,1434567.34
19/08/2024,19/08/2024,BY TRANSFER/IMPS/631033385815/RAHUL SINGH/CNRB,631033385815,,24000.0,1458567.34
19/08/2024,19/08/2024,ATM WDL/4777/WHITEFIELD,650153700110,1680.0,,1456887.34
19/08/2024,19/08/2024,BY TRANSFER/IMPS/521994833995/ANJALI RAO/CNRB,521994833995,,4800.0,1461687.34
20/08/2024,20/08/2024,UPI/652188144712/divyamenon265@ybl/CNRB,652188144712,449.0,,1461238.34
20/08/2024,20/08/2024,UPI/544909017626/reshmakhan452@ybl/CNRB,544909017626,2380.0,,1458858.34
21/08/2024,21/08/2024,POS/8920/IOCL/MANGALURU,924637299262,5200.0,,1453658.34
21/08/2024,21/08/2024,UPI/589195262175/reshmakhan952@okhdfcbank/CNRB,589195262175,310.0,,1453348.34
21/08/2024,21/08/2024,UPI/164719902912/divyamenon238@ybl/CNRB,164719902912,249.0,,1453099.34
22/08/2024,22/08/2024,BY TRANSFER/IMPS/738228457511/CHANDAN SHARMA/CNRB,738228457511,,500.0,1453599.34
24/08/2024,24/08/2024,BY TRANSFER/IMPS/386282179366/BABU LAL/CNRB,386282179366,,11200.0,1464799.34
25/08/2024,25/08/2024,POS/0990/MEDPLUS/BTM LAYOUT,766569845917,7800.0,,1456999.34
25/08/2024,25/08/2024,BIL/INFT/435158658987/JIO/PAYMENT,435158658987,999.0,,1456000.34
27/08/2024,27/08/2024,POS/6832/BPCL/BTM LAYOUT,297261001100,310.0,,1455690.34
27/08/2024,27/08/2024,BY TRANSFER/IMPS/422260703973/FARHAN KHAN/CNRB,422260703973,,2500.0,1458190.34
28/08/2024,28/08/2024,BIL/INFT/651251345680/UBER/PAYMENT,651251345680,1250.0,,1456940.34
29/08/2024,29/08/2024,POS/8454/DMART/HYDERABAD,832806644771,49.0,,1456891.34
30/08/2024,30/08/2024,BY TRANSFER/IMPS/914034665187/CHANDAN SHARMA/CNRB,914034665187,,850.0,1457741.34
02/09/2024,02/09/2024,NEFT CR-HDFC0240898-TECHNOVA SOLUTIONS-506737106554-SALARY SURESH NAIR,738256932851,,77250.0,1534991.34
04/09/2024,04/09/2024,NEFT DR-HDFC0214475-KAVYA REDDY-948077815630-RENT,025895786132,18000.0,,1516991.34
04/09/2024,04/09/2024,UPI/883282807084/santoshiye961@paytm/CNRB,883282807084,1680.0,,1515311.34
05/09/2024,05/09/2024,POS/5068/PVR CINEMAS/MUMBAI,176492759998,850.0,,1514461.34
05/09/2024,05/09/2024,POS/9388/IRCTC/INDIRANAGAR,128159643035,2380.0,,1512081.34
05/09/2024,05/09/2024,ATM WDL/4656/MANGALURU,906910459674,1680.0,,1510401.34
07/09/2024,07/09/2024,BY TRANSFER/IMPS/016305516295/DEEPAK JOSHI/CNRB,016305516295,,18500.0,1528901.34
07/09/2024,07/09/2024,POS/2649/MEDPLUS/HSR LAYOUT,364507282700,1680.0,,1527221.34
09/09/2024,09/09/2024,ATM WDL/3356/PUNE,507399066806,310.0,,1526911.34
11/09/2024,11/09/2024,UPI/584029790560/tarageorge41@okhdfcbank/CNRB,584029790560,999.0,,1525912.34
12/09/2024,12/09/2024,BIL/INFT/324099263775/APOLLO PHARMACY/PAYMENT,324099263775,449.0,,1525463.34
14/09/2024,14/09/2024,POS/6698/BOOKMYSHOW/MYSURU,660457267821,1250.0,,1524213.34
17/09/2024,17/09/2024,ATM WDL/3719/INDIRANAGAR,933017236365,999.0,,1523214.34
19/09/2024,19/09/2024,ATM WDL/6194/HYDERABAD,017207936855,999.0,,1522215.34
20/09/2024,20/09/2024,UPI/894732465688/rahulsingh514@oksbi/CNRB,894732465688,449.0,,1521766.34
22/09/2024,22/09/2024,BY TRANSFER/IMPS/013320449827/MOHAN DAS/CNRB,013320449827,,2500.0,1524266.34
23/09/2024,23/09/2024,POS/7288/JIO/MARATHAHALLI,302221143633,2380.0,,1521886.34
25/09/2024,25/09/2024,CREDIT INTEREST CAPITALISED,526572083703,,161.15,1522047.49
25/09/2024,25/09/2024,GST ON BANK CHARGES,437834652901,17.7,,1522029.79
28/09/2024,28/09/2024,ATM WDL/0356/MANGALURU,350901076697,850.0,,1521179.79
02/10/2024,02/10/2024,BIL/INFT/788050252092/BPCL/PAYMENT,788050252092,2380.0,,1518799.79
03/10/2024,03/10/2024,NEFT CR-HDFC0445505-TECHNOVA SOLUTIONS-538416268077-SALARY SURESH NAIR,990220635225,,77250.0,1596049.79
03/10/2024,03/10/2024,BIL/INFT/633342022040/RELIANCE FRESH/PAYMENT,633342022040,449.0,,1595600.79
04/10/2024,04/10/2024,BIL/INFT/465776502408/MEDPLUS/PAYMENT,465776502408,1680.0,,1593920.79
06/10/2024,06/10/2024,BIL/INFT/357781987395/FLIPKART/PAYMENT,357781987395,449.0,,1593471.79
07/10/2024,07/10/2024,NEFT DR-HDFC0185971-POOJA SHARMA-887747293002-RENT,124938881501,26500.0,,1566971.79
08/10/2024,08/10/2024,BIL/INFT/979145317611/IOCL/PAYMENT,979145317611,3499.0,,1563472.79
10/10/2024,10/10/2024,POS/5161/MEDPLUS/MANGALURU,244990706270,120.0,,1563352.79
11/10/2024,11/10/2024,POS/1301/AIRTEL/SECUNDERABAD,340658819044,850.0,,1562502.79
12/10/2024,12/10/2024,ATM WDL/6469/SECUNDERABAD,096283389415,850.0,,1561652.79
14/10/2024,14/10/2024,BY TRANSFER/IMPS/410338212512/LATHA DEVI/CNRB,410338212512,,2500.0,1564152.79
15/10/2024,15/10/2024,BY TRANSFER/IMPS/970651451340/SNEHA PATIL/CNRB,970651451340,,850.0,1565002.79
15/10/2024,15/10/2024,BIL/INFT/947934125086/PVR CINEMAS/PAYMENT,947934125086,249.0,,1564753.79
17/10/2024,17/10/2024,BY TRANSFER/IMPS/662495822058/GEETA DEVI/CNRB,662495822058,,1200.0,1565953.79
20/10/2024,20/10/2024,POS/1813/DMART/KUKATPALLY,061488130602,1250.0,,1564703.79
23/10/2024,23/10/2024,POS/8030/UBER/WHITEFIELD,911945088333,5200.0,,1559503.79
23/10/2024,23/10/2024,ATM WDL/9292/HYDERABAD,168875002845,2380.0,,1557123.79
25/10/2024,25/10/2024,UPI/103245743161/vinaypatil248@oksbi/CNRB,103245743161,249.0,,1556874.79
25/10/2024,25/10/2024,POS/9994/IOCL/MUMBAI,684912897212,249.0,,1556625.79
26/10/2024,26/10/2024,UPI/798580778498/kavyareddy998@paytm/CNRB,798580778498,1250.0,,1555375.79
27/10/2024,27/10/2024,BY TRANSFER/IMPS/829770723950/SANTOSH KUMAR/CNRB,829770723950,,1200.0,1556575.79
30/10/2024,30/10/2024,ATM WDL/6801/INDIRANAGAR,388466389312,850.0,,1555725.79
31/10/2024,31/10/2024,BY TRANSFER/IMPS/195576230389/KIRAN REDDY/CNRB,195576230389,,1200.0,1556925.79
01/11/2024,01/11/2024,NEFT CR-HDFC0031251-TECHNOVA SOLUTIONS-823435287041-SALARY SURESH NAIR,444551148679,,77250.0,1634175.79
03/11/2024,03/11/2024,POS/2241/RELIANCE FRESH/KORAMANGALA,858856730518,120.0,,1634055.79
04/11/2024,04/11/2024,ATM WDL/4012/WHITEFIELD,656755021373,249.0,,1633806.79
04/11/2024,04/11/2024,BIL/INFT/935022536915/IRCTC/PAYMENT,935022536915,3499.0,,1630307.79
06/11/2024,06/11/2024,NEFT DR-HDFC0352858-HARISH MENON-779514342989-RENT,140547873207,18000.0,,1612307.79
07/11/2024,07/11/2024,ATM WDL/1869/KORAMANGALA,379967043329,3499.0,,1608808.79
08/11/2024,08/11/2024,BIL/INFT/942481356647/BOOKMYSHOW/PAYMENT,942481356647,850.0,,1607958.79
08/11/2024,08/11/2024,UPI/782210347314/gopalnaik842@ybl/CNRB,782210347314,1250.0,,1606708.79
12/11/2024,12/11/2024,UPI/570846270143/smitharao809@okhdfcbank/CNRB,570846270143,249.0,,1606459.79
15/11/2024,15/11/2024,UPI/835342313985/gopalnaik302@okaxis/CNRB,835342313985,249.0,,1606210.79
15/11/2024,15/11/2024,BIL/INFT/568433619453/AIRTEL/PAYMENT,568433619453,850.0,,1605360.79
16/11/2024,16/11/2024,BIL/INFT/772155753654/BOOKMYSHOW/PAYMENT,772155753654,850.0,,1604510.79
17/11/2024,17/11/2024,BIL/INFT/394773577977/MEDPLUS/PAYMENT,394773577977,999.0,,1603511.79
18/11/2024,18/11/2024,BIL/INFT/265903200731/HPCL/PAYMENT,265903200731,999.0,,1602512.79
19/11/2024,19/11/2024,UPI/926904380070/harishmeno285@paytm/CNRB,926904380070,49.0,,1602463.79
19/11/2024,19/11/2024,BY TRANSFER/IMPS/905621388195/KIRAN REDDY/CNRB,905621388195,,2500.0,1604963.79
20/11/2024,20/11/2024,ATM WDL/2506/PUNE,100454317786,5200.0,,1599763.79
22/11/2024,22/11/2024,POS/1822/UBER/SECUNDERABAD,941882102614,1250.0,,1598513.79
22/11/2024,22/11/2024,UPI/482787103759/vikramnair475@paytm/CNRB,482787103759,999.0,,1597514.79
22/11/2024,22/11/2024,UPI/581217750016/harishmeno62@paytm/CNRB,581217750016,449.0,,1597065.79
24/11/2024,24/11/2024,UPI/297195356110/kavyareddy859@paytm/CNRB,297195356110,249.0,,1596816.79
26/11/2024,26/11/2024,BY TRANSFER/IMPS/989307242179/SMITHA PILLAI/CNRB,989307242179,,500.0,1597316.79
27/11/2024,27/11/2024,BIL/INFT/364868031804/JIO/PAYMENT,364868031804,1680.0,,1595636.79
28/11/2024,28/11/2024,ATM WDL/6149/WHITEFIELD,982754175501,449.0,,1595187.79
