Txn Date,Value Date,Description,Ref No./Cheque No.,Debit,Credit,Balance
1 Jan 2023,1 Jan 2023,BY TRANSFER-8506462847573 SALARY RAJENDRA PRA,143314290162,,78000.0,316096.0
2 Jan 2023,2 Jan 2023,POS/3257/ZOMATO/HYDERABAD,387499170241,699.0,,315397.0
2 Jan 2023,2 Jan 2023,POS/4346/OLA/KUKATPALLY,671330855885,5200.0,,310197.0
3 Jan 2023,3 Jan 2023,ATM WDL/2631/MARATHAHALLI,819061219728,1680.0,,308517.0
5 Jan 2023,5 Jan 2023,NEFT DR-HDFC0657440-RAHUL SINGH-245798441724-RENT,373720719592,31000.0,,277517.0
7 Jan 2023,7 Jan 2023,TO CLEARING-CIT JIO 485255,749793263294,5200.0,,272317.0
8 Jan 2023,8 Jan 2023,TO CLEARING-CIT JIO 795542,918292596699,120.0,,272197.0
10 Jan 2023,10 Jan 2023,POS/1391/IRCTC/BTM LAYOUT,611920367084,1680.0,,270517.0
12 Jan 2023,12 Jan 2023,TO TRANSFER-UPI/201355797659/santoshiye575@paytm,201355797659,49.0,,270468.0
12 Jan 2023,12 Jan 2023,ATM WDL/5011/MUMBAI,044359033955,699.0,,269769.0
13 Jan 2023,13 Jan 2023,TO TRANSFER-UPI/524473083326/santoshiye311@oksbi,524473083326,79.0,,269690.0
14 Jan 2023,14 Jan 2023,BY TRANSFER-INB IMPS519503016932/9954889444/XX5291/Remitly Tr-,MAC1905449220,,1200.0,270890.0
14 Jan 2023,14 Jan 2023,TO CLEARING-CIT ZOMATO 885546,261213174371,699.0,,270191.0
14 Jan 2023,14 Jan 2023,ATM WDL/5014/KORAMANGALA,958639386858,249.0,,269942.0
15 Jan 2023,15 Jan 2023,BY TRANSFER-INB IMPS072363190894/3354841734/XX6170/Remitly Tr-,MAC8849888356,,500.0,270442.0
15 Jan 2023,15 Jan 2023,TO CLEARING-CIT RELIANCE FRESH 727305,242019143465,1680.0,,268762.0
15 Jan 2023,15 Jan 2023,TO CLEARING-CIT SWIGGY 890106,679959846410,249.0,,268513.0
17 Jan 2023,17 Jan 2023,BY TRANSFER-INB IMPS562928780123/6995017995/XX0933/Remitly Tr-,MAC0446308923,,850.0,269363.0
18 Jan 2023,18 Jan 2023,TO CLEARING-CIT BOOKMYSHOW 987572,034534858231,249.0,,269114.0
19 Jan 2023,19 Jan 2023,TO CLEARING-CIT APOLLO PHARMACY 045231,080366209997,49.0,,269065.0
20 Jan 2023,20 Jan 2023,POS/9007/PVR CINEMAS/BTM LAYOUT,010539399718,1680.0,,267385.0
20 Jan 2023,20 Jan 2023,BY TRANSFER-INB IMPS886304399359/0182859766/XX2864/Remitly Tr-,MAC5304886931,,2500.0,269885.0
21 Jan 2023,21 Jan 2023,BY TRANSFER-INB IMPS887105703894/3116690364/XX2774/Remitly Tr-,MAC4088384825,,1200.0,271085.0
21 Jan 2023,21 Jan 2023,BY TRANSFER-INB IMPS113782618295/1132913157/XX0604/Remitly Tr-,MAC3669329890,,4800.0,275885.0
22 Jan 2023,22 Jan 2023,TO TRANSFER-UPI/177027569266/kavyareddy183@okhdfcbank,177027569266,249.0,,275636.0
24 Jan 2023,24 Jan 2023,TO TRANSFER-UPI/753450704390/rajeshverm577@paytm,753450704390,79.0,,275557.0
25 Jan 2023,25 Jan 2023,TO TRANSFER-UPI/361846766460/vikramnair162@paytm,361846766460,249.0,,275308.0
26 Jan 2023,26 Jan 2023,TO CLEARING-CIT AIRTEL 487409,015236490551,1680.0,,273628.0
27 Jan 2023,27 Jan 2023,TO CLEARING-CIT FLIPKART 018065,702785353464,310.0,,273318.0
28 Jan 2023,28 Jan 2023,POS/0664/IRCTC/MYSURU,403096625299,249.0,,273069.0
30 Jan 2023,30 Jan 2023,TO CLEARING-CIT AMAZON 439271,772225973819,999.0,,272070.0
31 Jan 2023,31 Jan 2023,POS/4049/MEDPLUS/HSR LAYOUT,466489068997,1250.0,,270820.0
31 Jan 2023,31 Jan 2023,NEFT-994124267307-SOUTHERN RETAILS-REIMB-051322-HDFC0779366,852886893879,,24000.0,294820.0
31 Jan 2023,31 Jan 2023,TO CLEARING-CIT SWIGGY 009384,078623184414,310.0,,294510.0
3 Feb 2023,3 Feb 2023,BY TRANSFER-9975115755387 SALARY RAJENDRA PRA,042302463179,,78500.0,373010.0
3 Feb 2023,3 Feb 2023,POS/2006/JIO/MUMBAI,866697665101,2380.0,,370630.0
4 Feb 2023,4 Feb 2023,ATM WDL/9781/MUMBAI,976356656480,3499.0,,367131.0
6 Feb 2023,6 Feb 2023,TO CLEARING-CIT APOLLO PHARMACY 579311,464266390591,1250.0,,365881.0
6 Feb 2023,6 Feb 2023,NEFT DR-HDFC0005913-DIVYA MENON-791328585604-RENT,101584339157,31000.0,,334881.0
6 Feb 2023,6 Feb 2023,TO TRANSFER-UPI/030633603142/arjunmehta982@okhdfcbank,030633603142,5200.0,,329681.0
8 Feb 2023,8 Feb 2023,BY TRANSFER-INB IMPS485648977914/9993993606/XX8211/Remitly Tr-,MAC9200492267,,2500.0,332181.0
9 Feb 2023,9 Feb 2023,BY TRANSFER-INB IMPS802366642785/0209144218/XX8134/Remitly Tr-,MAC3604044496,,850.0,333031.0
12 Feb 2023,12 Feb 2023,ATM WDL/4120/HYDERABAD,830067750738,2380.0,,330651.0
13 Feb 2023,13 Feb 2023,TO TRANSFER-UPI/518700817628/rajeshverm934@ybl,518700817628,3499.0,,327152.0
14 Feb 2023,14 Feb 2023,TO CLEARING-CIT BESCOM 773279,190107942733,310.0,,326842.0
15 Feb 2023,15 Feb 2023,POS/4943/JIO/KORAMANGALA,082436520287,49.0,,326793.0
17 Feb 2023,17 Feb 2023,BY TRANSFER-INB IMPS442944836460/4665991116/XX3317/Remitly Tr-,MAC4432628014,,1200.0,327993.0
17 Feb 2023,17 Feb 2023,BY TRANSFER-INB IMPS099855245313/6501096667/XX4199/Remitly Tr-,MAC6406013720,,18500.0,346493.0
18 Feb 2023,18 Feb 2023,BY TRANSFER-INB IMPS029517463510/6642513176/XX9224/Remitly Tr-,MAC2015388835,,850.0,347343.0
18 Feb 2023,18 Feb 2023,BY TRANSFER-INB IMPS946500801517/2127792121/XX1288/Remitly Tr-,MAC0743277614,,7500.0,354843.0
18 Feb 2023,18 Feb 2023,TO TRANSFER-UPI/921081422115/tarageorge984@paytm,921081422115,1250.0,,353593.0
21 Feb 2023,21 Feb 2023,TO CLEARING-CIT ZOMATO 246080,710905826553,2380.0,,351213.0
21 Feb 2023,21 Feb 2023,POS/9263/SWIGGY/MARATHAHALLI,846920000383,249.0,,350964.0
21 Feb 2023,21 Feb 2023,POS/4725/ZOMATO/HSR LAYOUT,017613808742,310.0,,350654.0
21 Feb 2023,21 Feb 2023,ATM WDL/0012/MARATHAHALLI,903101709327,999.0,,349655.0
22 Feb 2023,22 Feb 2023,ATM WDL/9024/HYDERABAD,229894305813,3499.0,,346156.0
22 Feb 2023,22 Feb 2023,ATM WDL/8114/PUNE,535138686566,249.0,,345907.0
23 Feb 2023,23 Feb 2023,TO TRANSFER-UPI/170616552639/meerapilla737@okaxis,170616552639,3499.0,,342408.0
23 Feb 2023,23 Feb 2023,TO CLEARING-CIT PVR CINEMAS 681980,762253996098,120.0,,342288.0
24 Feb 2023,24 Feb 2023,BY TRANSFER-INB IMPS030269604635/6506860751/XX6593/Remitly Tr-,MAC8396677940,,4800.0,347088.0
25 Feb 2023,25 Feb 2023,POS/3245/AIRTEL/INDIRANAGAR,823288602023,2380.0,,344708.0
26 Feb 2023,26 Feb 2023,TO CLEARING-CIT MEDPLUS 888713,043332804031,5200.0,,339508.0
26 Feb 2023,26 Feb 2023,BY TRANSFER-INB IMPS415781314958/5793210790/XX6170/Remitly Tr-,MAC6396880058,,7500.0,347008.0
26 Feb 2023,26 Feb 2023,ATM WDL/9059/MARATHAHALLI,474641178537,79.0,,346929.0
27 Feb 2023,27 Feb 2023,POS/9241/IRCTC/MANGALURU,358031650039,999.0,,345930.0
27 Feb 2023,27 Feb 2023,TO CLEARING-CIT BOOKMYSHOW 205878,119310844831,2380.0,,343550.0
28 Feb 2023,28 Feb 2023,POS/1225/MEDPLUS/KORAMANGALA,610821058967,120.0,,343430.0
28 Feb 2023,28 Feb 2023,TO CLEARING-CIT DMART 348839,428980481453,249.0,,343181.0
1 Mar 2023,1 Mar 2023,POS/4588/JIO/SECUNDERABAD,125244107177,1680.0,,341501.0
2 Mar 2023,2 Mar 2023,BY TRANSFER-7818864840999 SALARY RAJENDRA PRA,631509180117,,77250.0,418751.0
3 Mar 2023,3 Mar 2023,ATM WDL/5160/BANJARA HILLS,661151399125,310.0,,418441.0
4 Mar 2023,4 Mar 2023,TO CLEARING-CIT HPCL 463487,304341857343,449.0,,417992.0
6 Mar 2023,6 Mar 2023,POS/8409/RELIANCE FRESH/HYDERABAD,050167065275,699.0,,417293.0
7 Mar 2023,7 Mar 2023,NEFT DR-HDFC0653866-DIVYA MENON-416662680532-RENT,349596114277,31000.0,,386293.0
7 Mar 2023,7 Mar 2023,TO CLEARING-CIT MEDPLUS 633530,638359510860,3499.0,,382794.0
7 Mar 2023,7 Mar 2023,POS/6232/RELIANCE FRESH/KORAMANGALA,798275913285,1680.0,,381114.0
8 Mar 2023,8 Mar 2023,POS/2552/DMART/WHITEFIELD,965590029474,5200.0,,375914.0
8 Mar 2023,8 Mar 2023,TO TRANSFER-UPI/366624339638/ayeshakhan141@ybl,366624339638,3499.0,,372415.0
9 Mar 2023,9 Mar 2023,TO CLEARING-CIT RELIANCE FRESH 446467,407124915716,3499.0,,368916.0
10 Mar 2023,10 Mar 2023,POS/7737/HPCL/PUNE,107438675770,5200.0,,363716.0
10 Mar 2023,10 Mar 2023,POS/9631/BESCOM/SECUNDERABAD,881218157304,2380.0,,361336.0
13 Mar 2023,13 Mar 2023,BY TRANSFER-INB IMPS293077629709/7347133394/XX9198/Remitly Tr-,MAC8901742715,,18500.0,379836.0
13 Mar 2023,13 Mar 2023,ATM WDL/6834/INDIRANAGAR,316340370113,3499.0,,376337.0
14 Mar 2023,14 Mar 2023,TO CLEARING-CIT RELIANCE FRESH 661953,083026999650,5200.0,,371137.0
14 Mar 2023,14 Mar 2023,ATM WDL/0529/MYSURU,823252923635,850.0,,370287.0
14 Mar 2023,14 Mar 2023,ATM WDL/4268/MARATHAHALLI,857404558979,249.0,,370038.0
15 Mar 2023,15 Mar 2023,TO TRANSFER-UPI/558148198303/arjunmehta314@paytm,558148198303,79.0,,369959.0
15 Mar 2023,15 Mar 2023,TO TRANSFER-UPI/092234525692/farhankhan956@okhdfcbank,092234525692,120.0,,369839.0
15 Mar 2023,15 Mar 2023,TO TRANSFER-UPI/886901562062/rohitsharm954@paytm,886901562062,79.0,,369760.0
16 Mar 2023,16 Mar 2023,TO CLEARING-CIT IRCTC 438942,145157795338,120.0,,369640.0
17 Mar 2023,17 Mar 2023,BY TRANSFER-INB IMPS258597598624/6889098141/XX4032/Remitly Tr-,MAC7228431430,,850.0,370490.0
17 Mar 2023,17 Mar 2023,ATM WDL/8689/BTM LAYOUT,688178394724,449.0,,370041.0
17 Mar 2023,17 Mar 2023,TO TRANSFER-UPI/162528946236/harishmeno195@oksbi,162528946236,1680.0,,368361.0
18 Mar 2023,18 Mar 2023,BY TRANSFER-INB IMPS240533777179/1606585092/XX2991/Remitly Tr-,MAC8059613095,,2500.0,370861.0
19 Mar 2023,19 Mar 2023,TO TRANSFER-UPI/788807549445/arjunmehta661@okhdfcbank,788807549445,3499.0,,367362.0
22 Mar 2023,22 Mar 2023,TO CLEARING-CIT DMART 389340,573481349747,120.0,,367242.0
23 Mar 2023,23 Mar 2023,POS/3692/BPCL/SECUNDERABAD,823753010114,449.0,,366793.0
24 Mar 2023,24 Mar 2023,TO CLEARING-CIT JIO 398724,097275421265,310.0,,366483.0
24 Mar 2023,24 Mar 2023,TO TRANSFER-UPI/360702503678/meerapilla404@paytm,360702503678,3499.0,,362984.0
25 Mar 2023,25 Mar 2023,CREDIT INTEREST CAPITALISED,069493246966,,45.93,363029.93
25 Mar 2023,25 Mar 2023,GST ON BANK CHARGES,916368900846,17.7,,363012.23
25 Mar 2023,25 Mar 2023,TO TRANSFER-UPI/814102571464/naveenkuma265@ybl,814102571464,249.0,,362763.23
25 Mar 2023,25 Mar 2023,POS/1880/IRCTC/MUMBAI,710997436362,5200.0,,357563.23
28 Mar 2023,28 Mar 2023,POS/6442/RELIANCE FRESH/MYSURU,253672739348,1680.0,,355883.23
30 Mar 2023,30 Mar 2023,POS/2019/MEDPLUS/MANGALURU,274645988083,49.0,,355834.23
1 Apr 2023,1 Apr 2023,BY TRANSFER-0986417032638 SALARY RAJENDRA PRA,983075080886,,77250.0,433084.23
1 Apr 2023,1 Apr 2023,ATM WDL/5291/WHITEFIELD,097724350701,1680.0,,431404.23
3 Apr 2023,3 Apr 2023,NEFT DR-HDFC0735842-MEERA PILLAI-947328932522-RENT,428916969972,22000.0,,409404.23
3 Apr 2023,3 Apr 2023,TO TRANSFER-UPI/918432143088/tarageorge593@oksbi,918432143088,1680.0,,407724.23
4 Apr 2023,4 Apr 2023,BY TRANSFER-INB IMPS586223513931/8941613181/XX2248/Remitly Tr-,MAC7996127628,,24000.0,431724.23
7 Apr 2023,7 Apr 2023,TO CLEARING-CIT JIO 528774,894771523634,699.0,,431025.23
7 Apr 2023,7 Apr 2023,TO TRANSFER-UPI/979864942332/sunilshett406@oksbi,979864942332,249.0,,430776.23
9 Apr 2023,9 Apr 2023,BY TRANSFER-INB IMPS422921318560/6942301208/XX7758/Remitly Tr-,MAC3756962889,,18500.0,449276.23
10 Apr 2023,10 Apr 2023,TO CLEARING-CIT ZOMATO 977987,024518362987,2380.0,,446896.23
12 Apr 2023,12 Apr 2023,BY TRANSFER-INB IMPS410840784026/3675166200/XX8217/Remitly Tr-,MAC2833204717,,1200.0,448096.23
14 Apr 2023,14 Apr 2023,BY TRANSFER-INB IMPS247908375621/0549271317/XX4884/Remitly Tr-,MAC6799677546,,4800.0,452896.23
15 Apr 2023,15 Apr 2023,TO TRANSFER-UPI/355426442686/farhankhan821@okaxis,355426442686,120.0,,452776.23
15 Apr 2023,15 Apr 2023,TO CLEARING-CIT DMART 678267,827766537351,999.0,,451777.23
15 Apr 2023,15 Apr 2023,ATM WDL/6065/JAYANAGAR,221673310769,1680.0,,450097.23
15 Apr 2023,15 Apr 2023,POS/0424/MEDPLUS/INDIRANAGAR,892220366969,449.0,,449648.23
16 Apr 2023,16 Apr 2023,BY TRANSFER-INB IMPS770524587191/4967677334/XX5049/Remitly Tr-,MAC6463091506,,24000.0,473648.23
16 Apr 2023,16 Apr 2023,TO CLEARING-CIT JIO 366987,195087341197,850.0,,472798.23
17 Apr 2023,17 Apr 2023,POS/8808/IRCTC/MUMBAI,118603905593,310.0,,472488.23
17 Apr 2023,17 Apr 2023,POS/4798/HPCL/HYDERABAD,972938684102,1680.0,,470808.23
19 Apr 2023,19 Apr 2023,BY TRANSFER-INB IMPS680352166301/5539927986/XX5297/Remitly Tr-,MAC7473500865,,850.0,471658.23
20 Apr 2023,20 Apr 2023,TO CLEARING-CIT HPCL 144716,279661210280,249.0,,471409.23
21 Apr 2023,21 Apr 2023,POS/0070/ZOMATO/KUKATPALLY,619125047752,120.0,,471289.23
21 Apr 2023,21 Apr 2023,BY TRANSFER-INB IMPS107055688569/6582373849/XX3581/Remitly Tr-,MAC9512430217,,24000.0,495289.23
24 Apr 2023,24 Apr 2023,BY TRANSFER-INB IMPS528575577919/3566302388/XX0979/Remitly Tr-,MAC5564314559,,18500.0,513789.23
24 Apr 2023,24 Apr 2023,NEFT-997206922812-SOUTHERN RETAILS-REIMB-051322-HDFC0857843,620350718362,,18500.0,532289.23
25 Apr 2023,25 Apr 2023,ATM WDL/5543/KORAMANGALA,370269596923,449.0,,531840.23
25 Apr 2023,25 Apr 2023,ATM WDL/8251/KUKATPALLY,097889592367,1250.0,,530590.23
28 Apr 2023,28 Apr 2023,BY TRANSFER-INB IMPS371099638048/1351472096/XX0299/Remitly Tr-,MAC5913483662,,4800.0,535390.23
29 Apr 2023,29 Apr 2023,BY TRANSFER-INB IMPS801628243497/6217867359/XX4578/Remitly Tr-,MAC8531703986,,18500.0,553890.23
1 May 2023,1 May 2023,BY TRANSFER-INB IMPS254054646852/2487283466/XX4700/Remitly Tr-,MAC4889871707,,24000.0,577890.23
1 May 2023,1 May 2023,POS/6195/ZOMATO/WHITEFIELD,435702690627,79.0,,577811.23
2 May 2023,2 May 2023,BY TRANSFER-8294252751475 SALARY RAJENDRA PRA,353766851302,,78500.0,656311.23
2 May 2023,2 May 2023,ATM WDL/0099/MYSURU,444467600839,850.0,,655461.23
4 May 2023,4 May 2023,NEFT DR-HDFC0399364-HARISH MENON-190043187559-RENT,595652940516,18000.0,,637461.23
5 May 2023,5 May 2023,ATM WDL/5752/MARATHAHALLI,127015778056,79.0,,637382.23
5 May 2023,5 May 2023,POS/4028/APOLLO PHARMACY/KORAMANGALA,566107267848,1250.0,,636132.23
6 May 2023,6 May 2023,TO TRANSFER-UPI/237563678555/priyanair559@ybl,237563678555,1680.0,,634452.23
10 May 2023,10 May 2023,TO CLEARING-CIT AMAZON 676906,414842380195,5200.0,,629252.23
11 May 2023,11 May 2023,TO TRANSFER-UPI/175088008127/rohitsharm832@oksbi,175088008127,1250.0,,628002.23
15 May 2023,15 May 2023,POS/6274/RELIANCE FRESH/MARATHAHALLI,851604957054,3499.0,,624503.23
15 May 2023,15 May 2023,POS/8262/AMAZON/MYSURU,832014530985,5200.0,,619303.23
16 May 2023,16 May 2023,ATM WDL/4813/SECUNDERABAD,229400400090,999.0,,618304.23
16 May 2023,16 May 2023,BY TRANSFER-INB IMPS372952054833/1961470028/XX6496/Remitly Tr-,MAC1537036395,,4800.0,623104.23
16 May 2023,16 May 2023,TO TRANSFER-UPI/307290375293/rahulsingh665@okaxis,307290375293,449.0,,622655.23
17 May 2023,17 May 2023,BY TRANSFER-INB IMPS605466422844/8473105204/XX7953/Remitly Tr-,MAC3734781754,,7500.0,630155.23
18 May 2023,18 May 2023,TO TRANSFER-UPI/751124086641/vikramnair643@ybl,751124086641,1680.0,,628475.23
18 May 2023,18 May 2023,BY TRANSFER-INB IMPS733940251823/3480612360/XX8491/Remitly Tr-,MAC6044924086,,1200.0,629675.23
18 May 2023,18 May 2023,TO TRANSFER-UPI/740597052773/ayeshakhan423@paytm,740597052773,1250.0,,628425.23
19 May 2023,19 May 2023,TO CLEARING-CIT AMAZON 981281,521347764943,79.0,,628346.23
21 May 2023,21 May 2023,ATM WDL/8436/SECUNDERABAD,575081759601,5200.0,,623146.23
21 May 2023,21 May 2023,TO TRANSFER-UPI/679265699386/rohitsharm210@oksbi,679265699386,999.0,,622147.23
22 May 2023,22 May 2023,BY TRANSFER-INB IMPS311764933641/4274460030/XX7623/Remitly Tr-,MAC1674411233,,11200.0,633347.23
22 May 2023,22 May 2023,ATM WDL/9545/WHITEFIELD,487338500602,120.0,,633227.23
22 May 2023,22 May 2023,POS/6308/BPCL/MUMBAI,312497300326,5200.0,,628027.23
22 May 2023,22 May 2023,TO TRANSFER-UPI/504666096584/kiranreddy262@ybl,504666096584,850.0,,627177.23
22 May 2023,22 May 2023,TO CLEARING-CIT MEDPLUS 228093,826591483818,120.0,,627057.23
23 May 2023,23 May 2023,ATM WDL/2448/PUNE,683175938174,249.0,,626808.23
23 May 2023,23 May 2023,TO CLEARING-CIT JIO 693061,764606981675,2380.0,,624428.23
25 May 2023,25 May 2023,POS/2834/AIRTEL/HSR LAYOUT,248386883295,310.0,,624118.23
25 May 2023,25 May 2023,TO CLEARING-CIT PVR CINEMAS 625376,889721689196,49.0,,624069.23
27 May 2023,27 May 2023,TO CLEARING-CIT BOOKMYSHOW 476616,106774205999,449.0,,623620.23
28 May 2023,28 May 2023,POS/1658/BESCOM/KORAMANGALA,731853697595,310.0,,623310.23
29 May 2023,29 May 2023,POS/8094/APOLLO PHARMACY/MUMBAI,376834104063,1680.0,,621630.23
29 May 2023,29 May 2023,BY TRANSFER-INB IMPS867618853356/0296795810/XX7871/Remitly Tr-,MAC2120591323,,850.0,622480.23
29 May 2023,29 May 2023,NEFT-390936003832-SOUTHERN RETAILS-REIMB-051322-HDFC0727050,965141324834,,24000.0,646480.23
30 May 2023,30 May 2023,TO TRANSFER-UPI/644295401565/harishmeno165@oksbi,644295401565,49.0,,646431.23
1 Jun 2023,1 Jun 2023,BY TRANSFER-4081214490263 SALARY RAJENDRA PRA,497333849383,,78000.0,724431.23
2 Jun 2023,2 Jun 2023,BY TRANSFER-INB IMPS314602789951/4055390458/XX7174/Remitly Tr-,MAC8850161461,,1200.0,725631.23
2 Jun 2023,2 Jun 2023,TO CLEARING-CIT OLA 120530,738981497581,249.0,,725382.23
2 Jun 2023,2 Jun 2023,ATM WDL/2249/JAYANAGAR,420515483565,449.0,,724933.23
2 Jun 2023,2 Jun 2023,POS/8752/JIO/BANJARA HILLS,792381062623,7800.0,,717133.23
3 Jun 2023,3 Jun 2023,TO TRANSFER-UPI/304337772018/naveenkuma602@paytm,304337772018,1250.0,,715883.23
3 Jun 2023,3 Jun 2023,TO CLEARING-CIT DMART 044787,704735378170,3499.0,,712384.23
4 Jun 2023,4 Jun 2023,NEFT DR-HDFC0032380-ANJALI RAO-083860679802-RENT,583257498777,22000.0,,690384.23
4 Jun 2023,4 Jun 2023,TO TRANSFER-UPI/330660476506/kavyareddy794@okhdfcbank,330660476506,120.0,,690264.23
6 Jun 2023,6 Jun 2023,POS/7933/BESCOM/BTM LAYOUT,657690290038,79.0,,690185.23
6 Jun 2023,6 Jun 2023,TO TRANSFER-UPI/570964501217/santoshiye990@okaxis,570964501217,3499.0,,686686.23
7 Jun 2023,7 Jun 2023,ATM WDL/4185/INDIRANAGAR,074870222214,310.0,,686376.23
7 Jun 2023,7 Jun 2023,TO CLEARING-CIT ZOMATO 084473,874811992839,5200.0,,681176.23
9 Jun 2023,9 Jun 2023,TO TRANSFER-UPI/470923645946/santoshiye396@paytm,470923645946,310.0,,680866.23
10 Jun 2023,10 Jun 2023,TO CLEARING-CIT IOCL 187466,398545285839,7800.0,,673066.23
10 Jun 2023,10 Jun 2023,TO CLEARING-CIT HPCL 638633,618435134475,2380.0,,670686.23
10 Jun 2023,10 Jun 2023,TO CLEARING-CIT SWIGGY 359684,894889634995,5200.0,,665486.23
10 Jun 2023,10 Jun 2023,ATM WDL/8995/KORAMANGALA,551659870052,310.0,,665176.23
11 Jun 2023,11 Jun 2023,TO TRANSFER-UPI/321375998620/kavyareddy632@oksbi,321375998620,2380.0,,662796.23
12 Jun 2023,12 Jun 2023,TO CLEARING-CIT APOLLO PHARMACY 773139,730135881459,2380.0,,660416.23
12 Jun 2023,12 Jun 2023,TO CLEARING-CIT APOLLO PHARMACY 606722,044148060634,1250.0,,659166.23
13 Jun 2023,13 Jun 2023,BY TRANSFER-INB IMPS576261673951/7857968003/XX5231/Remitly Tr-,MAC1490367346,,500.0,659666.23
15 Jun 2023,15 Jun 2023,TO TRANSFER-UPI/127484908000/vinaypatil582@okhdfcbank,127484908000,2380.0,,657286.23
15 Jun 2023,15 Jun 2023,POS/9712/MEDPLUS/BTM LAYOUT,316153817446,5200.0,,652086.23
16 Jun 2023,16 Jun 2023,TO CLEARING-CIT SWIGGY 722560,578018104028,7800.0,,644286.23
18 Jun 2023,18 Jun 2023,TO TRANSFER-UPI/983650511883/sunilshett447@oksbi,983650511883,1250.0,,643036.23
18 Jun 2023,18 Jun 2023,BY TRANSFER-INB IMPS523638831385/6437727102/XX1655/Remitly Tr-,MAC7958354143,,850.0,643886.23
20 Jun 2023,20 Jun 2023,BY TRANSFER-INB IMPS551566361420/4182133000/XX8805/Remitly Tr-,MAC3015689443,,1200.0,645086.23
21 Jun 2023,21 Jun 2023,ATM WDL/4327/BANJARA HILLS,391931939507,310.0,,644776.23
22 Jun 2023,22 Jun 2023,TO CLEARING-CIT ZOMATO 306179,283415054459,999.0,,643777.23
25 Jun 2023,25 Jun 2023,CREDIT INTEREST CAPITALISED,760577540273,,71.09,643848.32
25 Jun 2023,25 Jun 2023,GST ON BANK CHARGES,812462328107,17.7,,643830.62
25 Jun 2023,25 Jun 2023,TO CLEARING-CIT IOCL 133264,657988575775,850.0,,642980.62
26 Jun 2023,26 Jun 2023,ATM WDL/7764/SECUNDERABAD,635438268090,2380.0,,640600.62
28 Jun 2023,28 Jun 2023,TO TRANSFER-UPI/407242563377/kavyareddy155@oksbi,407242563377,310.0,,640290.62
28 Jun 2023,28 Jun 2023,ATM WDL/3304/INDIRANAGAR,638308039795,850.0,,639440.62
1 Jul 2023,1 Jul 2023,BY TRANSFER-8943084168259 SALARY RAJENDRA PRA,916081101586,,78500.0,717940.62
1 Jul 2023,1 Jul 2023,TO CLEARING-CIT BPCL 340420,143259499785,249.0,,717691.62
2 Jul 2023,2 Jul 2023,TO TRANSFER-UPI/637242962837/naveenkuma275@ybl,637242962837,49.0,,717642.62
3 Jul 2023,3 Jul 2023,BY TRANSFER-INB IMPS465322580142/4272884667/XX2291/Remitly Tr-,MAC2268448417,,500.0,718142.62
3 Jul 2023,3 Jul 2023,ATM WDL/7897/HYDERABAD,290503263749,999.0,,717143.62
4 Jul 2023,4 Jul 2023,NEFT DR-HDFC0600365-SUNIL SHETTY-505943529921-RENT,333364378113,22000.0,,695143.62
5 Jul 2023,5 Jul 2023,ATM WDL/5051/HSR LAYOUT,746042548086,2380.0,,692763.62
5 Jul 2023,5 Jul 2023,BY TRANSFER-INB IMPS313996136709/5851596636/XX4404/Remitly Tr-,MAC0015257169,,7500.0,700263.62
6 Jul 2023,6 Jul 2023,POS/4295/AIRTEL/MANGALURU,172115199007,310.0,,699953.62
8 Jul 2023,8 Jul 2023,TO CLEARING-CIT IOCL 930864,013398866993,5200.0,,694753.62
8 Jul 2023,8 Jul 2023,ATM WDL/9148/HSR LAYOUT,746760470210,1680.0,,693073.62
8 Jul 2023,8 Jul 2023,NEFT-471617293701-SOUTHERN RETAILS-REIMB-051322-HDFC0897410,590421250976,,18500.0,711573.62
9 Jul 2023,9 Jul 2023,BY TRANSFER-INB IMPS944033499656/7287118528/XX6574/Remitly Tr-,MAC7804445695,,18500.0,730073.62
9 Jul 2023,9 Jul 2023,ATM WDL/6794/INDIRANAGAR,652365522740,1250.0,,728823.62
9 Jul 2023,9 Jul 2023,TO CLEARING-CIT RELIANCE FRESH 623033,000625748732,79.0,,728744.62
11 Jul 2023,11 Jul 2023,POS/9047/IOCL/BTM LAYOUT,202373302004,1680.0,,727064.62
12 Jul 2023,12 Jul 2023,ATM WDL/6935/MARATHAHALLI,410627630869,3499.0,,723565.62
13 Jul 2023,13 Jul 2023,TO TRANSFER-UPI/718227513079/meerapilla185@okhdfcbank,718227513079,7800.0,,715765.62
14 Jul 2023,14 Jul 2023,TO TRANSFER-UPI/199933063817/rohitsharm374@okhdfcbank,199933063817,3499.0,,712266.62
14 Jul 2023,14 Jul 2023,BY TRANSFER-INB IMPS536676186953/1109096629/XX3426/Remitly Tr-,MAC0584759217,,11200.0,723466.62
16 Jul 2023,16 Jul 2023,BY TRANSFER-INB IMPS183495711337/1967034363/XX7205/Remitly Tr-,MAC2644757151,,7500.0,730966.62
16 Jul 2023,16 Jul 2023,TO CLEARING-CIT APOLLO PHARMACY 821067,267040080151,310.0,,730656.62
17 Jul 2023,17 Jul 2023,TO CLEARING-CIT HPCL 413943,761450193687,3499.0,,727157.62
18 Jul 2023,18 Jul 2023,POS/0480/PVR CINEMAS/MARATHAHALLI,417922733735,120.0,,727037.62
19 Jul 2023,19 Jul 2023,ATM WDL/2815/MANGALURU,367249894607,850.0,,726187.62
19 Jul 2023,19 Jul 2023,POS/5491/ZOMATO/MANGALURU,706919472360,449.0,,725738.62
20 Jul 2023,20 Jul 2023,ATM WDL/6503/PUNE,455083000665,2380.0,,723358.62
20 Jul 2023,20 Jul 2023,TO TRANSFER-UPI/244946853698/smitharao570@okaxis,244946853698,79.0,,723279.62
21 Jul 2023,21 Jul 2023,ATM WDL/0198/PUNE,850792008350,1250.0,,722029.62
21 Jul 2023,21 Jul 2023,POS/6594/IRCTC/INDIRANAGAR,688673552725,120.0,,721909.62
23 Jul 2023,23 Jul 2023,POS/5002/SWIGGY/PUNE,311216736326,1680.0,,720229.62
25 Jul 2023,25 Jul 2023,ATM WDL/3863/HYDERABAD,961573134533,999.0,,719230.62
26 Jul 2023,26 Jul 2023,TO TRANSFER-UPI/972223503900/tarageorge60@paytm,972223503900,699.0,,718531.62
27 Jul 2023,27 Jul 2023,ATM WDL/4131/KORAMANGALA,870608718394,3499.0,,715032.62
27 Jul 2023,27 Jul 2023,TO CLEARING-CIT RELIANCE FRESH 057956,866197937258,999.0,,714033.62
27 Jul 2023,27 Jul 2023,POS/8374/FLIPKART/INDIRANAGAR,199641210108,699.0,,713334.62
28 Jul 2023,28 Jul 2023,TO TRANSFER-UPI/911040698862/tarageorge639@oksbi,911040698862,2380.0,,710954.62
30 Jul 2023,30 Jul 2023,TO CLEARING-CIT BESCOM 471674,087953235908,1250.0,,709704.62
1 Aug 2023,1 Aug 2023,BY TRANSFER-0462373408455 SALARY RAJENDRA PRA,208939346524,,78000.0,787704.62
1 Aug 2023,1 Aug 2023,ATM WDL/5911/BTM LAYOUT,729464957288,120.0,,787584.62
2 Aug 2023,2 Aug 2023,TO TRANSFER-UPI/675424098916/anjalirao190@oksbi,675424098916,1250.0,,786334.62
3 Aug 2023,3 Aug 2023,NEFT DR-HDFC0166396-RAJESH VERMA-829800806084-RENT,641286431008,22000.0,,764334.62
5 Aug 2023,5 Aug 2023,TO CLEARING-CIT APOLLO PHARMACY 483834,890813983868,449.0,,763885.62
6 Aug 2023,6 Aug 2023,POS/0860/OLA/KUKATPALLY,712179850350,79.0,,763806.62
6 Aug 2023,6 Aug 2023,ATM WDL/7801/HYDERABAD,706120344908,120.0,,763686.62
7 Aug 2023,7 Aug 2023,POS/6506/ZOMATO/KUKATPALLY,669634750490,5200.0,,758486.62
11 Aug 2023,11 Aug 2023,POS/4764/BOOKMYSHOW/PUNE,321890583533,850.0,,757636.62
12 Aug 2023,12 Aug 2023,TO CLEARING-CIT AIRTEL 135698,586056842100,1680.0,,755956.62
13 Aug 2023,13 Aug 2023,POS/3555/BOOKMYSHOW/MANGALURU,427461940282,3499.0,,752457.62
13 Aug 2023,13 Aug 2023,TO TRANSFER-UPI/441225130347/lathadevi445@ybl,441225130347,1250.0,,751207.62
16 Aug 2023,16 Aug 2023,BY TRANSFER-INB IMPS455128391122/9261694574/XX4587/Remitly Tr-,MAC3153454564,,4800.0,756007.62
17 Aug 2023,17 Aug 2023,POS/9082/BOOKMYSHOW/MANGALURU,171626182893,999.0,,755008.62
17 Aug 2023,17 Aug 2023,BY TRANSFER-INB IMPS685633312808/4477418145/XX7524/Remitly Tr-,MAC6025834748,,1200.0,756208.62
18 Aug 2023,18 Aug 2023,TO TRANSFER-UPI/358654441263/mohandas373@okaxis,358654441263,310.0,,755898.62
18 Aug 2023,18 Aug 2023,TO CLEARING-CIT APOLLO PHARMACY 845310,174534788472,249.0,,755649.62
18 Aug 2023,18 Aug 2023,POS/1717/UBER/SECUNDERABAD,423800247640,5200.0,,750449.62
19 Aug 2023,19 Aug 2023,BY TRANSFER-INB IMPS169804470627/8327001006/XX9924/Remitly Tr-,MAC9901975701,,18500.0,768949.62
20 Aug 2023,20 Aug 2023,BY TRANSFER-INB IMPS004035334200/8575640122/XX3249/Remitly Tr-,MAC4580896163,,850.0,769799.62
20 Aug 2023,20 Aug 2023,TO TRANSFER-UPI/754467013743/naveenkuma731@oksbi,754467013743,310.0,,769489.62
20 Aug 2023,20 Aug 2023,TO CLEARING-CIT HPCL 825528,363298753101,1250.0,,768239.62
21 Aug 2023,21 Aug 2023,ATM WDL/7899/KUKATPALLY,563944124345,5200.0,,763039.62
22 Aug 2023,22 Aug 2023,TO CLEARING-CIT FLIPKART 299350,748645559355,699.0,,762340.62
22 Aug 2023,22 Aug 2023,TO CLEARING-CIT UBER 051314,712934511361,79.0,,762261.62
23 Aug 2023,23 Aug 2023,TO TRANSFER-UPI/684328039324/kiranreddy27@oksbi,684328039324,5200.0,,757061.62
27 Aug 2023,27 Aug 2023,BY TRANSFER-INB IMPS704910746246/9683588395/XX7911/Remitly Tr-,MAC9319468819,,4800.0,761861.62
31 Aug 2023,31 Aug 2023,TO TRANSFER-UPI/341781648220/naveenkuma65@ybl,341781648220,79.0,,761782.62
1 Sep 2023,1 Sep 2023,POS/3250/BESCOM/JAYANAGAR,690354443053,850.0,,760932.62
3 Sep 2023,3 Sep 2023,POS/3507/SWIGGY/HYDERABAD,683705914339,449.0,,760483.62
3 Sep 2023,3 Sep 2023,BY TRANSFER-4978762384828 SALARY RAJENDRA PRA,119451968118,,78000.0,838483.62
3 Sep 2023,3 Sep 2023,ATM WDL/8694/BANJARA HILLS,634976957786,850.0,,837633.62
4 Sep 2023,4 Sep 2023,BY TRANSFER-INB IMPS521833305666/0857497352/XX3471/Remitly Tr-,MAC7233611357,,2500.0,840133.62
4 Sep 2023,4 Sep 2023,NEFT-002965291246-SOUTHERN RETAILS-REIMB-051322-HDFC0232922,772748397129,,12000.0,852133.62
5 Sep 2023,5 Sep 2023,TO TRANSFER-UPI/605635683849/rajeshverm859@ybl,605635683849,1680.0,,850453.62
6 Sep 2023,6 Sep 2023,NEFT DR-HDFC0868893-SANTOSH IYER-245525032653-RENT,746232815865,26500.0,,823953.62
6 Sep 2023,6 Sep 2023,POS/1243/IOCL/MUMBAI,516723483481,120.0,,823833.62
6 Sep 2023,6 Sep 2023,POS/7404/ZOMATO/MARATHAHALLI,019809086355,1250.0,,822583.62
7 Sep 2023,7 Sep 2023,TO CLEARING-CIT APOLLO PHARMACY 224836,452106086348,120.0,,822463.62
8 Sep 2023,8 Sep 2023,TO CLEARING-CIT MEDPLUS 474839,203931669382,79.0,,822384.62
10 Sep 2023,10 Sep 2023,TO CLEARING-CIT AMAZON 424904,553017287954,3499.0,,818885.62
10 Sep 2023,10 Sep 2023,POS/7289/MEDPLUS/WHITEFIELD,105269016488,850.0,,818035.62
12 Sep 2023,12 Sep 2023,BY TRANSFER-INB IMPS906402741571/3758076876/XX7617/Remitly Tr-,MAC1463208740,,2500.0,820535.62
13 Sep 2023,13 Sep 2023,POS/2456/BESCOM/MYSURU,269750282367,249.0,,820286.62
14 Sep 2023,14 Sep 2023,POS/3557/APOLLO PHARMACY/MANGALURU,415539919351,449.0,,819837.62
15 Sep 2023,15 Sep 2023,TO CLEARING-CIT IOCL 166299,637853273654,79.0,,819758.62
17 Sep 2023,17 Sep 2023,POS/2247/ZOMATO/INDIRANAGAR,703559242469,1250.0,,818508.62
17 Sep 2023,17 Sep 2023,BY TRANSFER-INB IMPS810309766709/8047555167/XX6985/Remitly Tr-,MAC3026777459,,850.0,819358.62
17 Sep 2023,17 Sep 2023,ATM WDL/7085/INDIRANAGAR,194028621125,310.0,,819048.62
17 Sep 2023,17 Sep 2023,TO TRANSFER-UPI/563348298655/kavyareddy726@okaxis,563348298655,249.0,,818799.62
18 Sep 2023,18 Sep 2023,ATM WDL/9239/BTM LAYOUT,215340741339,999.0,,817800.62
19 Sep 2023,19 Sep 2023,BY TRANSFER-INB IMPS277589203618/5626880251/XX7625/Remitly Tr-,MAC0928505634,,7500.0,825300.62
20 Sep 2023,20 Sep 2023,BY TRANSFER-INB IMPS739014624685/7192217236/XX6687/Remitly Tr-,MAC8543110130,,500.0,825800.62
22 Sep 2023,22 Sep 2023,TO TRANSFER-UPI/752909302573/mohandas153@okhdfcbank,752909302573,79.0,,825721.62
25 Sep 2023,25 Sep 2023,CREDIT INTEREST CAPITALISED,144931829031,,45.87,825767.49
25 Sep 2023,25 Sep 2023,GST ON BANK CHARGES,312547959339,17.7,,825749.79
25 Sep 2023,25 Sep 2023,ATM WDL/1808/HSR LAYOUT,270953213365,79.0,,825670.79
25 Sep 2023,25 Sep 2023,ATM WDL/7043/JAYANAGAR,200262515787,449.0,,825221.79
25 Sep 2023,25 Sep 2023,TO CLEARING-CIT BESCOM 437183,792589844726,699.0,,824522.79
26 Sep 2023,26 Sep 2023,BY TRANSFER-INB IMPS155531196638/0931814943/XX4074/Remitly Tr-,MAC5500544947,,2500.0,827022.79
1 Oct 2023,1 Oct 2023,BY TRANSFER-0412663886948 SALARY RAJENDRA PRA,163099953499,,77250.0,904272.79
1 Oct 2023,1 Oct 2023,TO TRANSFER-UPI/780577408974/reshmakhan415@ybl,780577408974,1680.0,,902592.79
1 Oct 2023,1 Oct 2023,POS/5964/OLA/HYDERABAD,328124908330,1250.0,,901342.79
2 Oct 2023,2 Oct 2023,ATM WDL/5343/BTM LAYOUT,962616546762,120.0,,901222.79
3 Oct 2023,3 Oct 2023,TO CLEARING-CIT BESCOM 139157,875900174805,3499.0,,897723.79
3 Oct 2023,3 Oct 2023,ATM WDL/3629/KUKATPALLY,999036318055,49.0,,897674.79
3 Oct 2023,3 Oct 2023,ATM WDL/5489/KUKATPALLY,796455077346,850.0,,896824.79
3 Oct 2023,3 Oct 2023,BY TRANSFER-INB IMPS928687612236/8191665016/XX9022/Remitly Tr-,MAC4839061449,,500.0,897324.79
4 Oct 2023,4 Oct 2023,NEFT DR-HDFC0416071-LATHA DEVI-654788018579-RENT,282479819968,31000.0,,866324.79
4 Oct 2023,4 Oct 2023,TO CLEARING-CIT MEDPLUS 075171,494847288306,850.0,,865474.79
5 Oct 2023,5 Oct 2023,TO TRANSFER-UPI/077432578513/kiranreddy157@okhdfcbank,077432578513,449.0,,865025.79
5 Oct 2023,5 Oct 2023,TO CLEARING-CIT SWIGGY 798092,222146931710,249.0,,864776.79
7 Oct 2023,7 Oct 2023,POS/4322/OLA/SECUNDERABAD,276843617725,2380.0,,862396.79
7 Oct 2023,7 Oct 2023,NEFT-480192592959-SOUTHERN RETAILS-REIMB-051322-HDFC0180081,409116375235,,12000.0,874396.79
7 Oct 2023,7 Oct 2023,TO TRANSFER-UPI/719732061890/poojasharm169@paytm,719732061890,5200.0,,869196.79
7 Oct 2023,7 Oct 2023,POS/7740/IOCL/HYDERABAD,599233082689,1680.0,,867516.79
8 Oct 2023,8 Oct 2023,TO CLEARING-CIT MEDPLUS 322287,086769177962,249.0,,867267.79
9 Oct 2023,9 Oct 2023,TO CLEARING-CIT FLIPKART 866294,046777781353,49.0,,867218.79
10 Oct 2023,10 Oct 2023,BY TRANSFER-INB IMPS524955289568/1483019291/XX7543/Remitly Tr-,MAC5027257208,,4800.0,872018.79
10 Oct 2023,10 Oct 2023,POS/3193/JIO/JAYANAGAR,990201608934,1680.0,,870338.79
11 Oct 2023,11 Oct 2023,TO CLEARING-CIT OLA 156446,267440522984,3499.0,,866839.79
12 Oct 2023,12 Oct 2023,TO TRANSFER-UPI/923760789091/divyamenon538@okaxis,923760789091,3499.0,,863340.79
12 Oct 2023,12 Oct 2023,TO CLEARING-CIT BOOKMYSHOW 818677,236369924447,3499.0,,859841.79
12 Oct 2023,12 Oct 2023,TO TRANSFER-UPI/314782835666/smitharao707@okhdfcbank,314782835666,999.0,,858842.79
13 Oct 2023,13 Oct 2023,TO CLEARING-CIT PVR CINEMAS 822425,039447372975,999.0,,857843.79
14 Oct 2023,14 Oct 2023,ATM WDL/5728/PUNE,989582010521,3499.0,,854344.79
15 Oct 2023,15 Oct 2023,TO CLEARING-CIT IRCTC 245517,827810259940,249.0,,854095.79
15 Oct 2023,15 Oct 2023,TO CLEARING-CIT BESCOM 197802,062371415597,850.0,,853245.79
16 Oct 2023,16 Oct 2023,TO CLEARING-CIT MEDPLUS 324639,157303918581,310.0,,852935.79
16 Oct 2023,16 Oct 2023,TO CLEARING-CIT JIO 915673,840024942723,699.0,,852236.79
17 Oct 2023,17 Oct 2023,POS/1002/BESCOM/INDIRANAGAR,893557295760,449.0,,851787.79
17 Oct 2023,17 Oct 2023,TO CLEARING-CIT PVR CINEMAS 316049,021176214306,249.0,,851538.79
18 Oct 2023,18 Oct 2023,POS/1107/DMART/KORAMANGALA,280197896794,699.0,,850839.79
18 Oct 2023,18 Oct 2023,BY TRANSFER-INB IMPS256933256720/9084755255/XX5610/Remitly Tr-,MAC2303495749,,11200.0,862039.79
19 Oct 2023,19 Oct 2023,TO CLEARING-CIT RELIANCE FRESH 132384,874542664770,310.0,,861729.79
20 Oct 2023,20 Oct 2023,POS/7838/DMART/KUKATPALLY,679329600286,3499.0,,858230.79
20 Oct 2023,20 Oct 2023,TO TRANSFER-UPI/377895539648/reshmakhan321@okhdfcbank,377895539648,999.0,,857231.79
20 Oct 2023,20 Oct 2023,TO TRANSFER-UPI/276440013701/kavyareddy301@okaxis,276440013701,449.0,,856782.79
21 Oct 2023,21 Oct 2023,ATM WDL/1038/SECUNDERABAD,911583852426,5200.0,,851582.79
22 Oct 2023,22 Oct 2023,TO TRANSFER-UPI/509940656082/ayeshakhan446@okhdfcbank,509940656082,999.0,,850583.79
23 Oct 2023,23 Oct 2023,TO CLEARING-CIT BOOKMYSHOW 810643,920989859432,5200.0,,845383.79
25 Oct 2023,25 Oct 2023,BY TRANSFER-INB IMPS046876119140/9105280590/XX9466/Remitly Tr-,MAC1813562878,,24000.0,869383.79
28 Oct 2023,28 Oct 2023,POS/0168/BOOKMYSHOW/MYSURU,491254679592,999.0,,868384.79
28 Oct 2023,28 Oct 2023,ATM WDL/6994/JAYANAGAR,179270237191,310.0,,868074.79
29 Oct 2023,29 Oct 2023,BY TRANSFER-INB IMPS915111609495/0137101330/XX7580/Remitly Tr-,MAC9850656297,,500.0,868574.79
30 Oct 2023,30 Oct 2023,BY TRANSFER-INB IMPS788108135695/4915051763/XX1637/Remitly Tr-,MAC8598855553,,2500.0,871074.79
30 Oct 2023,30 Oct 2023,BY TRANSFER-INB IMPS757126963363/7525198030/XX2454/Remitly Tr-,MAC1777547639,,500.0,871574.79
31 Oct 2023,31 Oct 2023,TO CLEARING-CIT AIRTEL 575946,634290321292,1680.0,,869894.79
1 Nov 2023,1 Nov 2023,BY TRANSFER-6509481320642 SALARY RAJENDRA PRA,348044905708,,77250.0,947144.79
1 Nov 2023,1 Nov 2023,POS/6856/AMAZON/BTM LAYOUT,706418199194,449.0,,946695.79
2 Nov 2023,2 Nov 2023,POS/3984/APOLLO PHARMACY/BANJARA HILLS,928284105349,449.0,,946246.79
3 Nov 2023,3 Nov 2023,TO CLEARING-CIT PVR CINEMAS 881309,275187814250,7800.0,,938446.79
3 Nov 2023,3 Nov 2023,NEFT-310553128882-SOUTHERN RETAILS-REIMB-051322-HDFC0655385,035493509788,,24000.0,962446.79
3 Nov 2023,3 Nov 2023,TO CLEARING-CIT BPCL 050489,447884900811,79.0,,962367.79
4 Nov 2023,4 Nov 2023,NEFT DR-HDFC0955090-AYESHA KHAN-784655718624-RENT,334146188628,26500.0,,935867.79
6 Nov 2023,6 Nov 2023,ATM WDL/1097/WHITEFIELD,996468931927,5200.0,,930667.79
6 Nov 2023,6 Nov 2023,BY TRANSFER-INB IMPS042692042084/3745382957/XX6316/Remitly Tr-,MAC2821827563,,4800.0,935467.79
7 Nov 2023,7 Nov 2023,BY TRANSFER-INB IMPS619533991752/9333714263/XX6165/Remitly Tr-,MAC1494463768,,24000.0,959467.79
8 Nov 2023,8 Nov 2023,TO TRANSFER-UPI/653932308914/mohandas849@oksbi,653932308914,120.0,,959347.79
9 Nov 2023,9 Nov 2023,TO TRANSFER-UPI/249633549416/naveenkuma131@oksbi,249633549416,1680.0,,957667.79
10 Nov 2023,10 Nov 2023,TO CLEARING-CIT MEDPLUS 162711,888985115172,3499.0,,954168.79
10 Nov 2023,10 Nov 2023,ATM WDL/1178/MANGALURU,569692021430,49.0,,954119.79
12 Nov 2023,12 Nov 2023,POS/8128/AMAZON/PUNE,063349283199,2380.0,,951739.79
12 Nov 2023,12 Nov 2023,POS/3281/SWIGGY/KORAMANGALA,730304412610,310.0,,951429.79
12 Nov 2023,12 Nov 2023,POS/3455/PVR CINEMAS/SECUNDERABAD,767839994801,7800.0,,943629.79
13 Nov 2023,13 Nov 2023,TO CLEARING-CIT ZOMATO 581254,959379592736,79.0,,943550.79
13 Nov 2023,13 Nov 2023,ATM WDL/0151/PUNE,384987377971,79.0,,943471.79
13 Nov 2023,13 Nov 2023,ATM WDL/2117/KORAMANGALA,862080810588,7800.0,,935671.79
14 Nov 2023,14 Nov 2023,TO TRANSFER-UPI/178975226887/kiranreddy744@okaxis,178975226887,1680.0,,933991.79
14 Nov 2023,14 Nov 2023,TO TRANSFER-UPI/102429221062/vikramnair597@oksbi,102429221062,120.0,,933871.79
14 Nov 2023,14 Nov 2023,TO CLEARING-CIT UBER 212656,357289019214,79.0,,933792.79
15 Nov 2023,15 Nov 2023,POS/3162/AMAZON/MANGALURU,659590016169,850.0,,932942.79
15 Nov 2023,15 Nov 2023,BY TRANSFER-INB IMPS418097424816/8367935078/XX8734/Remitly Tr-,MAC3436020307,,1200.0,934142.79
15 Nov 2023,15 Nov 2023,TO CLEARING-CIT SWIGGY 328770,730261415438,850.0,,933292.79
17 Nov 2023,17 Nov 2023,TO TRANSFER-UPI/326028473579/kiranreddy371@ybl,326028473579,999.0,,932293.79
18 Nov 2023,18 Nov 2023,ATM WDL/3607/JAYANAGAR,839666115677,850.0,,931443.79
18 Nov 2023,18 Nov 2023,POS/9741/PVR CINEMAS/BANJARA HILLS,429074899312,1680.0,,929763.79
18 Nov 2023,18 Nov 2023,ATM WDL/1624/KUKATPALLY,856831916977,5200.0,,924563.79
20 Nov 2023,20 Nov 2023,TO TRANSFER-UPI/786446987404/gopalnaik148@okaxis,786446987404,1250.0,,923313.79
21 Nov 2023,21 Nov 2023,TO CLEARING-CIT BOOKMYSHOW 968268,921830388687,699.0,,922614.79
21 Nov 2023,21 Nov 2023,TO TRANSFER-UPI/663333905504/kavyareddy267@paytm,663333905504,120.0,,922494.79
22 Nov 2023,22 Nov 2023,ATM WDL/7833/PUNE,313816248342,249.0,,922245.79
22 Nov 2023,22 Nov 2023,TO CLEARING-CIT AIRTEL 222453,928136123076,79.0,,922166.79
24 Nov 2023,24 Nov 2023,BY TRANSFER-INB IMPS525816871907/4779881726/XX9282/Remitly Tr-,MAC5908812453,,24000.0,946166.79
25 Nov 2023,25 Nov 2023,TO CLEARING-CIT IOCL 701071,665076561077,5200.0,,940966.79
25 Nov 2023,25 Nov 2023,BY TRANSFER-INB IMPS389247574435/7775617691/XX5157/Remitly Tr-,MAC5750143212,,850.0,941816.79
25 Nov 2023,25 Nov 2023,ATM WDL/7629/JAYANAGAR,767222026224,850.0,,940966.79
25 Nov 2023,25 Nov 2023,ATM WDL/6036/MUMBAI,666087600097,49.0,,940917.79
26 Nov 2023,26 Nov 2023,BY TRANSFER-INB IMPS225971767130/2544015064/XX4750/Remitly Tr-,MAC2045306499,,11200.0,952117.79
27 Nov 2023,27 Nov 2023,ATM WDL/0742/HYDERABAD,549549487603,1250.0,,950867.79
27 Nov 2023,27 Nov 2023,BY TRANSFER-INB IMPS751108890752/0921403978/XX4764/Remitly Tr-,MAC9299583710,,2500.0,953367.79
28 Nov 2023,28 Nov 2023,TO TRANSFER-UPI/185016341183/vikramnair321@okhdfcbank,185016341183,5200.0,,948167.79
29 Nov 2023,29 Nov 2023,BY TRANSFER-INB IMPS581296160686/9468272436/XX5714/Remitly Tr-,MAC7787482916,,7500.0,955667.79
1 Dec 2023,1 Dec 2023,BY TRANSFER-3661005967082 SALARY RAJENDRA PRA,858762596401,,78000.0,1033667.79
1 Dec 2023,1 Dec 2023,POS/7315/AMAZON/MANGALURU,510845675002,2380.0,,1031287.79
4 Dec 2023,4 Dec 2023,POS/2824/AMAZON/KORAMANGALA,482331782197,999.0,,1030288.79
4 Dec 2023,4 Dec 2023,TO TRANSFER-UPI/551494200633/rajeshverm60@ybl,551494200633,5200.0,,1025088.79
4 Dec 2023,4 Dec 2023,TO TRANSFER-UPI/489043967383/arjunmehta236@okaxis,489043967383,449.0,,1024639.79
5 Dec 2023,5 Dec 2023,NEFT DR-HDFC0916844-MEERA PILLAI-457901733477-RENT,220846949260,31000.0,,993639.79
5 Dec 2023,5 Dec 2023,TO TRANSFER-UPI/379618981768/vikramnair601@oksbi,379618981768,3499.0,,990140.79
5 Dec 2023,5 Dec 2023,TO CLEARING-CIT MEDPLUS 241875,664838983673,699.0,,989441.79
6 Dec 2023,6 Dec 2023,ATM WDL/8737/HSR LAYOUT,638561059064,249.0,,989192.79
8 Dec 2023,8 Dec 2023,TO CLEARING-CIT JIO 168612,065054663028,249.0,,988943.79
8 Dec 2023,8 Dec 2023,TO CLEARING-CIT IRCTC 039038,474078831545,5200.0,,983743.79
11 Dec 2023,11 Dec 2023,ATM WDL/5608/HYDERABAD,688179246862,699.0,,983044.79
13 Dec 2023,13 Dec 2023,TO CLEARING-CIT ZOMATO 595192,237286062201,7800.0,,975244.79
13 Dec 2023,13 Dec 2023,NEFT-774616710609-SOUTHERN RETAILS-REIMB-051322-HDFC0743487,204514980747,,12000.0,987244.79
14 Dec 2023,14 Dec 2023,ATM WDL/8981/KUKATPALLY,857178172376,1680.0,,985564.79
17 Dec 2023,17 Dec 2023,ATM WDL/0814/PUNE,272123937378,850.0,,984714.79
18 Dec 2023,18 Dec 2023,TO TRANSFER-UPI/102888973065/harishmeno853@ybl,102888973065,1680.0,,983034.79
20 Dec 2023,20 Dec 2023,POS/5060/AIRTEL/BTM LAYOUT,754155460179,5200.0,,977834.79
20 Dec 2023,20 Dec 2023,TO CLEARING-CIT BOOKMYSHOW 408700,580108048609,49.0,,977785.79
22 Dec 2023,22 Dec 2023,ATM WDL/3925/MYSURU,806022244675,2380.0,,975405.79
22 Dec 2023,22 Dec 2023,ATM WDL/5799/MUMBAI,576575838603,1250.0,,974155.79
22 Dec 2023,22 Dec 2023,BY TRANSFER-INB IMPS801863503778/8466370973/XX2455/Remitly Tr-,MAC9221789069,,24000.0,998155.79
22 Dec 2023,22 Dec 2023,TO TRANSFER-UPI/566552262848/gopalnaik270@paytm,566552262848,2380.0,,995775.79
23 Dec 2023,23 Dec 2023,TO TRANSFER-UPI/206367889531/sunilshett553@paytm,206367889531,850.0,,994925.79
24 Dec 2023,24 Dec 2023,POS/0773/DMART/INDIRANAGAR,332753153861,310.0,,994615.79
25 Dec 2023,25 Dec 2023,BY TRANSFER-INB IMPS584401771133/4378488257/XX9470/Remitly Tr-,MAC7332710819,,1200.0,995815.79
25 Dec 2023,25 Dec 2023,TO TRANSFER-UPI/385841203711/priyanair681@oksbi,385841203711,49.0,,995766.79
27 Dec 2023,27 Dec 2023,BY TRANSFER-INB IMPS195675001243/4479585693/XX0251/Remitly Tr-,MAC2425218137,,850.0,996616.79
27 Dec 2023,27 Dec 2023,ATM WDL/1641/WHITEFIELD,860252644766,79.0,,996537.79
28 Dec 2023,28 Dec 2023,TO CLEARING-CIT PVR CINEMAS 140270,066579612087,2380.0,,994157.79
28 Dec 2023,28 Dec 2023,TO TRANSFER-UPI/482426346178/kiranreddy699@ybl,482426346178,449.0,,993708.79
31 Dec 2023,31 Dec 2023,BY TRANSFER-INB IMPS600731149852/9317269133/XX4600/Remitly Tr-,MAC9904364350,,24000.0,1017708.79
31 Dec 2023,31 Dec 2023,ATM WDL/2325/MANGALURU,901247133873,5200.0,,1012508.79
2 Jan 2024,2 Jan 2024,BY TRANSFER-INB IMPS379942791213/8910378443/XX8377/Remitly Tr-,MAC3757437170,,2500.0,1015008.79
2 Jan 2024,2 Jan 2024,BY TRANSFER-8601951178787 SALARY RAJENDRA PRA,057568229402,,77250.0,1092258.79
2 Jan 2024,2 Jan 2024,TO TRANSFER-UPI/968056255779/priyanair124@okaxis,968056255779,310.0,,1091948.79
2 Jan 2024,2 Jan 2024,TO CLEARING-CIT AMAZON 675994,648032686841,3499.0,,1088449.79
5 Jan 2024,5 Jan 2024,TO TRANSFER-UPI/070375393634/arjunmehta722@ybl,070375393634,310.0,,1088139.79
5 Jan 2024,5 Jan 2024,NEFT DR-HDFC0608928-VIKRAM NAIR-485321057458-RENT,154592897217,26500.0,,1061639.79
5 Jan 2024,5 Jan 2024,TO TRANSFER-UPI/726055866502/rohitsharm688@ybl,726055866502,449.0,,1061190.79
7 Jan 2024,7 Jan 2024,TO TRANSFER-UPI/226607709228/sunilshett573@ybl,226607709228,3499.0,,1057691.79
10 Jan 2024,10 Jan 2024,ATM WDL/7552/KORAMANGALA,413115243463,850.0,,1056841.79
10 Jan 2024,10 Jan 2024,ATM WDL/6433/WHITEFIELD,055914581334,850.0,,1055991.79
10 Jan 2024,10 Jan 2024,BY TRANSFER-INB IMPS189856974136/2123723651/XX0479/Remitly Tr-,MAC5719244637,,500.0,1056491.79
11 Jan 2024,11 Jan 2024,ATM WDL/5977/SECUNDERABAD,813263027702,699.0,,1055792.79
13 Jan 2024,13 Jan 2024,POS/8754/APOLLO PHARMACY/MARATHAHALLI,891876034801,1680.0,,1054112.79
14 Jan 2024,14 Jan 2024,TO TRANSFER-UPI/037444217549/kiranreddy54@paytm,037444217549,699.0,,1053413.79
15 Jan 2024,15 Jan 2024,TO CLEARING-CIT APOLLO PHARMACY 258740,368657580516,449.0,,1052964.79
15 Jan 2024,15 Jan 2024,ATM WDL/7187/KUKATPALLY,063287416236,850.0,,1052114.79
15 Jan 2024,15 Jan 2024,POS/9613/ZOMATO/JAYANAGAR,711398165449,449.0,,1051665.79
17 Jan 2024,17 Jan 2024,TO TRANSFER-UPI/895589791122/kavyareddy151@okhdfcbank,895589791122,7800.0,,1043865.79
21 Jan 2024,21 Jan 2024,TO CLEARING-CIT HPCL 548431,961965632399,310.0,,1043555.79
22 Jan 2024,22 Jan 2024,TO CLEARING-CIT DMART 234842,018256532276,699.0,,1042856.79
22 Jan 2024,22 Jan 2024,BY TRANSFER-INB IMPS044154699729/3308830393/XX5304/Remitly Tr-,MAC5421016221,,1200.0,1044056.79
22 Jan 2024,22 Jan 2024,NEFT-227503474523-SOUTHERN RETAILS-REIMB-051322-HDFC0341049,623120889883,,12000.0,1056056.79
23 Jan 2024,23 Jan 2024,ATM WDL/1688/BTM LAYOUT,257060585264,449.0,,1055607.79
23 Jan 2024,23 Jan 2024,TO CLEARING-CIT DMART 894662,914471548808,5200.0,,1050407.79
23 Jan 2024,23 Jan 2024,ATM WDL/1496/HYDERABAD,750166133828,2380.0,,1048027.79
24 Jan 2024,24 Jan 2024,BY TRANSFER-INB IMPS799303381113/1352035047/XX2399/Remitly Tr-,MAC2484869507,,4800.0,1052827.79
26 Jan 2024,26 Jan 2024,BY TRANSFER-INB IMPS586456726865/9311651490/XX0702/Remitly Tr-,MAC7639268847,,1200.0,1054027.79
26 Jan 2024,26 Jan 2024,BY TRANSFER-INB IMPS760745563128/0816168995/XX9688/Remitly Tr-,MAC9711980426,,4800.0,1058827.79
27 Jan 2024,27 Jan 2024,ATM WDL/9071/INDIRANAGAR,656546409156,5200.0,,1053627.79
27 Jan 2024,27 Jan 2024,POS/7685/SWIGGY/MANGALURU,150487255794,79.0,,1053548.79
27 Jan 2024,27 Jan 2024,POS/6696/UBER/BTM LAYOUT,021080365951,120.0,,1053428.79
27 Jan 2024,27 Jan 2024,ATM WDL/9742/KUKATPALLY,950853474066,249.0,,1053179.79
28 Jan 2024,28 Jan 2024,POS/9914/DMART/BTM LAYOUT,006501798913,1680.0,,1051499.79
28 Jan 2024,28 Jan 2024,BY TRANSFER-INB IMPS483597054374/8287323687/XX6416/Remitly Tr-,MAC0194345815,,24000.0,1075499.79
2 Feb 2024,2 Feb 2024,TO TRANSFER-UPI/225218135431/farhankhan973@paytm,225218135431,449.0,,1075050.79
2 Feb 2024,2 Feb 2024,BY TRANSFER-7794332822040 SALARY RAJENDRA PRA,596669346713,,77250.0,1152300.79
3 Feb 2024,3 Feb 2024,BY TRANSFER-INB IMPS987216332403/8942578747/XX8032/Remitly Tr-,MAC3439032993,,18500.0,1170800.79
5 Feb 2024,5 Feb 2024,BY TRANSFER-INB IMPS884838568523/8780809371/XX8630/Remitly Tr-,MAC0375634397,,850.0,1171650.79
6 Feb 2024,6 Feb 2024,NEFT DR-HDFC0902627-HARISH MENON-111864606486-RENT,423176012968,22000.0,,1149650.79
6 Feb 2024,6 Feb 2024,TO CLEARING-CIT PVR CINEMAS 248217,913515389308,120.0,,1149530.79
7 Feb 2024,7 Feb 2024,BY TRANSFER-INB IMPS224542265425/0873402649/XX7085/Remitly Tr-,MAC4110676150,,1200.0,1150730.79
7 Feb 2024,7 Feb 2024,TO TRANSFER-UPI/065678595502/harishmeno83@okaxis,065678595502,310.0,,1150420.79
7 Feb 2024,7 Feb 2024,TO CLEARING-CIT PVR CINEMAS 372086,759625475386,5200.0,,1145220.79
8 Feb 2024,8 Feb 2024,TO CLEARING-CIT BPCL 590057,263207780920,699.0,,1144521.79
9 Feb 2024,9 Feb 2024,POS/7568/OLA/KORAMANGALA,976910736411,850.0,,1143671.79
9 Feb 2024,9 Feb 2024,TO CLEARING-CIT FLIPKART 873312,296208018395,449.0,,1143222.79
10 Feb 2024,10 Feb 2024,TO TRANSFER-UPI/864847494687/vikramnair107@okhdfcbank,864847494687,699.0,,1142523.79
10 Feb 2024,10 Feb 2024,POS/5457/APOLLO PHARMACY/INDIRANAGAR,884049848704,5200.0,,1137323.79
11 Feb 2024,11 Feb 2024,POS/9729/PVR CINEMAS/HSR LAYOUT,541191891340,1680.0,,1135643.79
11 Feb 2024,11 Feb 2024,TO TRANSFER-UPI/096084058634/kavyareddy624@okaxis,096084058634,999.0,,1134644.79
11 Feb 2024,11 Feb 2024,TO CLEARING-CIT PVR CINEMAS 790085,036371359462,120.0,,1134524.79
11 Feb 2024,11 Feb 2024,TO CLEARING-CIT APOLLO PHARMACY 279605,513395843805,3499.0,,1131025.79
14 Feb 2024,14 Feb 2024,POS/0614/IRCTC/HSR LAYOUT,521932779600,449.0,,1130576.79
15 Feb 2024,15 Feb 2024,BY TRANSFER-INB IMPS261703845697/3503381293/XX0665/Remitly Tr-,MAC2758747209,,500.0,1131076.79
15 Feb 2024,15 Feb 2024,BY TRANSFER-INB IMPS288227960471/0974943087/XX2482/Remitly Tr-,MAC1912351047,,1200.0,1132276.79
16 Feb 2024,16 Feb 2024,ATM WDL/5638/BTM LAYOUT,696722476911,5200.0,,1127076.79
16 Feb 2024,16 Feb 2024,TO TRANSFER-UPI/277026626150/rahulsingh51@ybl,277026626150,699.0,,1126377.79
17 Feb 2024,17 Feb 2024,TO CLEARING-CIT BPCL 190773,417296111948,120.0,,1126257.79
17 Feb 2024,17 Feb 2024,BY TRANSFER-INB IMPS100005679105/8742625624/XX1999/Remitly Tr-,MAC9746665132,,4800.0,1131057.79
17 Feb 2024,17 Feb 2024,TO TRANSFER-UPI/496426361307/santoshiye730@oksbi,496426361307,999.0,,1130058.79
17 Feb 2024,17 Feb 2024,BY TRANSFER-INB IMPS643185819593/5561511654/XX4552/Remitly Tr-,MAC9151839103,,2500.0,1132558.79
20 Feb 2024,20 Feb 2024,POS/1049/FLIPKART/WHITEFIELD,427573678020,999.0,,1131559.79
21 Feb 2024,21 Feb 2024,TO TRANSFER-UPI/540794395627/reshmakhan278@paytm,540794395627,5200.0,,1126359.79
24 Feb 2024,24 Feb 2024,TO CLEARING-CIT MEDPLUS 780452,134738536555,699.0,,1125660.79
25 Feb 2024,25 Feb 2024,ATM WDL/6063/BANJARA HILLS,098363824744,7800.0,,1117860.79
26 Feb 2024,26 Feb 2024,TO CLEARING-CIT PVR CINEMAS 652040,882644227937,999.0,,1116861.79
26 Feb 2024,26 Feb 2024,TO TRANSFER-UPI/090881785070/sunilshett82@paytm,090881785070,3499.0,,1113362.79
26 Feb 2024,26 Feb 2024,POS/9031/APOLLO PHARMACY/HYDERABAD,098031292104,449.0,,1112913.79
27 Feb 2024,27 Feb 2024,TO TRANSFER-UPI/301731441412/harishmeno517@okhdfcbank,301731441412,699.0,,1112214.79
27 Feb 2024,27 Feb 2024,ATM WDL/3953/KORAMANGALA,465680255052,850.0,,1111364.79
27 Feb 2024,27 Feb 2024,ATM WDL/3335/BTM LAYOUT,820960630646,2380.0,,1108984.79
27 Feb 2024,27 Feb 2024,ATM WDL/2798/MYSURU,418635645412,1250.0,,1107734.79
1 Mar 2024,1 Mar 2024,BY TRANSFER-INB IMPS575187889208/9448189033/XX9890/Remitly Tr-,MAC6623151111,,7500.0,1115234.79
1 Mar 2024,1 Mar 2024,BY TRANSFER-INB IMPS974825623490/8411017644/XX3499/Remitly Tr-,MAC6257801631,,2500.0,1117734.79
3 Mar 2024,3 Mar 2024,BY TRANSFER-8220114022978 SALARY RAJENDRA PRA,302292310964,,78500.0,1196234.79
3 Mar 2024,3 Mar 2024,NEFT DR-HDFC0324742-ROHIT SHARMA-730876636234-RENT,875851349161,31000.0,,1165234.79
3 Mar 2024,3 Mar 2024,ATM WDL/9940/KORAMANGALA,506970013023,699.0,,1164535.79
4 Mar 2024,4 Mar 2024,POS/9574/HPCL/PUNE,341241985720,999.0,,1163536.79
5 Mar 2024,5 Mar 2024,ATM WDL/6295/INDIRANAGAR,691640636506,1250.0,,1162286.79
7 Mar 2024,7 Mar 2024,ATM WDL/2005/KORAMANGALA,999463051347,310.0,,1161976.79
8 Mar 2024,8 Mar 2024,TO CLEARING-CIT SWIGGY 732273,015077862113,449.0,,1161527.79
8 Mar 2024,8 Mar 2024,TO CLEARING-CIT ZOMATO 306564,779494710074,249.0,,1161278.79
8 Mar 2024,8 Mar 2024,BY TRANSFER-INB IMPS796027946708/6323267766/XX0174/Remitly Tr-,MAC4579918027,,1200.0,1162478.79
9 Mar 2024,9 Mar 2024,TO TRANSFER-UPI/708497933543/smitharao591@ybl,708497933543,2380.0,,1160098.79
11 Mar 2024,11 Mar 2024,TO CLEARING-CIT HPCL 091251,507157427969,999.0,,1159099.79
12 Mar 2024,12 Mar 2024,BY TRANSFER-INB IMPS233289055189/9890938227/XX6755/Remitly Tr-,MAC1213400376,,24000.0,1183099.79
12 Mar 2024,12 Mar 2024,NEFT-078965018588-SOUTHERN RETAILS-REIMB-051322-HDFC0468297,716363945311,,12000.0,1195099.79
12 Mar 2024,12 Mar 2024,TO TRANSFER-UPI/560327601679/rajeshverm312@ybl,560327601679,699.0,,1194400.79
12 Mar 2024,12 Mar 2024,ATM WDL/9826/MANGALURU,110827285379,850.0,,1193550.79
13 Mar 2024,13 Mar 2024,TO TRANSFER-UPI/171438641039/vikramnair49@okhdfcbank,171438641039,5200.0,,1188350.79
14 Mar 2024,14 Mar 2024,POS/5234/BOOKMYSHOW/MANGALURU,388921301079,699.0,,1187651.79
15 Mar 2024,15 Mar 2024,TO TRANSFER-UPI/035070230630/kiranreddy249@oksbi,035070230630,310.0,,1187341.79
17 Mar 2024,17 Mar 2024,POS/1878/BESCOM/JAYANAGAR,295102138719,449.0,,1186892.79
17 Mar 2024,17 Mar 2024,TO CLEARING-CIT AIRTEL 650300,289319376546,999.0,,1185893.79
19 Mar 2024,19 Mar 2024,BY TRANSFER-INB IMPS983402332365/2867936926/XX5985/Remitly Tr-,MAC5206162903,,11200.0,1197093.79
19 Mar 2024,19 Mar 2024,BY TRANSFER-INB IMPS248381252134/1857801306/XX5558/Remitly Tr-,MAC8247071537,,18500.0,1215593.79
21 Mar 2024,21 Mar 2024,ATM WDL/0901/MUMBAI,507874725122,310.0,,1215283.79
23 Mar 2024,23 Mar 2024,TO CLEARING-CIT MEDPLUS 748422,873367314762,1250.0,,1214033.79
24 Mar 2024,24 Mar 2024,TO TRANSFER-UPI/141582908767/poojasharm700@okaxis,141582908767,2380.0,,1211653.79
25 Mar 2024,25 Mar 2024,CREDIT INTEREST CAPITALISED,898499200698,,123.81,1211777.6
25 Mar 2024,25 Mar 2024,GST ON BANK CHARGES,095075059323,17.7,,1211759.9
26 Mar 2024,26 Mar 2024,ATM WDL/2810/KORAMANGALA,195556454659,1680.0,,1210079.9
28 Mar 2024,28 Mar 2024,TO TRANSFER-UPI/707319136322/harishmeno460@okhdfcbank,707319136322,999.0,,1209080.9
28 Mar 2024,28 Mar 2024,NEFT-461817807268-SOUTHERN RETAILS-REIMB-051322-HDFC0132033,577680399942,,18500.0,1227580.9
29 Mar 2024,29 Mar 2024,TO CLEARING-CIT BPCL 254489,620488737365,249.0,,1227331.9
30 Mar 2024,30 Mar 2024,ATM WDL/2169/BTM LAYOUT,904970186605,999.0,,1226332.9
30 Mar 2024,30 Mar 2024,POS/6925/UBER/MYSURU,430403895065,3499.0,,1222833.9
31 Mar 2024,31 Mar 2024,BY TRANSFER-INB IMPS385292076959/7824929502/XX5297/Remitly Tr-,MAC6198743811,,4800.0,1227633.9
1 Apr 2024,1 Apr 2024,BY TRANSFER-5398575674513 SALARY RAJENDRA PRA,078481942109,,78000.0,1305633.9
4 Apr 2024,4 Apr 2024,BY TRANSFER-INB IMPS071785657165/1715929012/XX4455/Remitly Tr-,MAC4900309843,,4800.0,1310433.9
5 Apr 2024,5 Apr 2024,NEFT DR-HDFC0771486-ANJALI RAO-341777715090-RENT,651578134050,31000.0,,1279433.9
6 Apr 2024,6 Apr 2024,TO CLEARING-CIT OLA 572073,638159416115,5200.0,,1274233.9
7 Apr 2024,7 Apr 2024,POS/4430/DMART/HYDERABAD,252042774917,79.0,,1274154.9
8 Apr 2024,8 Apr 2024,TO TRANSFER-UPI/724148367163/rajeshverm794@paytm,724148367163,79.0,,1274075.9
8 Apr 2024,8 Apr 2024,BY TRANSFER-INB IMPS961548711119/3261016668/XX3253/Remitly Tr-,MAC8416414867,,7500.0,1281575.9
9 Apr 2024,9 Apr 2024,BY TRANSFER-INB IMPS785011030853/1889019659/XX9423/Remitly Tr-,MAC2293859836,,24000.0,1305575.9
10 Apr 2024,10 Apr 2024,ATM WDL/2999/KUKATPALLY,559146701268,79.0,,1305496.9
12 Apr 2024,12 Apr 2024,POS/4166/JIO/PUNE,154897250815,1680.0,,1303816.9
13 Apr 2024,13 Apr 2024,BY TRANSFER-INB IMPS876036745606/4073982539/XX7582/Remitly Tr-,MAC9404242862,,7500.0,1311316.9
13 Apr 2024,13 Apr 2024,TO CLEARING-CIT FLIPKART 198545,422412921156,850.0,,1310466.9
13 Apr 2024,13 Apr 2024,POS/1890/SWIGGY/INDIRANAGAR,783567081244,2380.0,,1308086.9
14 Apr 2024,14 Apr 2024,TO TRANSFER-UPI/384978830528/naveenkuma831@okaxis,384978830528,5200.0,,1302886.9
15 Apr 2024,15 Apr 2024,TO CLEARING-CIT ZOMATO 822056,744992025244,999.0,,1301887.9
18 Apr 2024,18 Apr 2024,TO CLEARING-CIT JIO 081308,013742531333,120.0,,1301767.9
19 Apr 2024,19 Apr 2024,POS/3742/IRCTC/MARATHAHALLI,532984325612,3499.0,,1298268.9
20 Apr 2024,20 Apr 2024,POS/1135/BOOKMYSHOW/BTM LAYOUT,520359240610,310.0,,1297958.9
21 Apr 2024,21 Apr 2024,TO CLEARING-CIT AMAZON 761137,803116269959,3499.0,,1294459.9
21 Apr 2024,21 Apr 2024,TO CLEARING-CIT SWIGGY 287102,126039341638,79.0,,1294380.9
23 Apr 2024,23 Apr 2024,ATM WDL/7739/HYDERABAD,255719728198,7800.0,,1286580.9
23 Apr 2024,23 Apr 2024,ATM WDL/2034/WHITEFIELD,713182965876,5200.0,,1281380.9
25 Apr 2024,25 Apr 2024,TO CLEARING-CIT IOCL 923435,548332945216,999.0,,1280381.9
26 Apr 2024,26 Apr 2024,TO CLEARING-CIT IRCTC 196673,079383818491,850.0,,1279531.9
27 Apr 2024,27 Apr 2024,TO TRANSFER-UPI/725976276569/lathadevi400@oksbi,725976276569,850.0,,1278681.9
28 Apr 2024,28 Apr 2024,POS/3654/HPCL/KUKATPALLY,993073383219,120.0,,1278561.9
29 Apr 2024,29 Apr 2024,TO CLEARING-CIT ZOMATO 547628,034996031511,49.0,,1278512.9
29 Apr 2024,29 Apr 2024,TO TRANSFER-UPI/186397955333/sunilshett790@paytm,186397955333,3499.0,,1275013.9
29 Apr 2024,29 Apr 2024,ATM WDL/9200/BTM LAYOUT,668629635474,7800.0,,1267213.9
1 May 2024,1 May 2024,BY TRANSFER-8223220434717 SALARY RAJENDRA PRA,260585346516,,78000.0,1345213.9
1 May 2024,1 May 2024,TO TRANSFER-UPI/022790903498/gopalnaik657@paytm,022790903498,79.0,,1345134.9
2 May 2024,2 May 2024,TO TRANSFER-UPI/911883904725/lathadevi320@okhdfcbank,911883904725,1680.0,,1343454.9
2 May 2024,2 May 2024,ATM WDL/2127/HSR LAYOUT,950604580699,3499.0,,1339955.9
3 May 2024,3 May 2024,TO CLEARING-CIT IOCL 882694,281865700082,49.0,,1339906.9
4 May 2024,4 May 2024,BY TRANSFER-INB IMPS352225418176/3987336645/XX9788/Remitly Tr-,MAC8994844661,,2500.0,1342406.9
4 May 2024,4 May 2024,BY TRANSFER-INB IMPS863249902448/3617205582/XX0361/Remitly Tr-,MAC0340371596,,4800.0,1347206.9
4 May 2024,4 May 2024,NEFT-073321068877-SOUTHERN RETAILS-REIMB-051322-HDFC0554038,334881824419,,12000.0,1359206.9
4 May 2024,4 May 2024,TO TRANSFER-UPI/320847188634/rohitsharm857@paytm,320847188634,79.0,,1359127.9
4 May 2024,4 May 2024,NEFT DR-HDFC0043078-MEERA PILLAI-969181313304-RENT,150200115981,18000.0,,1341127.9
4 May 2024,4 May 2024,POS/3721/RELIANCE FRESH/MUMBAI,079478259786,999.0,,1340128.9
6 May 2024,6 May 2024,POS/1093/BESCOM/PUNE,464405488731,310.0,,1339818.9
6 May 2024,6 May 2024,TO CLEARING-CIT AMAZON 667226,053329128933,79.0,,1339739.9
7 May 2024,7 May 2024,ATM WDL/4473/INDIRANAGAR,072679893544,120.0,,1339619.9
7 May 2024,7 May 2024,ATM WDL/8769/MYSURU,802478281690,1680.0,,1337939.9
7 May 2024,7 May 2024,TO CLEARING-CIT UBER 801244,976644172416,5200.0,,1332739.9
8 May 2024,8 May 2024,BY TRANSFER-INB IMPS771298033779/9690678631/XX4762/Remitly Tr-,MAC9308185980,,850.0,1333589.9
8 May 2024,8 May 2024,TO TRANSFER-UPI/033056854022/farhankhan588@okhdfcbank,033056854022,310.0,,1333279.9
9 May 2024,9 May 2024,TO TRANSFER-UPI/438871322454/divyamenon592@oksbi,438871322454,7800.0,,1325479.9
10 May 2024,10 May 2024,TO TRANSFER-UPI/232024142008/poojasharm59@okhdfcbank,232024142008,249.0,,1325230.9
11 May 2024,11 May 2024,BY TRANSFER-INB IMPS826526984965/6285301366/XX9390/Remitly Tr-,MAC3185804272,,500.0,1325730.9
11 May 2024,11 May 2024,TO TRANSFER-UPI/830567450012/rajeshverm539@paytm,830567450012,79.0,,1325651.9
12 May 2024,12 May 2024,TO CLEARING-CIT AMAZON 850984,872719981209,850.0,,1324801.9
12 May 2024,12 May 2024,ATM WDL/3558/JAYANAGAR,043229460440,1250.0,,1323551.9
13 May 2024,13 May 2024,TO CLEARING-CIT FLIPKART 311486,383952103901,1250.0,,1322301.9
14 May 2024,14 May 2024,POS/8002/BOOKMYSHOW/HSR LAYOUT,319671788073,999.0,,1321302.9
14 May 2024,14 May 2024,TO TRANSFER-UPI/458835750518/anjalirao102@okhdfcbank,458835750518,79.0,,1321223.9
14 May 2024,14 May 2024,ATM WDL/5039/INDIRANAGAR,148366004024,1680.0,,1319543.9
15 May 2024,15 May 2024,ATM WDL/0432/SECUNDERABAD,355390154229,79.0,,1319464.9
16 May 2024,16 May 2024,POS/8898/OLA/HSR LAYOUT,384846980112,310.0,,1319154.9
16 May 2024,16 May 2024,TO CLEARING-CIT DMART 327863,774224170274,120.0,,1319034.9
18 May 2024,18 May 2024,TO CLEARING-CIT ZOMATO 129326,673488729696,850.0,,1318184.9
21 May 2024,21 May 2024,POS/6029/IOCL/INDIRANAGAR,598509501854,999.0,,1317185.9
21 May 2024,21 May 2024,POS/6864/HPCL/HSR LAYOUT,244269389857,49.0,,1317136.9
22 May 2024,22 May 2024,TO TRANSFER-UPI/541314948198/rajeshverm372@paytm,541314948198,1680.0,,1315456.9
23 May 2024,23 May 2024,ATM WDL/2984/MARATHAHALLI,475764221566,449.0,,1315007.9
25 May 2024,25 May 2024,ATM WDL/4693/PUNE,256130371985,310.0,,1314697.9
25 May 2024,25 May 2024,TO CLEARING-CIT AMAZON 252006,092057333897,2380.0,,1312317.9
28 May 2024,28 May 2024,TO TRANSFER-UPI/744905282230/tarageorge324@oksbi,744905282230,699.0,,1311618.9
28 May 2024,28 May 2024,BY TRANSFER-INB IMPS649170131364/6146115761/XX8363/Remitly Tr-,MAC9362565772,,24000.0,1335618.9
1 Jun 2024,1 Jun 2024,BY TRANSFER-2592717380574 SALARY RAJENDRA PRA,579711152709,,78500.0,1414118.9
4 Jun 2024,4 Jun 2024,ATM WDL/3185/MARATHAHALLI,101716823752,999.0,,1413119.9
5 Jun 2024,5 Jun 2024,TO TRANSFER-UPI/324274264683/tarageorge105@paytm,324274264683,3499.0,,1409620.9
5 Jun 2024,5 Jun 2024,POS/4848/OLA/MARATHAHALLI,953304664866,1680.0,,1407940.9
5 Jun 2024,5 Jun 2024,TO CLEARING-CIT PVR CINEMAS 549141,065774628654,249.0,,1407691.9
7 Jun 2024,7 Jun 2024,NEFT DR-HDFC0340794-TARA GEORGE-197921460178-RENT,348697875249,22000.0,,1385691.9
7 Jun 2024,7 Jun 2024,ATM WDL/5620/MYSURU,548998190414,120.0,,1385571.9
7 Jun 2024,7 Jun 2024,ATM WDL/3425/PUNE,823368552549,1680.0,,1383891.9
7 Jun 2024,7 Jun 2024,TO TRANSFER-UPI/916618619427/farhankhan951@okhdfcbank,916618619427,449.0,,1383442.9
8 Jun 2024,8 Jun 2024,POS/5534/AMAZON/KORAMANGALA,918529233956,3499.0,,1379943.9
8 Jun 2024,8 Jun 2024,ATM WDL/7170/JAYANAGAR,626618443133,3499.0,,1376444.9
9 Jun 2024,9 Jun 2024,ATM WDL/3742/INDIRANAGAR,099305044308,1250.0,,1375194.9
9 Jun 2024,9 Jun 2024,TO CLEARING-CIT BPCL 465940,797990680806,449.0,,1374745.9
11 Jun 2024,11 Jun 2024,TO TRANSFER-UPI/879495282760/mohandas705@paytm,879495282760,5200.0,,1369545.9
12 Jun 2024,12 Jun 2024,POS/2736/OLA/KUKATPALLY,498146093287,1680.0,,1367865.9
12 Jun 2024,12 Jun 2024,TO CLEARING-CIT SWIGGY 980729,453508990475,2380.0,,1365485.9
12 Jun 2024,12 Jun 2024,BY TRANSFER-INB IMPS846264432641/9854411297/XX3195/Remitly Tr-,MAC9005848890,,500.0,1365985.9
13 Jun 2024,13 Jun 2024,BY TRANSFER-INB IMPS581646038778/9989006034/XX9265/Remitly Tr-,MAC2820910606,,500.0,1366485.9
14 Jun 2024,14 Jun 2024,POS/4199/HPCL/KUKATPALLY,217140306314,3499.0,,1362986.9
14 Jun 2024,14 Jun 2024,ATM WDL/5604/SECUNDERABAD,437996378091,2380.0,,1360606.9
14 Jun 2024,14 Jun 2024,TO CLEARING-CIT BPCL 997677,357351937324,2380.0,,1358226.9
16 Jun 2024,16 Jun 2024,ATM WDL/7880/MYSURU,441826762415,449.0,,1357777.9
16 Jun 2024,16 Jun 2024,BY TRANSFER-INB IMPS439274871638/2138691933/XX3942/Remitly Tr-,MAC4488904337,,500.0,1358277.9
16 Jun 2024,16 Jun 2024,TO TRANSFER-UPI/622203216387/farhankhan261@paytm,622203216387,449.0,,1357828.9
17 Jun 2024,17 Jun 2024,BY TRANSFER-INB IMPS089922028066/9656453448/XX6612/Remitly Tr-,MAC9549978391,,500.0,1358328.9
17 Jun 2024,17 Jun 2024,TO TRANSFER-UPI/187069251716/vinaypatil949@oksbi,187069251716,3499.0,,1354829.9
18 Jun 2024,18 Jun 2024,TO CLEARING-CIT SWIGGY 663897,242899794279,49.0,,1354780.9
18 Jun 2024,18 Jun 2024,TO CLEARING-CIT BESCOM 739443,832625746598,310.0,,1354470.9
20 Jun 2024,20 Jun 2024,ATM WDL/0796/WHITEFIELD,798491822043,5200.0,,1349270.9
20 Jun 2024,20 Jun 2024,TO CLEARING-CIT PVR CINEMAS 414607,281428582501,850.0,,1348420.9
21 Jun 2024,21 Jun 2024,TO TRANSFER-UPI/248947246680/vikramnair985@paytm,248947246680,5200.0,,1343220.9
22 Jun 2024,22 Jun 2024,POS/7431/RELIANCE FRESH/KORAMANGALA,771132241313,1680.0,,1341540.9
23 Jun 2024,23 Jun 2024,ATM WDL/5439/MYSURU,828872257768,449.0,,1341091.9
25 Jun 2024,25 Jun 2024,POS/0125/IOCL/BANJARA HILLS,260431381660,5200.0,,1335891.9
25 Jun 2024,25 Jun 2024,CREDIT INTEREST CAPITALISED,523529411830,,80.4,1335972.3
25 Jun 2024,25 Jun 2024,GST ON BANK CHARGES,366977177997,17.7,,1335954.6
26 Jun 2024,26 Jun 2024,ATM WDL/4280/HSR LAYOUT,111145004680,999.0,,1334955.6
26 Jun 2024,26 Jun 2024,BY TRANSFER-INB IMPS614366945855/2548031922/XX2626/Remitly Tr-,MAC2590092863,,2500.0,1337455.6
27 Jun 2024,27 Jun 2024,ATM WDL/3395/WHITEFIELD,831807178891,449.0,,1337006.6
27 Jun 2024,27 Jun 2024,POS/7723/ZOMATO/MUMBAI,833280898183,3499.0,,1333507.6
1 Jul 2024,1 Jul 2024,TO CLEARING-CIT OLA 175834,685077545874,249.0,,1333258.6
1 Jul 2024,1 Jul 2024,POS/5062/AMAZON/MYSURU,157004754014,79.0,,1333179.6
1 Jul 2024,1 Jul 2024,POS/5320/OLA/HYDERABAD,068429120789,850.0,,1332329.6
3 Jul 2024,3 Jul 2024,BY TRANSFER-8889256881873 SALARY RAJENDRA PRA,725388841632,,77250.0,1409579.6
3 Jul 2024,3 Jul 2024,TO TRANSFER-UPI/666390766235/poojasharm772@paytm,666390766235,7800.0,,1401779.6
4 Jul 2024,4 Jul 2024,TO CLEARING-CIT APOLLO PHARMACY 916670,930819889387,449.0,,1401330.6
4 Jul 2024,4 Jul 2024,POS/7792/UBER/WHITEFIELD,224037816696,5200.0,,1396130.6
6 Jul 2024,6 Jul 2024,NEFT DR-HDFC0158346-KIRAN REDDY-292813851868-RENT,420469133468,22000.0,,1374130.6
6 Jul 2024,6 Jul 2024,TO CLEARING-CIT ZOMATO 857362,509891851226,999.0,,1373131.6
8 Jul 2024,8 Jul 2024,BY TRANSFER-INB IMPS771794823729/1739266736/XX6757/Remitly Tr-,MAC7013962512,,18500.0,1391631.6
9 Jul 2024,9 Jul 2024,ATM WDL/2936/SECUNDERABAD,133849789358,449.0,,1391182.6
10 Jul 2024,10 Jul 2024,TO TRANSFER-UPI/761213658354/tarageorge86@oksbi,761213658354,79.0,,1391103.6
11 Jul 2024,11 Jul 2024,POS/2700/MEDPLUS/INDIRANAGAR,626121968265,850.0,,1390253.6
11 Jul 2024,11 Jul 2024,POS/1240/BESCOM/BTM LAYOUT,925347281665,5200.0,,1385053.6
13 Jul 2024,13 Jul 2024,BY TRANSFER-INB IMPS708072933333/2635593134/XX6472/Remitly Tr-,MAC7722126631,,7500.0,1392553.6
15 Jul 2024,15 Jul 2024,BY TRANSFER-INB IMPS034846568485/7011464561/XX9443/Remitly Tr-,MAC8666666438,,11200.0,1403753.6
15 Jul 2024,15 Jul 2024,POS/9743/BOOKMYSHOW/INDIRANAGAR,355659180700,850.0,,1402903.6
17 Jul 2024,17 Jul 2024,POS/2277/FLIPKART/WHITEFIELD,059147356964,5200.0,,1397703.6
17 Jul 2024,17 Jul 2024,BY TRANSFER-INB IMPS891507096091/6140985508/XX2739/Remitly Tr-,MAC4595569802,,1200.0,1398903.6
18 Jul 2024,18 Jul 2024,TO CLEARING-CIT MEDPLUS 716190,447796441466,1250.0,,1397653.6
20 Jul 2024,20 Jul 2024,TO TRANSFER-UPI/786700469234/santoshiye683@okaxis,786700469234,310.0,,1397343.6
21 Jul 2024,21 Jul 2024,ATM WDL/4373/KUKATPALLY,567355145106,5200.0,,1392143.6
21 Jul 2024,21 Jul 2024,TO CLEARING-CIT BESCOM 364480,779514324072,2380.0,,1389763.6
22 Jul 2024,22 Jul 2024,ATM WDL/6229/WHITEFIELD,996590063216,1250.0,,1388513.6
22 Jul 2024,22 Jul 2024,ATM WDL/9180/MYSURU,292502767870,999.0,,1387514.6
24 Jul 2024,24 Jul 2024,ATM WDL/5925/HSR LAYOUT,877047532113,5200.0,,1382314.6
24 Jul 2024,24 Jul 2024,BY TRANSFER-INB IMPS931552383777/9314507041/XX1271/Remitly Tr-,MAC0797162973,,4800.0,1387114.6
25 Jul 2024,25 Jul 2024,TO TRANSFER-UPI/479255156624/priyanair802@paytm,479255156624,999.0,,1386115.6
26 Jul 2024,26 Jul 2024,POS/6291/JIO/PUNE,223779811073,850.0,,1385265.6
28 Jul 2024,28 Jul 2024,TO TRANSFER-UPI/497368358015/anjalirao148@okhdfcbank,497368358015,249.0,,1385016.6
28 Jul 2024,28 Jul 2024,TO CLEARING-CIT OLA 066407,530072922671,310.0,,1384706.6
31 Jul 2024,31 Jul 2024,TO TRANSFER-UPI/040188816178/smitharao33@paytm,040188816178,120.0,,1384586.6
2 Aug 2024,2 Aug 2024,BY TRANSFER-4988275991173 SALARY RAJENDRA PRA,076246251691,,78000.0,1462586.6
2 Aug 2024,2 Aug 2024,TO CLEARING-CIT IRCTC 874951,746096616551,850.0,,1461736.6
4 Aug 2024,4 Aug 2024,ATM WDL/4217/HSR LAYOUT,238353807062,850.0,,1460886.6
5 Aug 2024,5 Aug 2024,POS/6297/MEDPLUS/BTM LAYOUT,383157783110,699.0,,1460187.6
7 Aug 2024,7 Aug 2024,NEFT DR-HDFC0846792-HARISH MENON-812954257721-RENT,312788005685,22000.0,,1438187.6
7 Aug 2024,7 Aug 2024,TO TRANSFER-UPI/831531167412/santoshiye297@oksbi,831531167412,3499.0,,1434688.6
7 Aug 2024,7 Aug 2024,TO TRANSFER-UPI/547231664597/tarageorge802@paytm,547231664597,310.0,,1434378.6
8 Aug 2024,8 Aug 2024,POS/7520/BESCOM/HSR LAYOUT,502689371392,249.0,,1434129.6
10 Aug 2024,10 Aug 2024,TO TRANSFER-UPI/492135292455/vikramnair601@okaxis,492135292455,120.0,,1434009.6
10 Aug 2024,10 Aug 2024,TO TRANSFER-UPI/866457937315/reshmakhan103@okaxis,866457937315,5200.0,,1428809.6
11 Aug 2024,11 Aug 2024,POS/6417/ZOMATO/KORAMANGALA,725854062777,1250.0,,1427559.6
11 Aug 2024,11 Aug 2024,ATM WDL/8746/MARATHAHALLI,416881209994,449.0,,1427110.6
12 Aug 2024,12 Aug 2024,TO CLEARING-CIT JIO 386602,605237046183,2380.0,,1424730.6
12 Aug 2024,12 Aug 2024,BY TRANSFER-INB IMPS616309479163/8966939621/XX6492/Remitly Tr-,MAC2962710798,,18500.0,1443230.6
14 Aug 2024,14 Aug 2024,ATM WDL/8491/PUNE,169330050107,49.0,,1443181.6
14 Aug 2024,14 Aug 2024,TO CLEARING-CIT FLIPKART 414372,905674297963,120.0,,1443061.6
16 Aug 2024,16 Aug 2024,POS/2147/BESCOM/KUKATPALLY,506018878491,249.0,,1442812.6
17 Aug 2024,17 Aug 2024,BY TRANSFER-INB IMPS733866908639/3400362931/XX8997/Remitly Tr-,MAC3583533241,,11200.0,1454012.6
18 Aug 2024,18 Aug 2024,ATM WDL/9902/SECUNDERABAD,888548321284,310.0,,1453702.6
18 Aug 2024,18 Aug 2024,ATM WDL/1156/SECUNDERABAD,966942860754,79.0,,1453623.6
19 Aug 2024,19 Aug 2024,TO CLEARING-CIT AMAZON 346396,560435544340,3499.0,,1450124.6
22 Aug 2024,22 Aug 2024,TO CLEARING-CIT UBER 049673,079255207726,449.0,,1449675.6
23 Aug 2024,23 Aug 2024,TO TRANSFER-UPI/524421522778/anjalirao640@oksbi,524421522778,449.0,,1449226.6
24 Aug 2024,24 Aug 2024,TO TRANSFER-UPI/843670445494/smitharao554@ybl,843670445494,449.0,,1448777.6
25 Aug 2024,25 Aug 2024,POS/3344/ZOMATO/KORAMANGALA,134372141214,449.0,,1448328.6
25 Aug 2024,25 Aug 2024,ATM WDL/5872/KUKATPALLY,326394510765,310.0,,1448018.6
26 Aug 2024,26 Aug 2024,TO TRANSFER-UPI/730601123298/vikramnair509@paytm,730601123298,999.0,,1447019.6
29 Aug 2024,29 Aug 2024,BY TRANSFER-INB IMPS002953888881/6102687774/XX5033/Remitly Tr-,MAC2073965427,,850.0,1447869.6
30 Aug 2024,30 Aug 2024,TO TRANSFER-UPI/045877220803/rohitsharm683@okhdfcbank,045877220803,79.0,,1447790.6
30 Aug 2024,30 Aug 2024,NEFT-477220585646-SOUTHERN RETAILS-REIMB-051322-HDFC0275825,103322267334,,12000.0,1459790.6
31 Aug 2024,31 Aug 2024,ATM WDL/5173/JAYANAGAR,110024329747,3499.0,,1456291.6
31 Aug 2024,31 Aug 2024,ATM WDL/6412/INDIRANAGAR,729053430918,249.0,,1456042.6
31 Aug 2024,31 Aug 2024,BY TRANSFER-INB IMPS984246724928/1889342210/XX2583/Remitly Tr-,MAC0536718797,,850.0,1456892.6
3 Sep 2024,3 Sep 2024,BY TRANSFER-4004179821138 SALARY RAJENDRA PRA,781179937009,,78000.0,1534892.6
3 Sep 2024,3 Sep 2024,TO TRANSFER-UPI/061745628948/rohitsharm51@paytm,061745628948,999.0,,1533893.6
5 Sep 2024,5 Sep 2024,ATM WDL/5055/HSR LAYOUT,078160593154,1250.0,,1532643.6
7 Sep 2024,7 Sep 2024,NEFT DR-HDFC0789680-PRIYA NAIR-256368948903-RENT,033986110516,18000.0,,1514643.6
9 Sep 2024,9 Sep 2024,ATM WDL/3407/WHITEFIELD,682966702683,310.0,,1514333.6
10 Sep 2024,10 Sep 2024,TO CLEARING-CIT IRCTC 173485,281856317842,310.0,,1514023.6
12 Sep 2024,12 Sep 2024,TO CLEARING-CIT JIO 083864,738736970319,7800.0,,1506223.6
13 Sep 2024,13 Sep 2024,ATM WDL/9703/INDIRANAGAR,649100611999,5200.0,,1501023.6
14 Sep 2024,14 Sep 2024,ATM WDL/1849/MARATHAHALLI,972579066289,5200.0,,1495823.6
14 Sep 2024,14 Sep 2024,TO CLEARING-CIT AMAZON 424278,327065908218,699.0,,1495124.6
14 Sep 2024,14 Sep 2024,TO TRANSFER-UPI/115268152807/anjalirao218@oksbi,115268152807,79.0,,1495045.6
15 Sep 2024,15 Sep 2024,TO CLEARING-CIT IOCL 628786,903338677651,249.0,,1494796.6
15 Sep 2024,15 Sep 2024,TO TRANSFER-UPI/502577664945/smitharao965@ybl,502577664945,79.0,,1494717.6
15 Sep 2024,15 Sep 2024,TO CLEARING-CIT AIRTEL 931144,092320316038,7800.0,,1486917.6
16 Sep 2024,16 Sep 2024,TO CLEARING-CIT OLA 924927,004677927936,79.0,,1486838.6
18 Sep 2024,18 Sep 2024,TO TRANSFER-UPI/181523168185/harishmeno749@okhdfcbank,181523168185,79.0,,1486759.6
18 Sep 2024,18 Sep 2024,ATM WDL/0095/HYDERABAD,368838789489,2380.0,,1484379.6
19 Sep 2024,19 Sep 2024,BY TRANSFER-INB IMPS493867358651/8021594132/XX1372/Remitly Tr-,MAC0547621623,,2500.0,1486879.6
20 Sep 2024,20 Sep 2024,TO CLEARING-CIT PVR CINEMAS 396059,482682038076,850.0,,1486029.6
20 Sep 2024,20 Sep 2024,TO CLEARING-CIT RELIANCE FRESH 364474,985600062544,449.0,,1485580.6
21 Sep 2024,21 Sep 2024,TO CLEARING-CIT BESCOM 247708,701755135939,5200.0,,1480380.6
22 Sep 2024,22 Sep 2024,POS/8305/BOOKMYSHOW/SECUNDERABAD,052696603313,699.0,,1479681.6
22 Sep 2024,22 Sep 2024,TO TRANSFER-UPI/887401987902/anjalirao280@okaxis,887401987902,2380.0,,1477301.6
22 Sep 2024,22 Sep 2024,TO CLEARING-CIT DMART 018326,883603139740,1250.0,,1476051.6
24 Sep 2024,24 Sep 2024,TO CLEARING-CIT AMAZON 395206,818442490115,699.0,,1475352.6
24 Sep 2024,24 Sep 2024,ATM WDL/8559/KUKATPALLY,605890000366,249.0,,1475103.6
25 Sep 2024,25 Sep 2024,TO CLEARING-CIT APOLLO PHARMACY 542377,981839763527,699.0,,1474404.6
25 Sep 2024,25 Sep 2024,CREDIT INTEREST CAPITALISED,786082591215,,61.91,1474466.51
25 Sep 2024,25 Sep 2024,GST ON BANK CHARGES,556162725103,17.7,,1474448.81
25 Sep 2024,25 Sep 2024,BY TRANSFER-INB IMPS779136659223/7425876448/XX1540/Remitly Tr-,MAC4169871581,,2500.0,1476948.81
25 Sep 2024,25 Sep 2024,ATM WDL/1478/SECUNDERABAD,485323354758,120.0,,1476828.81
26 Sep 2024,26 Sep 2024,ATM WDL/5071/HSR LAYOUT,896888065659,1250.0,,1475578.81
28 Sep 2024,28 Sep 2024,BY TRANSFER-INB IMPS074775035007/4936509454/XX7775/Remitly Tr-,MAC2184058197,,500.0,1476078.81
3 Oct 2024,3 Oct 2024,BY TRANSFER-3882427977661 SALARY RAJENDRA PRA,426623340144,,78500.0,1554578.81
3 Oct 2024,3 Oct 2024,ATM WDL/3623/MYSURU,118846220693,1250.0,,1553328.81
4 Oct 2024,4 Oct 2024,TO CLEARING-CIT JIO 878629,369601809099,699.0,,1552629.81
5 Oct 2024,5 Oct 2024,TO TRANSFER-UPI/920976177980/divyamenon752@ybl,920976177980,2380.0,,1550249.81
6 Oct 2024,6 Oct 2024,TO CLEARING-CIT HPCL 556230,646122052758,2380.0,,1547869.81
7 Oct 2024,7 Oct 2024,TO CLEARING-CIT BESCOM 424989,609448787943,120.0,,1547749.81
7 Oct 2024,7 Oct 2024,NEFT DR-HDFC0698088-SMITHA RAO-853793838354-RENT,787017382088,31000.0,,1516749.81
7 Oct 2024,7 Oct 2024,TO TRANSFER-UPI/381692338823/naveenkuma617@paytm,381692338823,999.0,,1515750.81
7 Oct 2024,7 Oct 2024,ATM WDL/4711/KUKATPALLY,564456275322,850.0,,1514900.81
7 Oct 2024,7 Oct 2024,POS/9061/BPCL/MARATHAHALLI,128107659421,699.0,,1514201.81
8 Oct 2024,8 Oct 2024,ATM WDL/4828/KUKATPALLY,811290801639,1250.0,,1512951.81
9 Oct 2024,9 Oct 2024,TO TRANSFER-UPI/532119640610/rajeshverm816@okaxis,532119640610,120.0,,1512831.81
10 Oct 2024,10 Oct 2024,ATM WDL/2660/MARATHAHALLI,071344050220,310.0,,1512521.81
10 Oct 2024,10 Oct 2024,ATM WDL/7008/HYDERABAD,222994807673,5200.0,,1507321.81
12 Oct 2024,12 Oct 2024,ATM WDL/9901/INDIRANAGAR,392877909304,999.0,,1506322.81
12 Oct 2024,12 Oct 2024,BY TRANSFER-INB IMPS599058011037/6092929002/XX8623/Remitly Tr-,MAC9517931312,,18500.0,1524822.81
12 Oct 2024,12 Oct 2024,NEFT-724065433950-SOUTHERN RETAILS-REIMB-051322-HDFC0672595,110498436260,,18500.0,1543322.81
12 Oct 2024,12 Oct 2024,TO TRANSFER-UPI/178814702140/arjunmehta407@ybl,178814702140,79.0,,1543243.81
13 Oct 2024,13 Oct 2024,TO CLEARING-CIT PVR CINEMAS 415295,904389550932,3499.0,,1539744.81
14 Oct 2024,14 Oct 2024,ATM WDL/2623/HSR LAYOUT,661900910079,249.0,,1539495.81
14 Oct 2024,14 Oct 2024,ATM WDL/3361/MARATHAHALLI,292972820431,2380.0,,1537115.81
18 Oct 2024,18 Oct 2024,TO TRANSFER-UPI/531202743887/harishmeno999@paytm,531202743887,1680.0,,1535435.81
18 Oct 2024,18 Oct 2024,POS/3645/APOLLO PHARMACY/SECUNDERABAD,288668510381,449.0,,1534986.81
19 Oct 2024,19 Oct 2024,BY TRANSFER-INB IMPS296617962237/0776638233/XX5290/Remitly Tr-,MAC7949002312,,2500.0,1537486.81
21 Oct 2024,21 Oct 2024,POS/3185/RELIANCE FRESH/BANJARA HILLS,189209966884,699.0,,1536787.81
21 Oct 2024,21 Oct 2024,TO TRANSFER-UPI/867497503284/priyanair446@okaxis,867497503284,699.0,,1536088.81
22 Oct 2024,22 Oct 2024,BY TRANSFER-INB IMPS353252491964/1951646135/XX0366/Remitly Tr-,MAC9969729719,,850.0,1536938.81
23 Oct 2024,23 Oct 2024,TO CLEARING-CIT AIRTEL 725059,524911960604,7800.0,,1529138.81
24 Oct 2024,24 Oct 2024,TO CLEARING-CIT AIRTEL 377146,165839666381,850.0,,1528288.81
26 Oct 2024,26 Oct 2024,TO TRANSFER-UPI/458081929079/sunilshett756@okaxis,458081929079,120.0,,1528168.81
27 Oct 2024,27 Oct 2024,POS/4458/BPCL/MYSURU,262081534169,49.0,,1528119.81
1 Nov 2024,1 Nov 2024,BY TRANSFER-0497848616092 SALARY RAJENDRA PRA,708190312758,,78000.0,1606119.81
3 Nov 2024,3 Nov 2024,BY TRANSFER-INB IMPS101821086957/8123876825/XX3423/Remitly Tr-,MAC1152619795,,4800.0,1610919.81
3 Nov 2024,3 Nov 2024,TO TRANSFER-UPI/107019118248/vikramnair79@ybl,107019118248,850.0,,1610069.81
4 Nov 2024,4 Nov 2024,BY TRANSFER-INB IMPS509486525658/2254182320/XX4634/Remitly Tr-,MAC9710812108,,1200.0,1611269.81
4 Nov 2024,4 Nov 2024,NEFT-534950639469-SOUTHERN RETAILS-REIMB-051322-HDFC0640352,413158662114,,24000.0,1635269.81
4 Nov 2024,4 Nov 2024,BY TRANSFER-INB IMPS292465876287/7989377949/XX5412/Remitly Tr-,MAC6203904540,,18500.0,1653769.81
4 Nov 2024,4 Nov 2024,NEFT DR-HDFC0671248-RAHUL SINGH-975530329881-RENT,853096532891,31000.0,,1622769.81
7 Nov 2024,7 Nov 2024,TO CLEARING-CIT BPCL 815176,745483078446,1680.0,,1621089.81
7 Nov 2024,7 Nov 2024,POS/8880/OLA/WHITEFIELD,175378643587,449.0,,1620640.81
7 Nov 2024,7 Nov 2024,TO TRANSFER-UPI/963158419228/meerapilla716@oksbi,963158419228,79.0,,1620561.81
7 Nov 2024,7 Nov 2024,ATM WDL/4060/INDIRANAGAR,273784521910,1680.0,,1618881.81
8 Nov 2024,8 Nov 2024,POS/5944/FLIPKART/BTM LAYOUT,176987518795,999.0,,1617882.81
9 Nov 2024,9 Nov 2024,TO CLEARING-CIT BPCL 203206,576960379395,850.0,,1617032.81
10 Nov 2024,10 Nov 2024,POS/7914/OLA/KORAMANGALA,979406949198,699.0,,1616333.81
11 Nov 2024,11 Nov 2024,TO CLEARING-CIT ZOMATO 854271,560688955434,5200.0,,1611133.81
11 Nov 2024,11 Nov 2024,TO TRANSFER-UPI/024438622171/anjalirao115@oksbi,024438622171,3499.0,,1607634.81
12 Nov 2024,12 Nov 2024,BY TRANSFER-INB IMPS452613501731/6200961721/XX8317/Remitly Tr-,MAC0616224631,,850.0,1608484.81
12 Nov 2024,12 Nov 2024,ATM WDL/3382/MYSURU,408835528745,850.0,,1607634.81
14 Nov 2024,14 Nov 2024,POS/3024/UBER/MANGALURU,491453924954,310.0,,1607324.81
15 Nov 2024,15 Nov 2024,ATM WDL/6986/MYSURU,819353013270,249.0,,1607075.81
15 Nov 2024,15 Nov 2024,BY TRANSFER-INB IMPS573441310272/9489576740/XX1393/Remitly Tr-,MAC8155272638,,850.0,1607925.81
17 Nov 2024,17 Nov 2024,BY TRANSFER-INB IMPS666984598051/5443909271/XX5360/Remitly Tr-,MAC1853329223,,7500.0,1615425.81
17 Nov 2024,17 Nov 2024,ATM WDL/2223/MANGALURU,601416291946,1250.0,,1614175.81
17 Nov 2024,17 Nov 2024,BY TRANSFER-INB IMPS632911845381/2395674474/XX8385/Remitly Tr-,MAC9427513412,,7500.0,1621675.81
18 Nov 2024,18 Nov 2024,TO TRANSFER-UPI/949314460837/kavyareddy227@okaxis,949314460837,999.0,,1620676.81
21 Nov 2024,21 Nov 2024,TO CLEARING-CIT APOLLO PHARMACY 443497,301714533350,999.0,,1619677.81
25 Nov 2024,25 Nov 2024,ATM WDL/3281/SECUNDERABAD,987732644080,7800.0,,1611877.81
25 Nov 2024,25 Nov 2024,BY TRANSFER-INB IMPS595087244390/5986606572/XX3972/Remitly Tr-,MAC8105402820,,500.0,1612377.81
28 Nov 2024,28 Nov 2024,BY TRANSFER-INB IMPS272220646449/9242008156/XX9704/Remitly Tr-,MAC1782100681,,18500.0,1630877.81
28 Nov 2024,28 Nov 2024,BY TRANSFER-INB IMPS378141806140/6894678854/XX6099/Remitly Tr-,MAC2202682434,,1200.0,1632077.81
28 Nov 2024,28 Nov 2024,TO TRANSFER-UPI/788116907584/ayeshakhan510@ybl,788116907584,449.0,,1631628.81
28 Nov 2024,28 Nov 2024,POS/1310/HPCL/INDIRANAGAR,189457616651,249.0,,1631379.81
28 Nov 2024,28 Nov 2024,POS/3483/BOOKMYSHOW/PUNE,010669535124,2380.0,,1628999.81
29 Nov 2024,29 Nov 2024,BY TRANSFER-INB IMPS923084820175/2817120662/XX0207/Remitly Tr-,MAC2316653695,,500.0,1629499.81
29 Nov 2024,29 Nov 2024,TO TRANSFER-UPI/013986592684/poojasharm47@okaxis,013986592684,999.0,,1628500.81
